DEBUG - 2025-07-24 04:16:54 --> Session: Class initialized using 'CodeIgniter\Session\Handlers\FileHandler' driver.
DEBUG - 2025-07-24 04:16:58 --> Session: Class initialized using 'CodeIgniter\Session\Handlers\FileHandler' driver.
DEBUG - 2025-07-24 04:16:59 --> Session: Class initialized using 'CodeIgniter\Session\Handlers\FileHandler' driver.
DEBUG - 2025-07-24 04:17:01 --> Session: Class initialized using 'CodeIgniter\Session\Handlers\FileHandler' driver.
DEBUG - 2025-07-24 04:17:02 --> Session: Class initialized using 'CodeIgniter\Session\Handlers\FileHandler' driver.
DEBUG - 2025-07-24 04:17:03 --> Session: Class initialized using 'CodeIgniter\Session\Handlers\FileHandler' driver.
ERROR - 2025-07-24 04:17:06 --> mysqli_sql_exception: Column 'upload_inventory_id' cannot be null in C:\xampp\htdocs\pinestore\system\Database\MySQLi\Connection.php:327
Stack trace:
#0 C:\xampp\htdocs\pinestore\system\Database\MySQLi\Connection.php(327): mysqli->query('INSERT INTO `cu...', 0)
#1 C:\xampp\htdocs\pinestore\system\Database\BaseConnection.php(738): CodeIgniter\Database\MySQLi\Connection->execute('INSERT INTO `cu...')
#2 C:\xampp\htdocs\pinestore\system\Database\BaseConnection.php(652): CodeIgniter\Database\BaseConnection->simpleQuery('INSERT INTO `cu...')
#3 C:\xampp\htdocs\pinestore\system\Database\BaseBuilder.php(2345): CodeIgniter\Database\BaseConnection->query('INSERT INTO `cu...', Array, false)
#4 C:\xampp\htdocs\pinestore\system\Model.php(394): CodeIgniter\Database\BaseBuilder->insert()
#5 C:\xampp\htdocs\pinestore\system\BaseModel.php(839): CodeIgniter\Model->doInsert(Array)
#6 C:\xampp\htdocs\pinestore\system\Model.php(800): CodeIgniter\BaseModel->insert(Array, true)
#7 C:\xampp\htdocs\pinestore\app\Controllers\Home.php(332): CodeIgniter\Model->insert(Array)
#8 C:\xampp\htdocs\pinestore\system\CodeIgniter.php(933): App\Controllers\Home->addInventory()
#9 C:\xampp\htdocs\pinestore\system\CodeIgniter.php(507): CodeIgniter\CodeIgniter->runController(Object(App\Controllers\Home))
#10 C:\xampp\htdocs\pinestore\system\CodeIgniter.php(354): CodeIgniter\CodeIgniter->handleRequest(NULL, Object(Config\Cache), false)
#11 C:\xampp\htdocs\pinestore\system\Boot.php(334): CodeIgniter\CodeIgniter->run()
#12 C:\xampp\htdocs\pinestore\system\Boot.php(67): CodeIgniter\Boot::runCodeIgniter(Object(CodeIgniter\CodeIgniter))
#13 C:\xampp\htdocs\pinestore\index.php(56): CodeIgniter\Boot::bootWeb(Object(Config\Paths))
#14 {main}
CRITICAL - 2025-07-24 04:17:06 --> CodeIgniter\Database\Exceptions\DatabaseException: Column 'upload_inventory_id' cannot be null
[Method: POST, Route: inventory/add]
in SYSTEMPATH\Database\BaseConnection.php on line 692.
 1 SYSTEMPATH\Database\BaseBuilder.php(2345): CodeIgniter\Database\BaseConnection->query('INSERT INTO `customer_inventory` (`upload_inventory_id`, `item_name`, `quantity`) VALUES (:upload_inventory_id:, :item_name:, :quantity:)', [...], false)
 2 SYSTEMPATH\Model.php(394): CodeIgniter\Database\BaseBuilder->insert()
 3 SYSTEMPATH\BaseModel.php(839): CodeIgniter\Model->doInsert([...])
 4 SYSTEMPATH\Model.php(800): CodeIgniter\BaseModel->insert([...], true)
 5 APPPATH\Controllers\Home.php(332): CodeIgniter\Model->insert([...])
 6 SYSTEMPATH\CodeIgniter.php(933): App\Controllers\Home->addInventory()
 7 SYSTEMPATH\CodeIgniter.php(507): CodeIgniter\CodeIgniter->runController(Object(App\Controllers\Home))
 8 SYSTEMPATH\CodeIgniter.php(354): CodeIgniter\CodeIgniter->handleRequest(null, Object(Config\Cache), false)
 9 SYSTEMPATH\Boot.php(334): CodeIgniter\CodeIgniter->run()
10 SYSTEMPATH\Boot.php(67): CodeIgniter\Boot::runCodeIgniter(Object(CodeIgniter\CodeIgniter))
11 FCPATH\index.php(56): CodeIgniter\Boot::bootWeb(Object(Config\Paths))
CRITICAL - 2025-07-24 04:17:06 --> [Caused by] CodeIgniter\Database\Exceptions\DatabaseException: Column 'upload_inventory_id' cannot be null
in SYSTEMPATH\Database\MySQLi\Connection.php on line 332.
 1 SYSTEMPATH\Database\BaseConnection.php(738): CodeIgniter\Database\MySQLi\Connection->execute('INSERT INTO `customer_inventory` (`upload_inventory_id`, `item_name`, `quantity`) VALUES (NULL, NULL, 10)')
 2 SYSTEMPATH\Database\BaseConnection.php(652): CodeIgniter\Database\BaseConnection->simpleQuery('INSERT INTO `customer_inventory` (`upload_inventory_id`, `item_name`, `quantity`) VALUES (NULL, NULL, 10)')
 3 SYSTEMPATH\Database\BaseBuilder.php(2345): CodeIgniter\Database\BaseConnection->query('INSERT INTO `customer_inventory` (`upload_inventory_id`, `item_name`, `quantity`) VALUES (:upload_inventory_id:, :item_name:, :quantity:)', [...], false)
 4 SYSTEMPATH\Model.php(394): CodeIgniter\Database\BaseBuilder->insert()
 5 SYSTEMPATH\BaseModel.php(839): CodeIgniter\Model->doInsert([...])
 6 SYSTEMPATH\Model.php(800): CodeIgniter\BaseModel->insert([...], true)
 7 APPPATH\Controllers\Home.php(332): CodeIgniter\Model->insert([...])
 8 SYSTEMPATH\CodeIgniter.php(933): App\Controllers\Home->addInventory()
 9 SYSTEMPATH\CodeIgniter.php(507): CodeIgniter\CodeIgniter->runController(Object(App\Controllers\Home))
10 SYSTEMPATH\CodeIgniter.php(354): CodeIgniter\CodeIgniter->handleRequest(null, Object(Config\Cache), false)
11 SYSTEMPATH\Boot.php(334): CodeIgniter\CodeIgniter->run()
12 SYSTEMPATH\Boot.php(67): CodeIgniter\Boot::runCodeIgniter(Object(CodeIgniter\CodeIgniter))
13 FCPATH\index.php(56): CodeIgniter\Boot::bootWeb(Object(Config\Paths))
CRITICAL - 2025-07-24 04:17:06 --> [Caused by] mysqli_sql_exception: Column 'upload_inventory_id' cannot be null
in SYSTEMPATH\Database\MySQLi\Connection.php on line 327.
 1 SYSTEMPATH\Database\MySQLi\Connection.php(327): mysqli->query('INSERT INTO `customer_inventory` (`upload_inventory_id`, `item_name`, `quantity`) VALUES (NULL, NULL, 10)', 0)
 2 SYSTEMPATH\Database\BaseConnection.php(738): CodeIgniter\Database\MySQLi\Connection->execute('INSERT INTO `customer_inventory` (`upload_inventory_id`, `item_name`, `quantity`) VALUES (NULL, NULL, 10)')
 3 SYSTEMPATH\Database\BaseConnection.php(652): CodeIgniter\Database\BaseConnection->simpleQuery('INSERT INTO `customer_inventory` (`upload_inventory_id`, `item_name`, `quantity`) VALUES (NULL, NULL, 10)')
 4 SYSTEMPATH\Database\BaseBuilder.php(2345): CodeIgniter\Database\BaseConnection->query('INSERT INTO `customer_inventory` (`upload_inventory_id`, `item_name`, `quantity`) VALUES (:upload_inventory_id:, :item_name:, :quantity:)', [...], false)
 5 SYSTEMPATH\Model.php(394): CodeIgniter\Database\BaseBuilder->insert()
 6 SYSTEMPATH\BaseModel.php(839): CodeIgniter\Model->doInsert([...])
 7 SYSTEMPATH\Model.php(800): CodeIgniter\BaseModel->insert([...], true)
 8 APPPATH\Controllers\Home.php(332): CodeIgniter\Model->insert([...])
 9 SYSTEMPATH\CodeIgniter.php(933): App\Controllers\Home->addInventory()
10 SYSTEMPATH\CodeIgniter.php(507): CodeIgniter\CodeIgniter->runController(Object(App\Controllers\Home))
11 SYSTEMPATH\CodeIgniter.php(354): CodeIgniter\CodeIgniter->handleRequest(null, Object(Config\Cache), false)
12 SYSTEMPATH\Boot.php(334): CodeIgniter\CodeIgniter->run()
13 SYSTEMPATH\Boot.php(67): CodeIgniter\Boot::runCodeIgniter(Object(CodeIgniter\CodeIgniter))
14 FCPATH\index.php(56): CodeIgniter\Boot::bootWeb(Object(Config\Paths))
DEBUG - 2025-07-24 04:18:32 --> Session: Class initialized using 'CodeIgniter\Session\Handlers\FileHandler' driver.
DEBUG - 2025-07-24 04:26:58 --> Session: Class initialized using 'CodeIgniter\Session\Handlers\FileHandler' driver.
DEBUG - 2025-07-24 04:26:59 --> Session: Class initialized using 'CodeIgniter\Session\Handlers\FileHandler' driver.
DEBUG - 2025-07-24 04:27:07 --> Session: Class initialized using 'CodeIgniter\Session\Handlers\FileHandler' driver.
DEBUG - 2025-07-24 04:27:07 --> Session: Class initialized using 'CodeIgniter\Session\Handlers\FileHandler' driver.
DEBUG - 2025-07-24 04:27:16 --> Session: Class initialized using 'CodeIgniter\Session\Handlers\FileHandler' driver.
DEBUG - 2025-07-24 04:27:16 --> Session: Class initialized using 'CodeIgniter\Session\Handlers\FileHandler' driver.
DEBUG - 2025-07-24 04:27:59 --> Session: Class initialized using 'CodeIgniter\Session\Handlers\FileHandler' driver.
DEBUG - 2025-07-24 04:27:59 --> Session: Class initialized using 'CodeIgniter\Session\Handlers\FileHandler' driver.
DEBUG - 2025-07-24 04:28:00 --> Session: Class initialized using 'CodeIgniter\Session\Handlers\FileHandler' driver.
DEBUG - 2025-07-24 04:28:00 --> Session: Class initialized using 'CodeIgniter\Session\Handlers\FileHandler' driver.
DEBUG - 2025-07-24 04:28:00 --> Session: Class initialized using 'CodeIgniter\Session\Handlers\FileHandler' driver.
DEBUG - 2025-07-24 04:28:00 --> Session: Class initialized using 'CodeIgniter\Session\Handlers\FileHandler' driver.
DEBUG - 2025-07-24 04:28:17 --> Session: Class initialized using 'CodeIgniter\Session\Handlers\FileHandler' driver.
DEBUG - 2025-07-24 04:28:18 --> Session: Class initialized using 'CodeIgniter\Session\Handlers\FileHandler' driver.
DEBUG - 2025-07-24 04:28:18 --> Session: Class initialized using 'CodeIgniter\Session\Handlers\FileHandler' driver.
DEBUG - 2025-07-24 04:28:18 --> Session: Class initialized using 'CodeIgniter\Session\Handlers\FileHandler' driver.
DEBUG - 2025-07-24 04:29:30 --> Session: Class initialized using 'CodeIgniter\Session\Handlers\FileHandler' driver.
DEBUG - 2025-07-24 04:29:30 --> Session: Class initialized using 'CodeIgniter\Session\Handlers\FileHandler' driver.
DEBUG - 2025-07-24 04:29:41 --> Session: Class initialized using 'CodeIgniter\Session\Handlers\FileHandler' driver.
DEBUG - 2025-07-24 04:29:42 --> Session: Class initialized using 'CodeIgniter\Session\Handlers\FileHandler' driver.
DEBUG - 2025-07-24 04:29:44 --> Session: Class initialized using 'CodeIgniter\Session\Handlers\FileHandler' driver.
DEBUG - 2025-07-24 04:29:45 --> Session: Class initialized using 'CodeIgniter\Session\Handlers\FileHandler' driver.
DEBUG - 2025-07-24 04:30:04 --> Session: Class initialized using 'CodeIgniter\Session\Handlers\FileHandler' driver.
DEBUG - 2025-07-24 04:30:04 --> Session: Class initialized using 'CodeIgniter\Session\Handlers\FileHandler' driver.
ERROR - 2025-07-24 04:35:05 --> Error connecting to the database: mysqli_sql_exception: No connection could be made because the target machine actively refused it in C:\xampp\htdocs\pinestore\system\Database\MySQLi\Connection.php:201
Stack trace:
#0 C:\xampp\htdocs\pinestore\system\Database\MySQLi\Connection.php(201): mysqli->real_connect('localhost', 'root', Object(SensitiveParameterValue), 'infosmart', 3306, '', 0)
#1 C:\xampp\htdocs\pinestore\system\Database\BaseConnection.php(421): CodeIgniter\Database\MySQLi\Connection->connect(false)
#2 C:\xampp\htdocs\pinestore\system\Database\BaseConnection.php(620): CodeIgniter\Database\BaseConnection->initialize()
#3 C:\xampp\htdocs\pinestore\system\Database\BaseBuilder.php(1649): CodeIgniter\Database\BaseConnection->query('SELECT *\nFROM `...', Array, false)
#4 C:\xampp\htdocs\pinestore\app\Controllers\Home.php(146): CodeIgniter\Database\BaseBuilder->get()
#5 C:\xampp\htdocs\pinestore\system\CodeIgniter.php(933): App\Controllers\Home->viewInventory('151')
#6 C:\xampp\htdocs\pinestore\system\CodeIgniter.php(507): CodeIgniter\CodeIgniter->runController(Object(App\Controllers\Home))
#7 C:\xampp\htdocs\pinestore\system\CodeIgniter.php(354): CodeIgniter\CodeIgniter->handleRequest(NULL, Object(Config\Cache), false)
#8 C:\xampp\htdocs\pinestore\system\Boot.php(334): CodeIgniter\CodeIgniter->run()
#9 C:\xampp\htdocs\pinestore\system\Boot.php(67): CodeIgniter\Boot::runCodeIgniter(Object(CodeIgniter\CodeIgniter))
#10 C:\xampp\htdocs\pinestore\index.php(56): CodeIgniter\Boot::bootWeb(Object(Config\Paths))
#11 {main}

Next CodeIgniter\Database\Exceptions\DatabaseException: No connection could be made because the target machine actively refused it in C:\xampp\htdocs\pinestore\system\Database\MySQLi\Connection.php:246
Stack trace:
#0 C:\xampp\htdocs\pinestore\system\Database\BaseConnection.php(421): CodeIgniter\Database\MySQLi\Connection->connect(false)
#1 C:\xampp\htdocs\pinestore\system\Database\BaseConnection.php(620): CodeIgniter\Database\BaseConnection->initialize()
#2 C:\xampp\htdocs\pinestore\system\Database\BaseBuilder.php(1649): CodeIgniter\Database\BaseConnection->query('SELECT *\nFROM `...', Array, false)
#3 C:\xampp\htdocs\pinestore\app\Controllers\Home.php(146): CodeIgniter\Database\BaseBuilder->get()
#4 C:\xampp\htdocs\pinestore\system\CodeIgniter.php(933): App\Controllers\Home->viewInventory('151')
#5 C:\xampp\htdocs\pinestore\system\CodeIgniter.php(507): CodeIgniter\CodeIgniter->runController(Object(App\Controllers\Home))
#6 C:\xampp\htdocs\pinestore\system\CodeIgniter.php(354): CodeIgniter\CodeIgniter->handleRequest(NULL, Object(Config\Cache), false)
#7 C:\xampp\htdocs\pinestore\system\Boot.php(334): CodeIgniter\CodeIgniter->run()
#8 C:\xampp\htdocs\pinestore\system\Boot.php(67): CodeIgniter\Boot::runCodeIgniter(Object(CodeIgniter\CodeIgniter))
#9 C:\xampp\htdocs\pinestore\index.php(56): CodeIgniter\Boot::bootWeb(Object(Config\Paths))
#10 {main}
CRITICAL - 2025-07-24 04:35:05 --> CodeIgniter\Database\Exceptions\DatabaseException: Unable to connect to the database.
Main connection [MySQLi]: No connection could be made because the target machine actively refused it
[Method: GET, Route: inventory/view/151]
in SYSTEMPATH\Database\BaseConnection.php on line 467.
 1 SYSTEMPATH\Database\BaseConnection.php(620): CodeIgniter\Database\BaseConnection->initialize()
 2 SYSTEMPATH\Database\BaseBuilder.php(1649): CodeIgniter\Database\BaseConnection->query('SELECT *
FROM `customer_inventory`
WHERE `upload_inventory_id` = :upload_inventory_id:', [...], false)
 3 APPPATH\Controllers\Home.php(146): CodeIgniter\Database\BaseBuilder->get()
 4 SYSTEMPATH\CodeIgniter.php(933): App\Controllers\Home->viewInventory('151')
 5 SYSTEMPATH\CodeIgniter.php(507): CodeIgniter\CodeIgniter->runController(Object(App\Controllers\Home))
 6 SYSTEMPATH\CodeIgniter.php(354): CodeIgniter\CodeIgniter->handleRequest(null, Object(Config\Cache), false)
 7 SYSTEMPATH\Boot.php(334): CodeIgniter\CodeIgniter->run()
 8 SYSTEMPATH\Boot.php(67): CodeIgniter\Boot::runCodeIgniter(Object(CodeIgniter\CodeIgniter))
 9 FCPATH\index.php(56): CodeIgniter\Boot::bootWeb(Object(Config\Paths))
ERROR - 2025-07-24 04:35:10 --> Error connecting to the database: mysqli_sql_exception: No connection could be made because the target machine actively refused it in C:\xampp\htdocs\pinestore\system\Database\MySQLi\Connection.php:201
Stack trace:
#0 C:\xampp\htdocs\pinestore\system\Database\MySQLi\Connection.php(201): mysqli->real_connect('localhost', 'root', Object(SensitiveParameterValue), 'infosmart', 3306, '', 0)
#1 C:\xampp\htdocs\pinestore\system\Database\BaseConnection.php(421): CodeIgniter\Database\MySQLi\Connection->connect(false)
#2 C:\xampp\htdocs\pinestore\system\Database\BaseConnection.php(620): CodeIgniter\Database\BaseConnection->initialize()
#3 C:\xampp\htdocs\pinestore\system\Database\BaseBuilder.php(1649): CodeIgniter\Database\BaseConnection->query('SELECT *\nFROM `...', Array, false)
#4 C:\xampp\htdocs\pinestore\app\Controllers\Home.php(146): CodeIgniter\Database\BaseBuilder->get()
#5 C:\xampp\htdocs\pinestore\system\CodeIgniter.php(933): App\Controllers\Home->viewInventory('151')
#6 C:\xampp\htdocs\pinestore\system\CodeIgniter.php(507): CodeIgniter\CodeIgniter->runController(Object(App\Controllers\Home))
#7 C:\xampp\htdocs\pinestore\system\CodeIgniter.php(354): CodeIgniter\CodeIgniter->handleRequest(NULL, Object(Config\Cache), false)
#8 C:\xampp\htdocs\pinestore\system\Boot.php(334): CodeIgniter\CodeIgniter->run()
#9 C:\xampp\htdocs\pinestore\system\Boot.php(67): CodeIgniter\Boot::runCodeIgniter(Object(CodeIgniter\CodeIgniter))
#10 C:\xampp\htdocs\pinestore\index.php(56): CodeIgniter\Boot::bootWeb(Object(Config\Paths))
#11 {main}

Next CodeIgniter\Database\Exceptions\DatabaseException: No connection could be made because the target machine actively refused it in C:\xampp\htdocs\pinestore\system\Database\MySQLi\Connection.php:246
Stack trace:
#0 C:\xampp\htdocs\pinestore\system\Database\BaseConnection.php(421): CodeIgniter\Database\MySQLi\Connection->connect(false)
#1 C:\xampp\htdocs\pinestore\system\Database\BaseConnection.php(620): CodeIgniter\Database\BaseConnection->initialize()
#2 C:\xampp\htdocs\pinestore\system\Database\BaseBuilder.php(1649): CodeIgniter\Database\BaseConnection->query('SELECT *\nFROM `...', Array, false)
#3 C:\xampp\htdocs\pinestore\app\Controllers\Home.php(146): CodeIgniter\Database\BaseBuilder->get()
#4 C:\xampp\htdocs\pinestore\system\CodeIgniter.php(933): App\Controllers\Home->viewInventory('151')
#5 C:\xampp\htdocs\pinestore\system\CodeIgniter.php(507): CodeIgniter\CodeIgniter->runController(Object(App\Controllers\Home))
#6 C:\xampp\htdocs\pinestore\system\CodeIgniter.php(354): CodeIgniter\CodeIgniter->handleRequest(NULL, Object(Config\Cache), false)
#7 C:\xampp\htdocs\pinestore\system\Boot.php(334): CodeIgniter\CodeIgniter->run()
#8 C:\xampp\htdocs\pinestore\system\Boot.php(67): CodeIgniter\Boot::runCodeIgniter(Object(CodeIgniter\CodeIgniter))
#9 C:\xampp\htdocs\pinestore\index.php(56): CodeIgniter\Boot::bootWeb(Object(Config\Paths))
#10 {main}
CRITICAL - 2025-07-24 04:35:10 --> CodeIgniter\Database\Exceptions\DatabaseException: Unable to connect to the database.
Main connection [MySQLi]: No connection could be made because the target machine actively refused it
[Method: GET, Route: inventory/view/151]
in SYSTEMPATH\Database\BaseConnection.php on line 467.
 1 SYSTEMPATH\Database\BaseConnection.php(620): CodeIgniter\Database\BaseConnection->initialize()
 2 SYSTEMPATH\Database\BaseBuilder.php(1649): CodeIgniter\Database\BaseConnection->query('SELECT *
FROM `customer_inventory`
WHERE `upload_inventory_id` = :upload_inventory_id:', [...], false)
 3 APPPATH\Controllers\Home.php(146): CodeIgniter\Database\BaseBuilder->get()
 4 SYSTEMPATH\CodeIgniter.php(933): App\Controllers\Home->viewInventory('151')
 5 SYSTEMPATH\CodeIgniter.php(507): CodeIgniter\CodeIgniter->runController(Object(App\Controllers\Home))
 6 SYSTEMPATH\CodeIgniter.php(354): CodeIgniter\CodeIgniter->handleRequest(null, Object(Config\Cache), false)
 7 SYSTEMPATH\Boot.php(334): CodeIgniter\CodeIgniter->run()
 8 SYSTEMPATH\Boot.php(67): CodeIgniter\Boot::runCodeIgniter(Object(CodeIgniter\CodeIgniter))
 9 FCPATH\index.php(56): CodeIgniter\Boot::bootWeb(Object(Config\Paths))
ERROR - 2025-07-24 04:35:24 --> Error connecting to the database: mysqli_sql_exception: No connection could be made because the target machine actively refused it in C:\xampp\htdocs\pinestore\system\Database\MySQLi\Connection.php:201
Stack trace:
#0 C:\xampp\htdocs\pinestore\system\Database\MySQLi\Connection.php(201): mysqli->real_connect('localhost', 'root', Object(SensitiveParameterValue), 'infosmart', 3306, '', 0)
#1 C:\xampp\htdocs\pinestore\system\Database\BaseConnection.php(421): CodeIgniter\Database\MySQLi\Connection->connect(false)
#2 C:\xampp\htdocs\pinestore\system\Database\BaseConnection.php(620): CodeIgniter\Database\BaseConnection->initialize()
#3 C:\xampp\htdocs\pinestore\system\Database\BaseBuilder.php(1649): CodeIgniter\Database\BaseConnection->query('SELECT *\nFROM `...', Array, false)
#4 C:\xampp\htdocs\pinestore\app\Controllers\Home.php(146): CodeIgniter\Database\BaseBuilder->get()
#5 C:\xampp\htdocs\pinestore\system\CodeIgniter.php(933): App\Controllers\Home->viewInventory('151')
#6 C:\xampp\htdocs\pinestore\system\CodeIgniter.php(507): CodeIgniter\CodeIgniter->runController(Object(App\Controllers\Home))
#7 C:\xampp\htdocs\pinestore\system\CodeIgniter.php(354): CodeIgniter\CodeIgniter->handleRequest(NULL, Object(Config\Cache), false)
#8 C:\xampp\htdocs\pinestore\system\Boot.php(334): CodeIgniter\CodeIgniter->run()
#9 C:\xampp\htdocs\pinestore\system\Boot.php(67): CodeIgniter\Boot::runCodeIgniter(Object(CodeIgniter\CodeIgniter))
#10 C:\xampp\htdocs\pinestore\index.php(56): CodeIgniter\Boot::bootWeb(Object(Config\Paths))
#11 {main}

Next CodeIgniter\Database\Exceptions\DatabaseException: No connection could be made because the target machine actively refused it in C:\xampp\htdocs\pinestore\system\Database\MySQLi\Connection.php:246
Stack trace:
#0 C:\xampp\htdocs\pinestore\system\Database\BaseConnection.php(421): CodeIgniter\Database\MySQLi\Connection->connect(false)
#1 C:\xampp\htdocs\pinestore\system\Database\BaseConnection.php(620): CodeIgniter\Database\BaseConnection->initialize()
#2 C:\xampp\htdocs\pinestore\system\Database\BaseBuilder.php(1649): CodeIgniter\Database\BaseConnection->query('SELECT *\nFROM `...', Array, false)
#3 C:\xampp\htdocs\pinestore\app\Controllers\Home.php(146): CodeIgniter\Database\BaseBuilder->get()
#4 C:\xampp\htdocs\pinestore\system\CodeIgniter.php(933): App\Controllers\Home->viewInventory('151')
#5 C:\xampp\htdocs\pinestore\system\CodeIgniter.php(507): CodeIgniter\CodeIgniter->runController(Object(App\Controllers\Home))
#6 C:\xampp\htdocs\pinestore\system\CodeIgniter.php(354): CodeIgniter\CodeIgniter->handleRequest(NULL, Object(Config\Cache), false)
#7 C:\xampp\htdocs\pinestore\system\Boot.php(334): CodeIgniter\CodeIgniter->run()
#8 C:\xampp\htdocs\pinestore\system\Boot.php(67): CodeIgniter\Boot::runCodeIgniter(Object(CodeIgniter\CodeIgniter))
#9 C:\xampp\htdocs\pinestore\index.php(56): CodeIgniter\Boot::bootWeb(Object(Config\Paths))
#10 {main}
CRITICAL - 2025-07-24 04:35:24 --> CodeIgniter\Database\Exceptions\DatabaseException: Unable to connect to the database.
Main connection [MySQLi]: No connection could be made because the target machine actively refused it
[Method: GET, Route: inventory/view/151]
in SYSTEMPATH\Database\BaseConnection.php on line 467.
 1 SYSTEMPATH\Database\BaseConnection.php(620): CodeIgniter\Database\BaseConnection->initialize()
 2 SYSTEMPATH\Database\BaseBuilder.php(1649): CodeIgniter\Database\BaseConnection->query('SELECT *
FROM `customer_inventory`
WHERE `upload_inventory_id` = :upload_inventory_id:', [...], false)
 3 APPPATH\Controllers\Home.php(146): CodeIgniter\Database\BaseBuilder->get()
 4 SYSTEMPATH\CodeIgniter.php(933): App\Controllers\Home->viewInventory('151')
 5 SYSTEMPATH\CodeIgniter.php(507): CodeIgniter\CodeIgniter->runController(Object(App\Controllers\Home))
 6 SYSTEMPATH\CodeIgniter.php(354): CodeIgniter\CodeIgniter->handleRequest(null, Object(Config\Cache), false)
 7 SYSTEMPATH\Boot.php(334): CodeIgniter\CodeIgniter->run()
 8 SYSTEMPATH\Boot.php(67): CodeIgniter\Boot::runCodeIgniter(Object(CodeIgniter\CodeIgniter))
 9 FCPATH\index.php(56): CodeIgniter\Boot::bootWeb(Object(Config\Paths))
DEBUG - 2025-07-24 04:35:35 --> Session: Class initialized using 'CodeIgniter\Session\Handlers\FileHandler' driver.
DEBUG - 2025-07-24 04:35:38 --> Session: Class initialized using 'CodeIgniter\Session\Handlers\FileHandler' driver.
ERROR - 2025-07-24 04:35:42 --> Error connecting to the database: mysqli_sql_exception: No connection could be made because the target machine actively refused it in C:\xampp\htdocs\pinestore\system\Database\MySQLi\Connection.php:201
Stack trace:
#0 C:\xampp\htdocs\pinestore\system\Database\MySQLi\Connection.php(201): mysqli->real_connect('localhost', 'root', Object(SensitiveParameterValue), 'infosmart', 3306, '', 0)
#1 C:\xampp\htdocs\pinestore\system\Database\BaseConnection.php(421): CodeIgniter\Database\MySQLi\Connection->connect(false)
#2 C:\xampp\htdocs\pinestore\system\Database\BaseConnection.php(620): CodeIgniter\Database\BaseConnection->initialize()
#3 C:\xampp\htdocs\pinestore\system\Database\BaseBuilder.php(1649): CodeIgniter\Database\BaseConnection->query('SELECT *\nFROM `...', Array, false)
#4 C:\xampp\htdocs\pinestore\system\Model.php(330): CodeIgniter\Database\BaseBuilder->get()
#5 C:\xampp\htdocs\pinestore\system\BaseModel.php(713): CodeIgniter\Model->doFirst()
#6 C:\xampp\htdocs\pinestore\app\Controllers\Login.php(20): CodeIgniter\BaseModel->first()
#7 C:\xampp\htdocs\pinestore\system\CodeIgniter.php(933): App\Controllers\Login->login()
#8 C:\xampp\htdocs\pinestore\system\CodeIgniter.php(507): CodeIgniter\CodeIgniter->runController(Object(App\Controllers\Login))
#9 C:\xampp\htdocs\pinestore\system\CodeIgniter.php(354): CodeIgniter\CodeIgniter->handleRequest(NULL, Object(Config\Cache), false)
#10 C:\xampp\htdocs\pinestore\system\Boot.php(334): CodeIgniter\CodeIgniter->run()
#11 C:\xampp\htdocs\pinestore\system\Boot.php(67): CodeIgniter\Boot::runCodeIgniter(Object(CodeIgniter\CodeIgniter))
#12 C:\xampp\htdocs\pinestore\index.php(56): CodeIgniter\Boot::bootWeb(Object(Config\Paths))
#13 {main}

Next CodeIgniter\Database\Exceptions\DatabaseException: No connection could be made because the target machine actively refused it in C:\xampp\htdocs\pinestore\system\Database\MySQLi\Connection.php:246
Stack trace:
#0 C:\xampp\htdocs\pinestore\system\Database\BaseConnection.php(421): CodeIgniter\Database\MySQLi\Connection->connect(false)
#1 C:\xampp\htdocs\pinestore\system\Database\BaseConnection.php(620): CodeIgniter\Database\BaseConnection->initialize()
#2 C:\xampp\htdocs\pinestore\system\Database\BaseBuilder.php(1649): CodeIgniter\Database\BaseConnection->query('SELECT *\nFROM `...', Array, false)
#3 C:\xampp\htdocs\pinestore\system\Model.php(330): CodeIgniter\Database\BaseBuilder->get()
#4 C:\xampp\htdocs\pinestore\system\BaseModel.php(713): CodeIgniter\Model->doFirst()
#5 C:\xampp\htdocs\pinestore\app\Controllers\Login.php(20): CodeIgniter\BaseModel->first()
#6 C:\xampp\htdocs\pinestore\system\CodeIgniter.php(933): App\Controllers\Login->login()
#7 C:\xampp\htdocs\pinestore\system\CodeIgniter.php(507): CodeIgniter\CodeIgniter->runController(Object(App\Controllers\Login))
#8 C:\xampp\htdocs\pinestore\system\CodeIgniter.php(354): CodeIgniter\CodeIgniter->handleRequest(NULL, Object(Config\Cache), false)
#9 C:\xampp\htdocs\pinestore\system\Boot.php(334): CodeIgniter\CodeIgniter->run()
#10 C:\xampp\htdocs\pinestore\system\Boot.php(67): CodeIgniter\Boot::runCodeIgniter(Object(CodeIgniter\CodeIgniter))
#11 C:\xampp\htdocs\pinestore\index.php(56): CodeIgniter\Boot::bootWeb(Object(Config\Paths))
#12 {main}
CRITICAL - 2025-07-24 04:35:42 --> CodeIgniter\Database\Exceptions\DatabaseException: Unable to connect to the database.
Main connection [MySQLi]: No connection could be made because the target machine actively refused it
[Method: POST, Route: login]
in SYSTEMPATH\Database\BaseConnection.php on line 467.
 1 SYSTEMPATH\Database\BaseConnection.php(620): CodeIgniter\Database\BaseConnection->initialize()
 2 SYSTEMPATH\Database\BaseBuilder.php(1649): CodeIgniter\Database\BaseConnection->query('SELECT *
FROM `info_users`
WHERE LOWER(email) = :LOWER(email):
 LIMIT 1', [...], false)
 3 SYSTEMPATH\Model.php(330): CodeIgniter\Database\BaseBuilder->get()
 4 SYSTEMPATH\BaseModel.php(713): CodeIgniter\Model->doFirst()
 5 APPPATH\Controllers\Login.php(20): CodeIgniter\BaseModel->first()
 6 SYSTEMPATH\CodeIgniter.php(933): App\Controllers\Login->login()
 7 SYSTEMPATH\CodeIgniter.php(507): CodeIgniter\CodeIgniter->runController(Object(App\Controllers\Login))
 8 SYSTEMPATH\CodeIgniter.php(354): CodeIgniter\CodeIgniter->handleRequest(null, Object(Config\Cache), false)
 9 SYSTEMPATH\Boot.php(334): CodeIgniter\CodeIgniter->run()
10 SYSTEMPATH\Boot.php(67): CodeIgniter\Boot::runCodeIgniter(Object(CodeIgniter\CodeIgniter))
11 FCPATH\index.php(56): CodeIgniter\Boot::bootWeb(Object(Config\Paths))
DEBUG - 2025-07-24 04:35:57 --> Session: Class initialized using 'CodeIgniter\Session\Handlers\FileHandler' driver.
DEBUG - 2025-07-24 04:35:57 --> Session: Class initialized using 'CodeIgniter\Session\Handlers\FileHandler' driver.
DEBUG - 2025-07-24 04:35:57 --> Session: Class initialized using 'CodeIgniter\Session\Handlers\FileHandler' driver.
DEBUG - 2025-07-24 04:35:59 --> Session: Class initialized using 'CodeIgniter\Session\Handlers\FileHandler' driver.
DEBUG - 2025-07-24 04:36:00 --> Session: Class initialized using 'CodeIgniter\Session\Handlers\FileHandler' driver.
DEBUG - 2025-07-24 04:36:25 --> Session: Class initialized using 'CodeIgniter\Session\Handlers\FileHandler' driver.
DEBUG - 2025-07-24 04:36:25 --> Session: Class initialized using 'CodeIgniter\Session\Handlers\FileHandler' driver.
DEBUG - 2025-07-24 04:45:26 --> Session: Class initialized using 'CodeIgniter\Session\Handlers\FileHandler' driver.
DEBUG - 2025-07-24 04:45:26 --> Session: Class initialized using 'CodeIgniter\Session\Handlers\FileHandler' driver.
DEBUG - 2025-07-24 04:45:27 --> Session: Class initialized using 'CodeIgniter\Session\Handlers\FileHandler' driver.
DEBUG - 2025-07-24 04:45:35 --> Session: Class initialized using 'CodeIgniter\Session\Handlers\FileHandler' driver.
DEBUG - 2025-07-24 04:45:35 --> Session: Class initialized using 'CodeIgniter\Session\Handlers\FileHandler' driver.
DEBUG - 2025-07-24 04:45:37 --> Session: Class initialized using 'CodeIgniter\Session\Handlers\FileHandler' driver.
DEBUG - 2025-07-24 04:45:38 --> Session: Class initialized using 'CodeIgniter\Session\Handlers\FileHandler' driver.
DEBUG - 2025-07-24 04:45:39 --> Session: Class initialized using 'CodeIgniter\Session\Handlers\FileHandler' driver.
DEBUG - 2025-07-24 04:45:40 --> Session: Class initialized using 'CodeIgniter\Session\Handlers\FileHandler' driver.
CRITICAL - 2025-07-24 04:45:44 --> CodeIgniter\HTTP\Exceptions\BadRequestException: The URI you submitted has disallowed characters: "${itemId}"
[Method: POST, Route: inventory/generate-barcode/$%7BitemId%7D]
in SYSTEMPATH\Router\Router.php on line 739.
 1 SYSTEMPATH\Router\Router.php(207): CodeIgniter\Router\Router->checkDisallowedChars('inventory/generate-barcode/${itemId}')
 2 SYSTEMPATH\CodeIgniter.php(832): CodeIgniter\Router\Router->handle('inventory/generate-barcode/${itemId}')
 3 SYSTEMPATH\CodeIgniter.php(455): CodeIgniter\CodeIgniter->tryToRouteIt(Object(CodeIgniter\Router\RouteCollection))
 4 SYSTEMPATH\CodeIgniter.php(354): CodeIgniter\CodeIgniter->handleRequest(null, Object(Config\Cache), false)
 5 SYSTEMPATH\Boot.php(334): CodeIgniter\CodeIgniter->run()
 6 SYSTEMPATH\Boot.php(67): CodeIgniter\Boot::runCodeIgniter(Object(CodeIgniter\CodeIgniter))
 7 FCPATH\index.php(56): CodeIgniter\Boot::bootWeb(Object(Config\Paths))
DEBUG - 2025-07-24 04:46:20 --> Session: Class initialized using 'CodeIgniter\Session\Handlers\FileHandler' driver.
DEBUG - 2025-07-24 04:46:21 --> Session: Class initialized using 'CodeIgniter\Session\Handlers\FileHandler' driver.
ERROR - 2025-07-24 04:46:23 --> mysqli_sql_exception: Column 'upload_inventory_id' cannot be null in C:\xampp\htdocs\pinestore\system\Database\MySQLi\Connection.php:327
Stack trace:
#0 C:\xampp\htdocs\pinestore\system\Database\MySQLi\Connection.php(327): mysqli->query('INSERT INTO `cu...', 0)
#1 C:\xampp\htdocs\pinestore\system\Database\BaseConnection.php(738): CodeIgniter\Database\MySQLi\Connection->execute('INSERT INTO `cu...')
#2 C:\xampp\htdocs\pinestore\system\Database\BaseConnection.php(652): CodeIgniter\Database\BaseConnection->simpleQuery('INSERT INTO `cu...')
#3 C:\xampp\htdocs\pinestore\system\Database\BaseBuilder.php(2345): CodeIgniter\Database\BaseConnection->query('INSERT INTO `cu...', Array, false)
#4 C:\xampp\htdocs\pinestore\system\Model.php(394): CodeIgniter\Database\BaseBuilder->insert()
#5 C:\xampp\htdocs\pinestore\system\BaseModel.php(839): CodeIgniter\Model->doInsert(Array)
#6 C:\xampp\htdocs\pinestore\system\Model.php(800): CodeIgniter\BaseModel->insert(Array, true)
#7 C:\xampp\htdocs\pinestore\app\Controllers\Home.php(332): CodeIgniter\Model->insert(Array)
#8 C:\xampp\htdocs\pinestore\system\CodeIgniter.php(933): App\Controllers\Home->addInventory()
#9 C:\xampp\htdocs\pinestore\system\CodeIgniter.php(507): CodeIgniter\CodeIgniter->runController(Object(App\Controllers\Home))
#10 C:\xampp\htdocs\pinestore\system\CodeIgniter.php(354): CodeIgniter\CodeIgniter->handleRequest(NULL, Object(Config\Cache), false)
#11 C:\xampp\htdocs\pinestore\system\Boot.php(334): CodeIgniter\CodeIgniter->run()
#12 C:\xampp\htdocs\pinestore\system\Boot.php(67): CodeIgniter\Boot::runCodeIgniter(Object(CodeIgniter\CodeIgniter))
#13 C:\xampp\htdocs\pinestore\index.php(56): CodeIgniter\Boot::bootWeb(Object(Config\Paths))
#14 {main}
CRITICAL - 2025-07-24 04:46:23 --> CodeIgniter\Database\Exceptions\DatabaseException: Column 'upload_inventory_id' cannot be null
[Method: POST, Route: inventory/add]
in SYSTEMPATH\Database\BaseConnection.php on line 692.
 1 SYSTEMPATH\Database\BaseBuilder.php(2345): CodeIgniter\Database\BaseConnection->query('INSERT INTO `customer_inventory` (`upload_inventory_id`, `item_name`, `quantity`) VALUES (:upload_inventory_id:, :item_name:, :quantity:)', [...], false)
 2 SYSTEMPATH\Model.php(394): CodeIgniter\Database\BaseBuilder->insert()
 3 SYSTEMPATH\BaseModel.php(839): CodeIgniter\Model->doInsert([...])
 4 SYSTEMPATH\Model.php(800): CodeIgniter\BaseModel->insert([...], true)
 5 APPPATH\Controllers\Home.php(332): CodeIgniter\Model->insert([...])
 6 SYSTEMPATH\CodeIgniter.php(933): App\Controllers\Home->addInventory()
 7 SYSTEMPATH\CodeIgniter.php(507): CodeIgniter\CodeIgniter->runController(Object(App\Controllers\Home))
 8 SYSTEMPATH\CodeIgniter.php(354): CodeIgniter\CodeIgniter->handleRequest(null, Object(Config\Cache), false)
 9 SYSTEMPATH\Boot.php(334): CodeIgniter\CodeIgniter->run()
10 SYSTEMPATH\Boot.php(67): CodeIgniter\Boot::runCodeIgniter(Object(CodeIgniter\CodeIgniter))
11 FCPATH\index.php(56): CodeIgniter\Boot::bootWeb(Object(Config\Paths))
CRITICAL - 2025-07-24 04:46:23 --> [Caused by] CodeIgniter\Database\Exceptions\DatabaseException: Column 'upload_inventory_id' cannot be null
in SYSTEMPATH\Database\MySQLi\Connection.php on line 332.
 1 SYSTEMPATH\Database\BaseConnection.php(738): CodeIgniter\Database\MySQLi\Connection->execute('INSERT INTO `customer_inventory` (`upload_inventory_id`, `item_name`, `quantity`) VALUES (NULL, NULL, 1)')
 2 SYSTEMPATH\Database\BaseConnection.php(652): CodeIgniter\Database\BaseConnection->simpleQuery('INSERT INTO `customer_inventory` (`upload_inventory_id`, `item_name`, `quantity`) VALUES (NULL, NULL, 1)')
 3 SYSTEMPATH\Database\BaseBuilder.php(2345): CodeIgniter\Database\BaseConnection->query('INSERT INTO `customer_inventory` (`upload_inventory_id`, `item_name`, `quantity`) VALUES (:upload_inventory_id:, :item_name:, :quantity:)', [...], false)
 4 SYSTEMPATH\Model.php(394): CodeIgniter\Database\BaseBuilder->insert()
 5 SYSTEMPATH\BaseModel.php(839): CodeIgniter\Model->doInsert([...])
 6 SYSTEMPATH\Model.php(800): CodeIgniter\BaseModel->insert([...], true)
 7 APPPATH\Controllers\Home.php(332): CodeIgniter\Model->insert([...])
 8 SYSTEMPATH\CodeIgniter.php(933): App\Controllers\Home->addInventory()
 9 SYSTEMPATH\CodeIgniter.php(507): CodeIgniter\CodeIgniter->runController(Object(App\Controllers\Home))
10 SYSTEMPATH\CodeIgniter.php(354): CodeIgniter\CodeIgniter->handleRequest(null, Object(Config\Cache), false)
11 SYSTEMPATH\Boot.php(334): CodeIgniter\CodeIgniter->run()
12 SYSTEMPATH\Boot.php(67): CodeIgniter\Boot::runCodeIgniter(Object(CodeIgniter\CodeIgniter))
13 FCPATH\index.php(56): CodeIgniter\Boot::bootWeb(Object(Config\Paths))
CRITICAL - 2025-07-24 04:46:23 --> [Caused by] mysqli_sql_exception: Column 'upload_inventory_id' cannot be null
in SYSTEMPATH\Database\MySQLi\Connection.php on line 327.
 1 SYSTEMPATH\Database\MySQLi\Connection.php(327): mysqli->query('INSERT INTO `customer_inventory` (`upload_inventory_id`, `item_name`, `quantity`) VALUES (NULL, NULL, 1)', 0)
 2 SYSTEMPATH\Database\BaseConnection.php(738): CodeIgniter\Database\MySQLi\Connection->execute('INSERT INTO `customer_inventory` (`upload_inventory_id`, `item_name`, `quantity`) VALUES (NULL, NULL, 1)')
 3 SYSTEMPATH\Database\BaseConnection.php(652): CodeIgniter\Database\BaseConnection->simpleQuery('INSERT INTO `customer_inventory` (`upload_inventory_id`, `item_name`, `quantity`) VALUES (NULL, NULL, 1)')
 4 SYSTEMPATH\Database\BaseBuilder.php(2345): CodeIgniter\Database\BaseConnection->query('INSERT INTO `customer_inventory` (`upload_inventory_id`, `item_name`, `quantity`) VALUES (:upload_inventory_id:, :item_name:, :quantity:)', [...], false)
 5 SYSTEMPATH\Model.php(394): CodeIgniter\Database\BaseBuilder->insert()
 6 SYSTEMPATH\BaseModel.php(839): CodeIgniter\Model->doInsert([...])
 7 SYSTEMPATH\Model.php(800): CodeIgniter\BaseModel->insert([...], true)
 8 APPPATH\Controllers\Home.php(332): CodeIgniter\Model->insert([...])
 9 SYSTEMPATH\CodeIgniter.php(933): App\Controllers\Home->addInventory()
10 SYSTEMPATH\CodeIgniter.php(507): CodeIgniter\CodeIgniter->runController(Object(App\Controllers\Home))
11 SYSTEMPATH\CodeIgniter.php(354): CodeIgniter\CodeIgniter->handleRequest(null, Object(Config\Cache), false)
12 SYSTEMPATH\Boot.php(334): CodeIgniter\CodeIgniter->run()
13 SYSTEMPATH\Boot.php(67): CodeIgniter\Boot::runCodeIgniter(Object(CodeIgniter\CodeIgniter))
14 FCPATH\index.php(56): CodeIgniter\Boot::bootWeb(Object(Config\Paths))
DEBUG - 2025-07-24 04:46:29 --> Session: Class initialized using 'CodeIgniter\Session\Handlers\FileHandler' driver.
DEBUG - 2025-07-24 04:46:30 --> Session: Class initialized using 'CodeIgniter\Session\Handlers\FileHandler' driver.
ERROR - 2025-07-24 04:46:34 --> mysqli_sql_exception: Column 'upload_inventory_id' cannot be null in C:\xampp\htdocs\pinestore\system\Database\MySQLi\Connection.php:327
Stack trace:
#0 C:\xampp\htdocs\pinestore\system\Database\MySQLi\Connection.php(327): mysqli->query('INSERT INTO `cu...', 0)
#1 C:\xampp\htdocs\pinestore\system\Database\BaseConnection.php(738): CodeIgniter\Database\MySQLi\Connection->execute('INSERT INTO `cu...')
#2 C:\xampp\htdocs\pinestore\system\Database\BaseConnection.php(652): CodeIgniter\Database\BaseConnection->simpleQuery('INSERT INTO `cu...')
#3 C:\xampp\htdocs\pinestore\system\Database\BaseBuilder.php(2345): CodeIgniter\Database\BaseConnection->query('INSERT INTO `cu...', Array, false)
#4 C:\xampp\htdocs\pinestore\system\Model.php(394): CodeIgniter\Database\BaseBuilder->insert()
#5 C:\xampp\htdocs\pinestore\system\BaseModel.php(839): CodeIgniter\Model->doInsert(Array)
#6 C:\xampp\htdocs\pinestore\system\Model.php(800): CodeIgniter\BaseModel->insert(Array, true)
#7 C:\xampp\htdocs\pinestore\app\Controllers\Home.php(332): CodeIgniter\Model->insert(Array)
#8 C:\xampp\htdocs\pinestore\system\CodeIgniter.php(933): App\Controllers\Home->addInventory()
#9 C:\xampp\htdocs\pinestore\system\CodeIgniter.php(507): CodeIgniter\CodeIgniter->runController(Object(App\Controllers\Home))
#10 C:\xampp\htdocs\pinestore\system\CodeIgniter.php(354): CodeIgniter\CodeIgniter->handleRequest(NULL, Object(Config\Cache), false)
#11 C:\xampp\htdocs\pinestore\system\Boot.php(334): CodeIgniter\CodeIgniter->run()
#12 C:\xampp\htdocs\pinestore\system\Boot.php(67): CodeIgniter\Boot::runCodeIgniter(Object(CodeIgniter\CodeIgniter))
#13 C:\xampp\htdocs\pinestore\index.php(56): CodeIgniter\Boot::bootWeb(Object(Config\Paths))
#14 {main}
CRITICAL - 2025-07-24 04:46:34 --> CodeIgniter\Database\Exceptions\DatabaseException: Column 'upload_inventory_id' cannot be null
[Method: POST, Route: inventory/add]
in SYSTEMPATH\Database\BaseConnection.php on line 692.
 1 SYSTEMPATH\Database\BaseBuilder.php(2345): CodeIgniter\Database\BaseConnection->query('INSERT INTO `customer_inventory` (`upload_inventory_id`, `item_name`, `quantity`) VALUES (:upload_inventory_id:, :item_name:, :quantity:)', [...], false)
 2 SYSTEMPATH\Model.php(394): CodeIgniter\Database\BaseBuilder->insert()
 3 SYSTEMPATH\BaseModel.php(839): CodeIgniter\Model->doInsert([...])
 4 SYSTEMPATH\Model.php(800): CodeIgniter\BaseModel->insert([...], true)
 5 APPPATH\Controllers\Home.php(332): CodeIgniter\Model->insert([...])
 6 SYSTEMPATH\CodeIgniter.php(933): App\Controllers\Home->addInventory()
 7 SYSTEMPATH\CodeIgniter.php(507): CodeIgniter\CodeIgniter->runController(Object(App\Controllers\Home))
 8 SYSTEMPATH\CodeIgniter.php(354): CodeIgniter\CodeIgniter->handleRequest(null, Object(Config\Cache), false)
 9 SYSTEMPATH\Boot.php(334): CodeIgniter\CodeIgniter->run()
10 SYSTEMPATH\Boot.php(67): CodeIgniter\Boot::runCodeIgniter(Object(CodeIgniter\CodeIgniter))
11 FCPATH\index.php(56): CodeIgniter\Boot::bootWeb(Object(Config\Paths))
CRITICAL - 2025-07-24 04:46:34 --> [Caused by] CodeIgniter\Database\Exceptions\DatabaseException: Column 'upload_inventory_id' cannot be null
in SYSTEMPATH\Database\MySQLi\Connection.php on line 332.
 1 SYSTEMPATH\Database\BaseConnection.php(738): CodeIgniter\Database\MySQLi\Connection->execute('INSERT INTO `customer_inventory` (`upload_inventory_id`, `item_name`, `quantity`) VALUES (NULL, NULL, 1)')
 2 SYSTEMPATH\Database\BaseConnection.php(652): CodeIgniter\Database\BaseConnection->simpleQuery('INSERT INTO `customer_inventory` (`upload_inventory_id`, `item_name`, `quantity`) VALUES (NULL, NULL, 1)')
 3 SYSTEMPATH\Database\BaseBuilder.php(2345): CodeIgniter\Database\BaseConnection->query('INSERT INTO `customer_inventory` (`upload_inventory_id`, `item_name`, `quantity`) VALUES (:upload_inventory_id:, :item_name:, :quantity:)', [...], false)
 4 SYSTEMPATH\Model.php(394): CodeIgniter\Database\BaseBuilder->insert()
 5 SYSTEMPATH\BaseModel.php(839): CodeIgniter\Model->doInsert([...])
 6 SYSTEMPATH\Model.php(800): CodeIgniter\BaseModel->insert([...], true)
 7 APPPATH\Controllers\Home.php(332): CodeIgniter\Model->insert([...])
 8 SYSTEMPATH\CodeIgniter.php(933): App\Controllers\Home->addInventory()
 9 SYSTEMPATH\CodeIgniter.php(507): CodeIgniter\CodeIgniter->runController(Object(App\Controllers\Home))
10 SYSTEMPATH\CodeIgniter.php(354): CodeIgniter\CodeIgniter->handleRequest(null, Object(Config\Cache), false)
11 SYSTEMPATH\Boot.php(334): CodeIgniter\CodeIgniter->run()
12 SYSTEMPATH\Boot.php(67): CodeIgniter\Boot::runCodeIgniter(Object(CodeIgniter\CodeIgniter))
13 FCPATH\index.php(56): CodeIgniter\Boot::bootWeb(Object(Config\Paths))
CRITICAL - 2025-07-24 04:46:34 --> [Caused by] mysqli_sql_exception: Column 'upload_inventory_id' cannot be null
in SYSTEMPATH\Database\MySQLi\Connection.php on line 327.
 1 SYSTEMPATH\Database\MySQLi\Connection.php(327): mysqli->query('INSERT INTO `customer_inventory` (`upload_inventory_id`, `item_name`, `quantity`) VALUES (NULL, NULL, 1)', 0)
 2 SYSTEMPATH\Database\BaseConnection.php(738): CodeIgniter\Database\MySQLi\Connection->execute('INSERT INTO `customer_inventory` (`upload_inventory_id`, `item_name`, `quantity`) VALUES (NULL, NULL, 1)')
 3 SYSTEMPATH\Database\BaseConnection.php(652): CodeIgniter\Database\BaseConnection->simpleQuery('INSERT INTO `customer_inventory` (`upload_inventory_id`, `item_name`, `quantity`) VALUES (NULL, NULL, 1)')
 4 SYSTEMPATH\Database\BaseBuilder.php(2345): CodeIgniter\Database\BaseConnection->query('INSERT INTO `customer_inventory` (`upload_inventory_id`, `item_name`, `quantity`) VALUES (:upload_inventory_id:, :item_name:, :quantity:)', [...], false)
 5 SYSTEMPATH\Model.php(394): CodeIgniter\Database\BaseBuilder->insert()
 6 SYSTEMPATH\BaseModel.php(839): CodeIgniter\Model->doInsert([...])
 7 SYSTEMPATH\Model.php(800): CodeIgniter\BaseModel->insert([...], true)
 8 APPPATH\Controllers\Home.php(332): CodeIgniter\Model->insert([...])
 9 SYSTEMPATH\CodeIgniter.php(933): App\Controllers\Home->addInventory()
10 SYSTEMPATH\CodeIgniter.php(507): CodeIgniter\CodeIgniter->runController(Object(App\Controllers\Home))
11 SYSTEMPATH\CodeIgniter.php(354): CodeIgniter\CodeIgniter->handleRequest(null, Object(Config\Cache), false)
12 SYSTEMPATH\Boot.php(334): CodeIgniter\CodeIgniter->run()
13 SYSTEMPATH\Boot.php(67): CodeIgniter\Boot::runCodeIgniter(Object(CodeIgniter\CodeIgniter))
14 FCPATH\index.php(56): CodeIgniter\Boot::bootWeb(Object(Config\Paths))
ERROR - 2025-07-24 04:46:43 --> mysqli_sql_exception: Column 'upload_inventory_id' cannot be null in C:\xampp\htdocs\pinestore\system\Database\MySQLi\Connection.php:327
Stack trace:
#0 C:\xampp\htdocs\pinestore\system\Database\MySQLi\Connection.php(327): mysqli->query('INSERT INTO `cu...', 0)
#1 C:\xampp\htdocs\pinestore\system\Database\BaseConnection.php(738): CodeIgniter\Database\MySQLi\Connection->execute('INSERT INTO `cu...')
#2 C:\xampp\htdocs\pinestore\system\Database\BaseConnection.php(652): CodeIgniter\Database\BaseConnection->simpleQuery('INSERT INTO `cu...')
#3 C:\xampp\htdocs\pinestore\system\Database\BaseBuilder.php(2345): CodeIgniter\Database\BaseConnection->query('INSERT INTO `cu...', Array, false)
#4 C:\xampp\htdocs\pinestore\system\Model.php(394): CodeIgniter\Database\BaseBuilder->insert()
#5 C:\xampp\htdocs\pinestore\system\BaseModel.php(839): CodeIgniter\Model->doInsert(Array)
#6 C:\xampp\htdocs\pinestore\system\Model.php(800): CodeIgniter\BaseModel->insert(Array, true)
#7 C:\xampp\htdocs\pinestore\app\Controllers\Home.php(332): CodeIgniter\Model->insert(Array)
#8 C:\xampp\htdocs\pinestore\system\CodeIgniter.php(933): App\Controllers\Home->addInventory()
#9 C:\xampp\htdocs\pinestore\system\CodeIgniter.php(507): CodeIgniter\CodeIgniter->runController(Object(App\Controllers\Home))
#10 C:\xampp\htdocs\pinestore\system\CodeIgniter.php(354): CodeIgniter\CodeIgniter->handleRequest(NULL, Object(Config\Cache), false)
#11 C:\xampp\htdocs\pinestore\system\Boot.php(334): CodeIgniter\CodeIgniter->run()
#12 C:\xampp\htdocs\pinestore\system\Boot.php(67): CodeIgniter\Boot::runCodeIgniter(Object(CodeIgniter\CodeIgniter))
#13 C:\xampp\htdocs\pinestore\index.php(56): CodeIgniter\Boot::bootWeb(Object(Config\Paths))
#14 {main}
CRITICAL - 2025-07-24 04:46:43 --> CodeIgniter\Database\Exceptions\DatabaseException: Column 'upload_inventory_id' cannot be null
[Method: POST, Route: inventory/add]
in SYSTEMPATH\Database\BaseConnection.php on line 692.
 1 SYSTEMPATH\Database\BaseBuilder.php(2345): CodeIgniter\Database\BaseConnection->query('INSERT INTO `customer_inventory` (`upload_inventory_id`, `item_name`, `quantity`) VALUES (:upload_inventory_id:, :item_name:, :quantity:)', [...], false)
 2 SYSTEMPATH\Model.php(394): CodeIgniter\Database\BaseBuilder->insert()
 3 SYSTEMPATH\BaseModel.php(839): CodeIgniter\Model->doInsert([...])
 4 SYSTEMPATH\Model.php(800): CodeIgniter\BaseModel->insert([...], true)
 5 APPPATH\Controllers\Home.php(332): CodeIgniter\Model->insert([...])
 6 SYSTEMPATH\CodeIgniter.php(933): App\Controllers\Home->addInventory()
 7 SYSTEMPATH\CodeIgniter.php(507): CodeIgniter\CodeIgniter->runController(Object(App\Controllers\Home))
 8 SYSTEMPATH\CodeIgniter.php(354): CodeIgniter\CodeIgniter->handleRequest(null, Object(Config\Cache), false)
 9 SYSTEMPATH\Boot.php(334): CodeIgniter\CodeIgniter->run()
10 SYSTEMPATH\Boot.php(67): CodeIgniter\Boot::runCodeIgniter(Object(CodeIgniter\CodeIgniter))
11 FCPATH\index.php(56): CodeIgniter\Boot::bootWeb(Object(Config\Paths))
CRITICAL - 2025-07-24 04:46:43 --> [Caused by] CodeIgniter\Database\Exceptions\DatabaseException: Column 'upload_inventory_id' cannot be null
in SYSTEMPATH\Database\MySQLi\Connection.php on line 332.
 1 SYSTEMPATH\Database\BaseConnection.php(738): CodeIgniter\Database\MySQLi\Connection->execute('INSERT INTO `customer_inventory` (`upload_inventory_id`, `item_name`, `quantity`) VALUES (NULL, NULL, 1)')
 2 SYSTEMPATH\Database\BaseConnection.php(652): CodeIgniter\Database\BaseConnection->simpleQuery('INSERT INTO `customer_inventory` (`upload_inventory_id`, `item_name`, `quantity`) VALUES (NULL, NULL, 1)')
 3 SYSTEMPATH\Database\BaseBuilder.php(2345): CodeIgniter\Database\BaseConnection->query('INSERT INTO `customer_inventory` (`upload_inventory_id`, `item_name`, `quantity`) VALUES (:upload_inventory_id:, :item_name:, :quantity:)', [...], false)
 4 SYSTEMPATH\Model.php(394): CodeIgniter\Database\BaseBuilder->insert()
 5 SYSTEMPATH\BaseModel.php(839): CodeIgniter\Model->doInsert([...])
 6 SYSTEMPATH\Model.php(800): CodeIgniter\BaseModel->insert([...], true)
 7 APPPATH\Controllers\Home.php(332): CodeIgniter\Model->insert([...])
 8 SYSTEMPATH\CodeIgniter.php(933): App\Controllers\Home->addInventory()
 9 SYSTEMPATH\CodeIgniter.php(507): CodeIgniter\CodeIgniter->runController(Object(App\Controllers\Home))
10 SYSTEMPATH\CodeIgniter.php(354): CodeIgniter\CodeIgniter->handleRequest(null, Object(Config\Cache), false)
11 SYSTEMPATH\Boot.php(334): CodeIgniter\CodeIgniter->run()
12 SYSTEMPATH\Boot.php(67): CodeIgniter\Boot::runCodeIgniter(Object(CodeIgniter\CodeIgniter))
13 FCPATH\index.php(56): CodeIgniter\Boot::bootWeb(Object(Config\Paths))
CRITICAL - 2025-07-24 04:46:43 --> [Caused by] mysqli_sql_exception: Column 'upload_inventory_id' cannot be null
in SYSTEMPATH\Database\MySQLi\Connection.php on line 327.
 1 SYSTEMPATH\Database\MySQLi\Connection.php(327): mysqli->query('INSERT INTO `customer_inventory` (`upload_inventory_id`, `item_name`, `quantity`) VALUES (NULL, NULL, 1)', 0)
 2 SYSTEMPATH\Database\BaseConnection.php(738): CodeIgniter\Database\MySQLi\Connection->execute('INSERT INTO `customer_inventory` (`upload_inventory_id`, `item_name`, `quantity`) VALUES (NULL, NULL, 1)')
 3 SYSTEMPATH\Database\BaseConnection.php(652): CodeIgniter\Database\BaseConnection->simpleQuery('INSERT INTO `customer_inventory` (`upload_inventory_id`, `item_name`, `quantity`) VALUES (NULL, NULL, 1)')
 4 SYSTEMPATH\Database\BaseBuilder.php(2345): CodeIgniter\Database\BaseConnection->query('INSERT INTO `customer_inventory` (`upload_inventory_id`, `item_name`, `quantity`) VALUES (:upload_inventory_id:, :item_name:, :quantity:)', [...], false)
 5 SYSTEMPATH\Model.php(394): CodeIgniter\Database\BaseBuilder->insert()
 6 SYSTEMPATH\BaseModel.php(839): CodeIgniter\Model->doInsert([...])
 7 SYSTEMPATH\Model.php(800): CodeIgniter\BaseModel->insert([...], true)
 8 APPPATH\Controllers\Home.php(332): CodeIgniter\Model->insert([...])
 9 SYSTEMPATH\CodeIgniter.php(933): App\Controllers\Home->addInventory()
10 SYSTEMPATH\CodeIgniter.php(507): CodeIgniter\CodeIgniter->runController(Object(App\Controllers\Home))
11 SYSTEMPATH\CodeIgniter.php(354): CodeIgniter\CodeIgniter->handleRequest(null, Object(Config\Cache), false)
12 SYSTEMPATH\Boot.php(334): CodeIgniter\CodeIgniter->run()
13 SYSTEMPATH\Boot.php(67): CodeIgniter\Boot::runCodeIgniter(Object(CodeIgniter\CodeIgniter))
14 FCPATH\index.php(56): CodeIgniter\Boot::bootWeb(Object(Config\Paths))
DEBUG - 2025-07-24 04:55:12 --> Session: Class initialized using 'CodeIgniter\Session\Handlers\FileHandler' driver.
DEBUG - 2025-07-24 04:55:13 --> Session: Class initialized using 'CodeIgniter\Session\Handlers\FileHandler' driver.
DEBUG - 2025-07-24 04:55:35 --> Session: Class initialized using 'CodeIgniter\Session\Handlers\FileHandler' driver.
DEBUG - 2025-07-24 04:55:36 --> Session: Class initialized using 'CodeIgniter\Session\Handlers\FileHandler' driver.
DEBUG - 2025-07-24 04:56:39 --> Session: Class initialized using 'CodeIgniter\Session\Handlers\FileHandler' driver.
DEBUG - 2025-07-24 04:56:39 --> Session: Class initialized using 'CodeIgniter\Session\Handlers\FileHandler' driver.
DEBUG - 2025-07-24 05:06:02 --> Session: Class initialized using 'CodeIgniter\Session\Handlers\FileHandler' driver.
CRITICAL - 2025-07-24 05:06:02 --> ParseError: syntax error, unexpected token "else", expecting end of file
[Method: GET, Route: inventory/view/152]
in APPPATH\Views\Home\admin_cutomer_inventory.php on line 98.
 1 SYSTEMPATH\View\View.php(227): CodeIgniter\View\View->CodeIgniter\View\{closure}()
 2 SYSTEMPATH\Common.php(1173): CodeIgniter\View\View->render('Home/admin_cutomer_inventory', [], true)
 3 APPPATH\Controllers\Home.php(150): view('Home/admin_cutomer_inventory', [...])
 4 SYSTEMPATH\CodeIgniter.php(933): App\Controllers\Home->viewInventory('152')
 5 SYSTEMPATH\CodeIgniter.php(507): CodeIgniter\CodeIgniter->runController(Object(App\Controllers\Home))
 6 SYSTEMPATH\CodeIgniter.php(354): CodeIgniter\CodeIgniter->handleRequest(null, Object(Config\Cache), false)
 7 SYSTEMPATH\Boot.php(334): CodeIgniter\CodeIgniter->run()
 8 SYSTEMPATH\Boot.php(67): CodeIgniter\Boot::runCodeIgniter(Object(CodeIgniter\CodeIgniter))
 9 FCPATH\index.php(56): CodeIgniter\Boot::bootWeb(Object(Config\Paths))
DEBUG - 2025-07-24 05:06:47 --> Session: Class initialized using 'CodeIgniter\Session\Handlers\FileHandler' driver.
DEBUG - 2025-07-24 05:06:47 --> Session: Class initialized using 'CodeIgniter\Session\Handlers\FileHandler' driver.
DEBUG - 2025-07-24 05:07:17 --> Session: Class initialized using 'CodeIgniter\Session\Handlers\FileHandler' driver.
DEBUG - 2025-07-24 05:07:17 --> Session: Class initialized using 'CodeIgniter\Session\Handlers\FileHandler' driver.
DEBUG - 2025-07-24 05:07:35 --> Session: Class initialized using 'CodeIgniter\Session\Handlers\FileHandler' driver.
DEBUG - 2025-07-24 05:07:35 --> Session: Class initialized using 'CodeIgniter\Session\Handlers\FileHandler' driver.
DEBUG - 2025-07-24 05:07:40 --> Session: Class initialized using 'CodeIgniter\Session\Handlers\FileHandler' driver.
DEBUG - 2025-07-24 05:07:40 --> Session: Class initialized using 'CodeIgniter\Session\Handlers\FileHandler' driver.
DEBUG - 2025-07-24 05:07:40 --> Session: Class initialized using 'CodeIgniter\Session\Handlers\FileHandler' driver.
DEBUG - 2025-07-24 05:07:42 --> Session: Class initialized using 'CodeIgniter\Session\Handlers\FileHandler' driver.
DEBUG - 2025-07-24 05:07:43 --> Session: Class initialized using 'CodeIgniter\Session\Handlers\FileHandler' driver.
DEBUG - 2025-07-24 05:07:43 --> Session: Class initialized using 'CodeIgniter\Session\Handlers\FileHandler' driver.
DEBUG - 2025-07-24 05:07:44 --> Session: Class initialized using 'CodeIgniter\Session\Handlers\FileHandler' driver.
DEBUG - 2025-07-24 05:07:53 --> Session: Class initialized using 'CodeIgniter\Session\Handlers\FileHandler' driver.
DEBUG - 2025-07-24 05:07:54 --> Session: Class initialized using 'CodeIgniter\Session\Handlers\FileHandler' driver.
DEBUG - 2025-07-24 05:07:59 --> Session: Class initialized using 'CodeIgniter\Session\Handlers\FileHandler' driver.
DEBUG - 2025-07-24 05:08:00 --> Session: Class initialized using 'CodeIgniter\Session\Handlers\FileHandler' driver.
DEBUG - 2025-07-24 05:10:01 --> Session: Class initialized using 'CodeIgniter\Session\Handlers\FileHandler' driver.
DEBUG - 2025-07-24 05:10:01 --> Session: Class initialized using 'CodeIgniter\Session\Handlers\FileHandler' driver.
DEBUG - 2025-07-24 05:10:02 --> Session: Class initialized using 'CodeIgniter\Session\Handlers\FileHandler' driver.
DEBUG - 2025-07-24 05:10:03 --> Session: Class initialized using 'CodeIgniter\Session\Handlers\FileHandler' driver.
DEBUG - 2025-07-24 05:16:28 --> Session: Class initialized using 'CodeIgniter\Session\Handlers\FileHandler' driver.
DEBUG - 2025-07-24 05:16:28 --> Session: Class initialized using 'CodeIgniter\Session\Handlers\FileHandler' driver.
DEBUG - 2025-07-24 05:16:28 --> Session: Class initialized using 'CodeIgniter\Session\Handlers\FileHandler' driver.
DEBUG - 2025-07-24 05:16:29 --> Session: Class initialized using 'CodeIgniter\Session\Handlers\FileHandler' driver.
DEBUG - 2025-07-24 05:16:29 --> Session: Class initialized using 'CodeIgniter\Session\Handlers\FileHandler' driver.
DEBUG - 2025-07-24 05:16:29 --> Session: Class initialized using 'CodeIgniter\Session\Handlers\FileHandler' driver.
CRITICAL - 2025-07-24 05:16:33 --> CodeIgniter\Database\Exceptions\DataException: There is no data to update.
[Method: POST, Route: inventory/generate-barcode]
in SYSTEMPATH\BaseModel.php on line 1010.
 1 SYSTEMPATH\BaseModel.php(1010): CodeIgniter\Database\Exceptions\DataException::forEmptyDataset('update')
 2 SYSTEMPATH\Model.php(863): CodeIgniter\BaseModel->update([...], [])
 3 APPPATH\Controllers\customer_inventory.php(43): CodeIgniter\Model->update('466', [...])
 4 SYSTEMPATH\CodeIgniter.php(933): App\Controllers\customer_inventory->generateBarcode()
 5 SYSTEMPATH\CodeIgniter.php(507): CodeIgniter\CodeIgniter->runController(Object(App\Controllers\customer_inventory))
 6 SYSTEMPATH\CodeIgniter.php(354): CodeIgniter\CodeIgniter->handleRequest(null, Object(Config\Cache), false)
 7 SYSTEMPATH\Boot.php(334): CodeIgniter\CodeIgniter->run()
 8 SYSTEMPATH\Boot.php(67): CodeIgniter\Boot::runCodeIgniter(Object(CodeIgniter\CodeIgniter))
 9 FCPATH\index.php(56): CodeIgniter\Boot::bootWeb(Object(Config\Paths))
DEBUG - 2025-07-24 05:18:29 --> Session: Class initialized using 'CodeIgniter\Session\Handlers\FileHandler' driver.
DEBUG - 2025-07-24 05:18:30 --> Session: Class initialized using 'CodeIgniter\Session\Handlers\FileHandler' driver.
CRITICAL - 2025-07-24 05:18:32 --> CodeIgniter\Database\Exceptions\DataException: There is no data to update.
[Method: POST, Route: inventory/generate-barcode]
in SYSTEMPATH\BaseModel.php on line 1010.
 1 SYSTEMPATH\BaseModel.php(1010): CodeIgniter\Database\Exceptions\DataException::forEmptyDataset('update')
 2 SYSTEMPATH\Model.php(863): CodeIgniter\BaseModel->update([...], [])
 3 APPPATH\Controllers\customer_inventory.php(54): CodeIgniter\Model->update('466', [...])
 4 SYSTEMPATH\CodeIgniter.php(933): App\Controllers\customer_inventory->generateBarcode()
 5 SYSTEMPATH\CodeIgniter.php(507): CodeIgniter\CodeIgniter->runController(Object(App\Controllers\customer_inventory))
 6 SYSTEMPATH\CodeIgniter.php(354): CodeIgniter\CodeIgniter->handleRequest(null, Object(Config\Cache), false)
 7 SYSTEMPATH\Boot.php(334): CodeIgniter\CodeIgniter->run()
 8 SYSTEMPATH\Boot.php(67): CodeIgniter\Boot::runCodeIgniter(Object(CodeIgniter\CodeIgniter))
 9 FCPATH\index.php(56): CodeIgniter\Boot::bootWeb(Object(Config\Paths))
DEBUG - 2025-07-24 05:19:18 --> Session: Class initialized using 'CodeIgniter\Session\Handlers\FileHandler' driver.
DEBUG - 2025-07-24 05:19:18 --> Session: Class initialized using 'CodeIgniter\Session\Handlers\FileHandler' driver.
DEBUG - 2025-07-24 05:19:18 --> Session: Class initialized using 'CodeIgniter\Session\Handlers\FileHandler' driver.
DEBUG - 2025-07-24 05:19:19 --> Session: Class initialized using 'CodeIgniter\Session\Handlers\FileHandler' driver.
DEBUG - 2025-07-24 05:19:19 --> Session: Class initialized using 'CodeIgniter\Session\Handlers\FileHandler' driver.
CRITICAL - 2025-07-24 05:19:26 --> CodeIgniter\Database\Exceptions\DataException: There is no data to update.
[Method: POST, Route: inventory/generate-barcode]
in SYSTEMPATH\BaseModel.php on line 1010.
 1 SYSTEMPATH\BaseModel.php(1010): CodeIgniter\Database\Exceptions\DataException::forEmptyDataset('update')
 2 SYSTEMPATH\Model.php(863): CodeIgniter\BaseModel->update([...], [])
 3 APPPATH\Controllers\customer_inventory.php(54): CodeIgniter\Model->update('467', [...])
 4 SYSTEMPATH\CodeIgniter.php(933): App\Controllers\customer_inventory->generateBarcode()
 5 SYSTEMPATH\CodeIgniter.php(507): CodeIgniter\CodeIgniter->runController(Object(App\Controllers\customer_inventory))
 6 SYSTEMPATH\CodeIgniter.php(354): CodeIgniter\CodeIgniter->handleRequest(null, Object(Config\Cache), false)
 7 SYSTEMPATH\Boot.php(334): CodeIgniter\CodeIgniter->run()
 8 SYSTEMPATH\Boot.php(67): CodeIgniter\Boot::runCodeIgniter(Object(CodeIgniter\CodeIgniter))
 9 FCPATH\index.php(56): CodeIgniter\Boot::bootWeb(Object(Config\Paths))
CRITICAL - 2025-07-24 05:19:57 --> CodeIgniter\Database\Exceptions\DataException: There is no data to update.
[Method: POST, Route: inventory/generate-barcode]
in SYSTEMPATH\BaseModel.php on line 1010.
 1 SYSTEMPATH\BaseModel.php(1010): CodeIgniter\Database\Exceptions\DataException::forEmptyDataset('update')
 2 SYSTEMPATH\Model.php(863): CodeIgniter\BaseModel->update([...], [])
 3 APPPATH\Controllers\customer_inventory.php(54): CodeIgniter\Model->update('467', [...])
 4 SYSTEMPATH\CodeIgniter.php(933): App\Controllers\customer_inventory->generateBarcode()
 5 SYSTEMPATH\CodeIgniter.php(507): CodeIgniter\CodeIgniter->runController(Object(App\Controllers\customer_inventory))
 6 SYSTEMPATH\CodeIgniter.php(354): CodeIgniter\CodeIgniter->handleRequest(null, Object(Config\Cache), false)
 7 SYSTEMPATH\Boot.php(334): CodeIgniter\CodeIgniter->run()
 8 SYSTEMPATH\Boot.php(67): CodeIgniter\Boot::runCodeIgniter(Object(CodeIgniter\CodeIgniter))
 9 FCPATH\index.php(56): CodeIgniter\Boot::bootWeb(Object(Config\Paths))
DEBUG - 2025-07-24 05:21:09 --> Session: Class initialized using 'CodeIgniter\Session\Handlers\FileHandler' driver.
DEBUG - 2025-07-24 05:21:09 --> Session: Class initialized using 'CodeIgniter\Session\Handlers\FileHandler' driver.
DEBUG - 2025-07-24 05:21:10 --> Session: Class initialized using 'CodeIgniter\Session\Handlers\FileHandler' driver.
DEBUG - 2025-07-24 05:21:10 --> Session: Class initialized using 'CodeIgniter\Session\Handlers\FileHandler' driver.
DEBUG - 2025-07-24 05:21:10 --> Session: Class initialized using 'CodeIgniter\Session\Handlers\FileHandler' driver.
DEBUG - 2025-07-24 05:21:10 --> Session: Class initialized using 'CodeIgniter\Session\Handlers\FileHandler' driver.
DEBUG - 2025-07-24 05:21:11 --> Session: Class initialized using 'CodeIgniter\Session\Handlers\FileHandler' driver.
DEBUG - 2025-07-24 05:21:12 --> Session: Class initialized using 'CodeIgniter\Session\Handlers\FileHandler' driver.
DEBUG - 2025-07-24 05:21:12 --> Session: Class initialized using 'CodeIgniter\Session\Handlers\FileHandler' driver.
CRITICAL - 2025-07-24 05:21:15 --> ErrorException: Undefined array key "parent_barcode"
[Method: POST, Route: inventory/generate-barcode]
in APPPATH\Controllers\customer_inventory.php on line 54.
 1 APPPATH\Controllers\customer_inventory.php(54): CodeIgniter\Debug\Exceptions->errorHandler(2, 'Undefined array key "parent_barcode"', 'C:\\xampp\\htdocs\\pinestore\\app\\Controllers\\customer_inventory.php', 54)
 2 SYSTEMPATH\CodeIgniter.php(933): App\Controllers\customer_inventory->generateBarcode()
 3 SYSTEMPATH\CodeIgniter.php(507): CodeIgniter\CodeIgniter->runController(Object(App\Controllers\customer_inventory))
 4 SYSTEMPATH\CodeIgniter.php(354): CodeIgniter\CodeIgniter->handleRequest(null, Object(Config\Cache), false)
 5 SYSTEMPATH\Boot.php(334): CodeIgniter\CodeIgniter->run()
 6 SYSTEMPATH\Boot.php(67): CodeIgniter\Boot::runCodeIgniter(Object(CodeIgniter\CodeIgniter))
 7 FCPATH\index.php(56): CodeIgniter\Boot::bootWeb(Object(Config\Paths))
CRITICAL - 2025-07-24 05:21:32 --> ErrorException: Undefined array key "parent_barcode"
[Method: POST, Route: inventory/generate-barcode]
in APPPATH\Controllers\customer_inventory.php on line 54.
 1 APPPATH\Controllers\customer_inventory.php(54): CodeIgniter\Debug\Exceptions->errorHandler(2, 'Undefined array key "parent_barcode"', 'C:\\xampp\\htdocs\\pinestore\\app\\Controllers\\customer_inventory.php', 54)
 2 SYSTEMPATH\CodeIgniter.php(933): App\Controllers\customer_inventory->generateBarcode()
 3 SYSTEMPATH\CodeIgniter.php(507): CodeIgniter\CodeIgniter->runController(Object(App\Controllers\customer_inventory))
 4 SYSTEMPATH\CodeIgniter.php(354): CodeIgniter\CodeIgniter->handleRequest(null, Object(Config\Cache), false)
 5 SYSTEMPATH\Boot.php(334): CodeIgniter\CodeIgniter->run()
 6 SYSTEMPATH\Boot.php(67): CodeIgniter\Boot::runCodeIgniter(Object(CodeIgniter\CodeIgniter))
 7 FCPATH\index.php(56): CodeIgniter\Boot::bootWeb(Object(Config\Paths))
DEBUG - 2025-07-24 05:28:07 --> Session: Class initialized using 'CodeIgniter\Session\Handlers\FileHandler' driver.
DEBUG - 2025-07-24 05:28:07 --> Session: Class initialized using 'CodeIgniter\Session\Handlers\FileHandler' driver.
DEBUG - 2025-07-24 05:28:07 --> Session: Class initialized using 'CodeIgniter\Session\Handlers\FileHandler' driver.
DEBUG - 2025-07-24 05:28:07 --> Session: Class initialized using 'CodeIgniter\Session\Handlers\FileHandler' driver.
DEBUG - 2025-07-24 05:28:08 --> Session: Class initialized using 'CodeIgniter\Session\Handlers\FileHandler' driver.
DEBUG - 2025-07-24 05:28:08 --> Session: Class initialized using 'CodeIgniter\Session\Handlers\FileHandler' driver.
DEBUG - 2025-07-24 05:28:13 --> Session: Class initialized using 'CodeIgniter\Session\Handlers\FileHandler' driver.
DEBUG - 2025-07-24 05:28:16 --> Session: Class initialized using 'CodeIgniter\Session\Handlers\FileHandler' driver.
DEBUG - 2025-07-24 05:28:16 --> Session: Class initialized using 'CodeIgniter\Session\Handlers\FileHandler' driver.
DEBUG - 2025-07-24 05:28:17 --> Session: Class initialized using 'CodeIgniter\Session\Handlers\FileHandler' driver.
DEBUG - 2025-07-24 05:28:18 --> Session: Class initialized using 'CodeIgniter\Session\Handlers\FileHandler' driver.
DEBUG - 2025-07-24 05:28:26 --> Session: Class initialized using 'CodeIgniter\Session\Handlers\FileHandler' driver.
DEBUG - 2025-07-24 05:28:27 --> Session: Class initialized using 'CodeIgniter\Session\Handlers\FileHandler' driver.
DEBUG - 2025-07-24 05:32:07 --> Session: Class initialized using 'CodeIgniter\Session\Handlers\FileHandler' driver.
DEBUG - 2025-07-24 05:32:08 --> Session: Class initialized using 'CodeIgniter\Session\Handlers\FileHandler' driver.
DEBUG - 2025-07-24 05:32:09 --> Session: Class initialized using 'CodeIgniter\Session\Handlers\FileHandler' driver.
DEBUG - 2025-07-24 05:32:09 --> Session: Class initialized using 'CodeIgniter\Session\Handlers\FileHandler' driver.
DEBUG - 2025-07-24 05:32:10 --> Session: Class initialized using 'CodeIgniter\Session\Handlers\FileHandler' driver.
DEBUG - 2025-07-24 05:32:10 --> Session: Class initialized using 'CodeIgniter\Session\Handlers\FileHandler' driver.
DEBUG - 2025-07-24 05:32:12 --> Session: Class initialized using 'CodeIgniter\Session\Handlers\FileHandler' driver.
DEBUG - 2025-07-24 05:32:12 --> Session: Class initialized using 'CodeIgniter\Session\Handlers\FileHandler' driver.
DEBUG - 2025-07-24 05:32:19 --> Session: Class initialized using 'CodeIgniter\Session\Handlers\FileHandler' driver.
DEBUG - 2025-07-24 05:32:23 --> Session: Class initialized using 'CodeIgniter\Session\Handlers\FileHandler' driver.
DEBUG - 2025-07-24 05:32:23 --> Session: Class initialized using 'CodeIgniter\Session\Handlers\FileHandler' driver.
DEBUG - 2025-07-24 05:32:26 --> Session: Class initialized using 'CodeIgniter\Session\Handlers\FileHandler' driver.
DEBUG - 2025-07-24 05:32:27 --> Session: Class initialized using 'CodeIgniter\Session\Handlers\FileHandler' driver.
DEBUG - 2025-07-24 05:32:37 --> Session: Class initialized using 'CodeIgniter\Session\Handlers\FileHandler' driver.
DEBUG - 2025-07-24 05:32:37 --> Session: Class initialized using 'CodeIgniter\Session\Handlers\FileHandler' driver.
DEBUG - 2025-07-24 05:34:19 --> Session: Class initialized using 'CodeIgniter\Session\Handlers\FileHandler' driver.
DEBUG - 2025-07-24 05:34:19 --> Session: Class initialized using 'CodeIgniter\Session\Handlers\FileHandler' driver.
DEBUG - 2025-07-24 05:34:19 --> Session: Class initialized using 'CodeIgniter\Session\Handlers\FileHandler' driver.
DEBUG - 2025-07-24 05:34:20 --> Session: Class initialized using 'CodeIgniter\Session\Handlers\FileHandler' driver.
DEBUG - 2025-07-24 05:34:20 --> Session: Class initialized using 'CodeIgniter\Session\Handlers\FileHandler' driver.
DEBUG - 2025-07-24 05:34:20 --> Session: Class initialized using 'CodeIgniter\Session\Handlers\FileHandler' driver.
DEBUG - 2025-07-24 05:34:21 --> Session: Class initialized using 'CodeIgniter\Session\Handlers\FileHandler' driver.
DEBUG - 2025-07-24 05:34:21 --> Session: Class initialized using 'CodeIgniter\Session\Handlers\FileHandler' driver.
DEBUG - 2025-07-24 05:34:21 --> Session: Class initialized using 'CodeIgniter\Session\Handlers\FileHandler' driver.
DEBUG - 2025-07-24 05:34:21 --> Session: Class initialized using 'CodeIgniter\Session\Handlers\FileHandler' driver.
DEBUG - 2025-07-24 05:34:23 --> Session: Class initialized using 'CodeIgniter\Session\Handlers\FileHandler' driver.
DEBUG - 2025-07-24 05:34:25 --> Session: Class initialized using 'CodeIgniter\Session\Handlers\FileHandler' driver.
DEBUG - 2025-07-24 05:34:25 --> Session: Class initialized using 'CodeIgniter\Session\Handlers\FileHandler' driver.
DEBUG - 2025-07-24 05:34:33 --> Session: Class initialized using 'CodeIgniter\Session\Handlers\FileHandler' driver.
DEBUG - 2025-07-24 05:34:35 --> Session: Class initialized using 'CodeIgniter\Session\Handlers\FileHandler' driver.
DEBUG - 2025-07-24 05:34:35 --> Session: Class initialized using 'CodeIgniter\Session\Handlers\FileHandler' driver.
DEBUG - 2025-07-24 05:34:36 --> Session: Class initialized using 'CodeIgniter\Session\Handlers\FileHandler' driver.
DEBUG - 2025-07-24 05:34:36 --> Session: Class initialized using 'CodeIgniter\Session\Handlers\FileHandler' driver.
DEBUG - 2025-07-24 05:34:45 --> Session: Class initialized using 'CodeIgniter\Session\Handlers\FileHandler' driver.
DEBUG - 2025-07-24 05:34:46 --> Session: Class initialized using 'CodeIgniter\Session\Handlers\FileHandler' driver.
DEBUG - 2025-07-24 05:38:58 --> Session: Class initialized using 'CodeIgniter\Session\Handlers\FileHandler' driver.
DEBUG - 2025-07-24 05:38:59 --> Session: Class initialized using 'CodeIgniter\Session\Handlers\FileHandler' driver.
DEBUG - 2025-07-24 05:39:00 --> Session: Class initialized using 'CodeIgniter\Session\Handlers\FileHandler' driver.
DEBUG - 2025-07-24 05:39:01 --> Session: Class initialized using 'CodeIgniter\Session\Handlers\FileHandler' driver.
DEBUG - 2025-07-24 05:39:19 --> Session: Class initialized using 'CodeIgniter\Session\Handlers\FileHandler' driver.
DEBUG - 2025-07-24 05:39:19 --> Session: Class initialized using 'CodeIgniter\Session\Handlers\FileHandler' driver.
DEBUG - 2025-07-24 05:39:19 --> Session: Class initialized using 'CodeIgniter\Session\Handlers\FileHandler' driver.
DEBUG - 2025-07-24 05:39:23 --> Session: Class initialized using 'CodeIgniter\Session\Handlers\FileHandler' driver.
DEBUG - 2025-07-24 05:39:23 --> Session: Class initialized using 'CodeIgniter\Session\Handlers\FileHandler' driver.
DEBUG - 2025-07-24 05:39:27 --> Session: Class initialized using 'CodeIgniter\Session\Handlers\FileHandler' driver.
DEBUG - 2025-07-24 05:39:27 --> Session: Class initialized using 'CodeIgniter\Session\Handlers\FileHandler' driver.
DEBUG - 2025-07-24 05:42:28 --> Session: Class initialized using 'CodeIgniter\Session\Handlers\FileHandler' driver.
DEBUG - 2025-07-24 05:42:28 --> Session: Class initialized using 'CodeIgniter\Session\Handlers\FileHandler' driver.
DEBUG - 2025-07-24 05:43:21 --> Session: Class initialized using 'CodeIgniter\Session\Handlers\FileHandler' driver.
DEBUG - 2025-07-24 05:43:27 --> Session: Class initialized using 'CodeIgniter\Session\Handlers\FileHandler' driver.
DEBUG - 2025-07-24 05:43:27 --> Session: Class initialized using 'CodeIgniter\Session\Handlers\FileHandler' driver.
CRITICAL - 2025-07-24 05:43:27 --> ErrorException: Undefined variable $customer
[Method: GET, Route: customers]
in APPPATH\Views\Home\customers.php on line 143.
 1 APPPATH\Views\Home\customers.php(143): CodeIgniter\Debug\Exceptions->errorHandler(2, 'Undefined variable $customer', 'C:\\xampp\\htdocs\\pinestore\\app\\Views\\Home\\customers.php', 143)
 2 SYSTEMPATH\View\View.php(224): include('C:\\xampp\\htdocs\\pinestore\\app\\Views\\Home\\customers.php')
 3 SYSTEMPATH\View\View.php(227): CodeIgniter\View\View->CodeIgniter\View\{closure}()
 4 SYSTEMPATH\Common.php(1173): CodeIgniter\View\View->render('Home/customers', [], true)
 5 APPPATH\Controllers\Home.php(521): view('Home/customers')
 6 SYSTEMPATH\CodeIgniter.php(933): App\Controllers\Home->customers()
 7 SYSTEMPATH\CodeIgniter.php(507): CodeIgniter\CodeIgniter->runController(Object(App\Controllers\Home))
 8 SYSTEMPATH\CodeIgniter.php(354): CodeIgniter\CodeIgniter->handleRequest(null, Object(Config\Cache), false)
 9 SYSTEMPATH\Boot.php(334): CodeIgniter\CodeIgniter->run()
10 SYSTEMPATH\Boot.php(67): CodeIgniter\Boot::runCodeIgniter(Object(CodeIgniter\CodeIgniter))
11 FCPATH\index.php(56): CodeIgniter\Boot::bootWeb(Object(Config\Paths))
DEBUG - 2025-07-24 05:43:54 --> Session: Class initialized using 'CodeIgniter\Session\Handlers\FileHandler' driver.
CRITICAL - 2025-07-24 05:43:54 --> ErrorException: Undefined variable $inventories
[Method: GET, Route: customers]
in APPPATH\Views\Home\customers.php on line 157.
 1 APPPATH\Views\Home\customers.php(157): CodeIgniter\Debug\Exceptions->errorHandler(2, 'Undefined variable $inventories', 'C:\\xampp\\htdocs\\pinestore\\app\\Views\\Home\\customers.php', 157)
 2 SYSTEMPATH\View\View.php(224): include('C:\\xampp\\htdocs\\pinestore\\app\\Views\\Home\\customers.php')
 3 SYSTEMPATH\View\View.php(227): CodeIgniter\View\View->CodeIgniter\View\{closure}()
 4 SYSTEMPATH\Common.php(1173): CodeIgniter\View\View->render('Home/customers', [], true)
 5 APPPATH\Controllers\Home.php(521): view('Home/customers')
 6 SYSTEMPATH\CodeIgniter.php(933): App\Controllers\Home->customers()
 7 SYSTEMPATH\CodeIgniter.php(507): CodeIgniter\CodeIgniter->runController(Object(App\Controllers\Home))
 8 SYSTEMPATH\CodeIgniter.php(354): CodeIgniter\CodeIgniter->handleRequest(null, Object(Config\Cache), false)
 9 SYSTEMPATH\Boot.php(334): CodeIgniter\CodeIgniter->run()
10 SYSTEMPATH\Boot.php(67): CodeIgniter\Boot::runCodeIgniter(Object(CodeIgniter\CodeIgniter))
11 FCPATH\index.php(56): CodeIgniter\Boot::bootWeb(Object(Config\Paths))
DEBUG - 2025-07-24 05:44:10 --> Session: Class initialized using 'CodeIgniter\Session\Handlers\FileHandler' driver.
DEBUG - 2025-07-24 05:44:11 --> Session: Class initialized using 'CodeIgniter\Session\Handlers\FileHandler' driver.
DEBUG - 2025-07-24 05:44:19 --> Session: Class initialized using 'CodeIgniter\Session\Handlers\FileHandler' driver.
DEBUG - 2025-07-24 05:44:20 --> Session: Class initialized using 'CodeIgniter\Session\Handlers\FileHandler' driver.
DEBUG - 2025-07-24 05:44:24 --> Session: Class initialized using 'CodeIgniter\Session\Handlers\FileHandler' driver.
CRITICAL - 2025-07-24 05:44:24 --> ErrorException: Undefined variable $inventories
[Method: GET, Route: customers]
in APPPATH\Views\Home\customers.php on line 157.
 1 APPPATH\Views\Home\customers.php(157): CodeIgniter\Debug\Exceptions->errorHandler(2, 'Undefined variable $inventories', 'C:\\xampp\\htdocs\\pinestore\\app\\Views\\Home\\customers.php', 157)
 2 SYSTEMPATH\View\View.php(224): include('C:\\xampp\\htdocs\\pinestore\\app\\Views\\Home\\customers.php')
 3 SYSTEMPATH\View\View.php(227): CodeIgniter\View\View->CodeIgniter\View\{closure}()
 4 SYSTEMPATH\Common.php(1173): CodeIgniter\View\View->render('Home/customers', [], true)
 5 APPPATH\Controllers\Home.php(521): view('Home/customers')
 6 SYSTEMPATH\CodeIgniter.php(933): App\Controllers\Home->customers()
 7 SYSTEMPATH\CodeIgniter.php(507): CodeIgniter\CodeIgniter->runController(Object(App\Controllers\Home))
 8 SYSTEMPATH\CodeIgniter.php(354): CodeIgniter\CodeIgniter->handleRequest(null, Object(Config\Cache), false)
 9 SYSTEMPATH\Boot.php(334): CodeIgniter\CodeIgniter->run()
10 SYSTEMPATH\Boot.php(67): CodeIgniter\Boot::runCodeIgniter(Object(CodeIgniter\CodeIgniter))
11 FCPATH\index.php(56): CodeIgniter\Boot::bootWeb(Object(Config\Paths))
DEBUG - 2025-07-24 05:45:02 --> Session: Class initialized using 'CodeIgniter\Session\Handlers\FileHandler' driver.
CRITICAL - 2025-07-24 05:45:02 --> ErrorException: Undefined variable $inventories
[Method: GET, Route: customers]
in APPPATH\Views\Home\customers.php on line 157.
 1 APPPATH\Views\Home\customers.php(157): CodeIgniter\Debug\Exceptions->errorHandler(2, 'Undefined variable $inventories', 'C:\\xampp\\htdocs\\pinestore\\app\\Views\\Home\\customers.php', 157)
 2 SYSTEMPATH\View\View.php(224): include('C:\\xampp\\htdocs\\pinestore\\app\\Views\\Home\\customers.php')
 3 SYSTEMPATH\View\View.php(227): CodeIgniter\View\View->CodeIgniter\View\{closure}()
 4 SYSTEMPATH\Common.php(1173): CodeIgniter\View\View->render('Home/customers', [], true)
 5 APPPATH\Controllers\Home.php(521): view('Home/customers')
 6 SYSTEMPATH\CodeIgniter.php(933): App\Controllers\Home->customers()
 7 SYSTEMPATH\CodeIgniter.php(507): CodeIgniter\CodeIgniter->runController(Object(App\Controllers\Home))
 8 SYSTEMPATH\CodeIgniter.php(354): CodeIgniter\CodeIgniter->handleRequest(null, Object(Config\Cache), false)
 9 SYSTEMPATH\Boot.php(334): CodeIgniter\CodeIgniter->run()
10 SYSTEMPATH\Boot.php(67): CodeIgniter\Boot::runCodeIgniter(Object(CodeIgniter\CodeIgniter))
11 FCPATH\index.php(56): CodeIgniter\Boot::bootWeb(Object(Config\Paths))
DEBUG - 2025-07-24 05:45:03 --> Session: Class initialized using 'CodeIgniter\Session\Handlers\FileHandler' driver.
CRITICAL - 2025-07-24 05:45:03 --> ErrorException: Undefined variable $inventories
[Method: GET, Route: customers]
in APPPATH\Views\Home\customers.php on line 157.
 1 APPPATH\Views\Home\customers.php(157): CodeIgniter\Debug\Exceptions->errorHandler(2, 'Undefined variable $inventories', 'C:\\xampp\\htdocs\\pinestore\\app\\Views\\Home\\customers.php', 157)
 2 SYSTEMPATH\View\View.php(224): include('C:\\xampp\\htdocs\\pinestore\\app\\Views\\Home\\customers.php')
 3 SYSTEMPATH\View\View.php(227): CodeIgniter\View\View->CodeIgniter\View\{closure}()
 4 SYSTEMPATH\Common.php(1173): CodeIgniter\View\View->render('Home/customers', [], true)
 5 APPPATH\Controllers\Home.php(521): view('Home/customers')
 6 SYSTEMPATH\CodeIgniter.php(933): App\Controllers\Home->customers()
 7 SYSTEMPATH\CodeIgniter.php(507): CodeIgniter\CodeIgniter->runController(Object(App\Controllers\Home))
 8 SYSTEMPATH\CodeIgniter.php(354): CodeIgniter\CodeIgniter->handleRequest(null, Object(Config\Cache), false)
 9 SYSTEMPATH\Boot.php(334): CodeIgniter\CodeIgniter->run()
10 SYSTEMPATH\Boot.php(67): CodeIgniter\Boot::runCodeIgniter(Object(CodeIgniter\CodeIgniter))
11 FCPATH\index.php(56): CodeIgniter\Boot::bootWeb(Object(Config\Paths))
DEBUG - 2025-07-24 05:45:03 --> Session: Class initialized using 'CodeIgniter\Session\Handlers\FileHandler' driver.
CRITICAL - 2025-07-24 05:45:03 --> ErrorException: Undefined variable $inventories
[Method: GET, Route: customers]
in APPPATH\Views\Home\customers.php on line 157.
 1 APPPATH\Views\Home\customers.php(157): CodeIgniter\Debug\Exceptions->errorHandler(2, 'Undefined variable $inventories', 'C:\\xampp\\htdocs\\pinestore\\app\\Views\\Home\\customers.php', 157)
 2 SYSTEMPATH\View\View.php(224): include('C:\\xampp\\htdocs\\pinestore\\app\\Views\\Home\\customers.php')
 3 SYSTEMPATH\View\View.php(227): CodeIgniter\View\View->CodeIgniter\View\{closure}()
 4 SYSTEMPATH\Common.php(1173): CodeIgniter\View\View->render('Home/customers', [], true)
 5 APPPATH\Controllers\Home.php(521): view('Home/customers')
 6 SYSTEMPATH\CodeIgniter.php(933): App\Controllers\Home->customers()
 7 SYSTEMPATH\CodeIgniter.php(507): CodeIgniter\CodeIgniter->runController(Object(App\Controllers\Home))
 8 SYSTEMPATH\CodeIgniter.php(354): CodeIgniter\CodeIgniter->handleRequest(null, Object(Config\Cache), false)
 9 SYSTEMPATH\Boot.php(334): CodeIgniter\CodeIgniter->run()
10 SYSTEMPATH\Boot.php(67): CodeIgniter\Boot::runCodeIgniter(Object(CodeIgniter\CodeIgniter))
11 FCPATH\index.php(56): CodeIgniter\Boot::bootWeb(Object(Config\Paths))
DEBUG - 2025-07-24 05:46:13 --> Session: Class initialized using 'CodeIgniter\Session\Handlers\FileHandler' driver.
DEBUG - 2025-07-24 05:46:15 --> Session: Class initialized using 'CodeIgniter\Session\Handlers\FileHandler' driver.
DEBUG - 2025-07-24 05:46:15 --> Session: Class initialized using 'CodeIgniter\Session\Handlers\FileHandler' driver.
DEBUG - 2025-07-24 05:46:15 --> Session: Class initialized using 'CodeIgniter\Session\Handlers\FileHandler' driver.
DEBUG - 2025-07-24 05:46:20 --> Session: Class initialized using 'CodeIgniter\Session\Handlers\FileHandler' driver.
DEBUG - 2025-07-24 05:46:20 --> Session: Class initialized using 'CodeIgniter\Session\Handlers\FileHandler' driver.
DEBUG - 2025-07-24 05:46:22 --> Session: Class initialized using 'CodeIgniter\Session\Handlers\FileHandler' driver.
DEBUG - 2025-07-24 05:46:22 --> Session: Class initialized using 'CodeIgniter\Session\Handlers\FileHandler' driver.
DEBUG - 2025-07-24 05:46:24 --> Session: Class initialized using 'CodeIgniter\Session\Handlers\FileHandler' driver.
DEBUG - 2025-07-24 05:46:24 --> Session: Class initialized using 'CodeIgniter\Session\Handlers\FileHandler' driver.
DEBUG - 2025-07-24 05:46:29 --> Session: Class initialized using 'CodeIgniter\Session\Handlers\FileHandler' driver.
DEBUG - 2025-07-24 05:46:29 --> Session: Class initialized using 'CodeIgniter\Session\Handlers\FileHandler' driver.
DEBUG - 2025-07-24 05:46:40 --> Session: Class initialized using 'CodeIgniter\Session\Handlers\FileHandler' driver.
DEBUG - 2025-07-24 05:46:40 --> Session: Class initialized using 'CodeIgniter\Session\Handlers\FileHandler' driver.
DEBUG - 2025-07-24 05:46:50 --> Session: Class initialized using 'CodeIgniter\Session\Handlers\FileHandler' driver.
DEBUG - 2025-07-24 05:46:51 --> Session: Class initialized using 'CodeIgniter\Session\Handlers\FileHandler' driver.
DEBUG - 2025-07-24 05:47:49 --> Session: Class initialized using 'CodeIgniter\Session\Handlers\FileHandler' driver.
DEBUG - 2025-07-24 05:47:49 --> Session: Class initialized using 'CodeIgniter\Session\Handlers\FileHandler' driver.
DEBUG - 2025-07-24 05:47:52 --> Session: Class initialized using 'CodeIgniter\Session\Handlers\FileHandler' driver.
DEBUG - 2025-07-24 05:47:52 --> Session: Class initialized using 'CodeIgniter\Session\Handlers\FileHandler' driver.
DEBUG - 2025-07-24 05:48:13 --> Session: Class initialized using 'CodeIgniter\Session\Handlers\FileHandler' driver.
DEBUG - 2025-07-24 05:48:14 --> Session: Class initialized using 'CodeIgniter\Session\Handlers\FileHandler' driver.
DEBUG - 2025-07-24 05:48:15 --> Session: Class initialized using 'CodeIgniter\Session\Handlers\FileHandler' driver.
DEBUG - 2025-07-24 05:48:15 --> Session: Class initialized using 'CodeIgniter\Session\Handlers\FileHandler' driver.
DEBUG - 2025-07-24 05:48:17 --> Session: Class initialized using 'CodeIgniter\Session\Handlers\FileHandler' driver.
DEBUG - 2025-07-24 05:48:18 --> Session: Class initialized using 'CodeIgniter\Session\Handlers\FileHandler' driver.
DEBUG - 2025-07-24 05:48:18 --> Session: Class initialized using 'CodeIgniter\Session\Handlers\FileHandler' driver.
DEBUG - 2025-07-24 05:48:20 --> Session: Class initialized using 'CodeIgniter\Session\Handlers\FileHandler' driver.
DEBUG - 2025-07-24 05:48:21 --> Session: Class initialized using 'CodeIgniter\Session\Handlers\FileHandler' driver.
DEBUG - 2025-07-24 05:48:23 --> Session: Class initialized using 'CodeIgniter\Session\Handlers\FileHandler' driver.
DEBUG - 2025-07-24 05:48:23 --> Session: Class initialized using 'CodeIgniter\Session\Handlers\FileHandler' driver.
DEBUG - 2025-07-24 05:48:30 --> Session: Class initialized using 'CodeIgniter\Session\Handlers\FileHandler' driver.
DEBUG - 2025-07-24 05:48:31 --> Session: Class initialized using 'CodeIgniter\Session\Handlers\FileHandler' driver.
DEBUG - 2025-07-24 05:48:32 --> Session: Class initialized using 'CodeIgniter\Session\Handlers\FileHandler' driver.
DEBUG - 2025-07-24 05:48:32 --> Session: Class initialized using 'CodeIgniter\Session\Handlers\FileHandler' driver.
DEBUG - 2025-07-24 05:48:33 --> Session: Class initialized using 'CodeIgniter\Session\Handlers\FileHandler' driver.
DEBUG - 2025-07-24 05:51:02 --> Session: Class initialized using 'CodeIgniter\Session\Handlers\FileHandler' driver.
DEBUG - 2025-07-24 05:51:03 --> Session: Class initialized using 'CodeIgniter\Session\Handlers\FileHandler' driver.
DEBUG - 2025-07-24 05:51:03 --> Session: Class initialized using 'CodeIgniter\Session\Handlers\FileHandler' driver.
DEBUG - 2025-07-24 05:51:04 --> Session: Class initialized using 'CodeIgniter\Session\Handlers\FileHandler' driver.
DEBUG - 2025-07-24 05:51:05 --> Session: Class initialized using 'CodeIgniter\Session\Handlers\FileHandler' driver.
DEBUG - 2025-07-24 05:51:05 --> Session: Class initialized using 'CodeIgniter\Session\Handlers\FileHandler' driver.
DEBUG - 2025-07-24 05:51:12 --> Session: Class initialized using 'CodeIgniter\Session\Handlers\FileHandler' driver.
DEBUG - 2025-07-24 05:51:12 --> Session: Class initialized using 'CodeIgniter\Session\Handlers\FileHandler' driver.
DEBUG - 2025-07-24 05:51:14 --> Session: Class initialized using 'CodeIgniter\Session\Handlers\FileHandler' driver.
DEBUG - 2025-07-24 05:51:14 --> Session: Class initialized using 'CodeIgniter\Session\Handlers\FileHandler' driver.
DEBUG - 2025-07-24 05:51:18 --> Session: Class initialized using 'CodeIgniter\Session\Handlers\FileHandler' driver.
DEBUG - 2025-07-24 05:51:18 --> Session: Class initialized using 'CodeIgniter\Session\Handlers\FileHandler' driver.
DEBUG - 2025-07-24 05:51:20 --> Session: Class initialized using 'CodeIgniter\Session\Handlers\FileHandler' driver.
DEBUG - 2025-07-24 05:51:21 --> Session: Class initialized using 'CodeIgniter\Session\Handlers\FileHandler' driver.
DEBUG - 2025-07-24 05:51:23 --> Session: Class initialized using 'CodeIgniter\Session\Handlers\FileHandler' driver.
DEBUG - 2025-07-24 05:51:23 --> Session: Class initialized using 'CodeIgniter\Session\Handlers\FileHandler' driver.
DEBUG - 2025-07-24 05:51:25 --> Session: Class initialized using 'CodeIgniter\Session\Handlers\FileHandler' driver.
DEBUG - 2025-07-24 05:51:26 --> Session: Class initialized using 'CodeIgniter\Session\Handlers\FileHandler' driver.
DEBUG - 2025-07-24 05:51:26 --> Session: Class initialized using 'CodeIgniter\Session\Handlers\FileHandler' driver.
DEBUG - 2025-07-24 05:51:28 --> Session: Class initialized using 'CodeIgniter\Session\Handlers\FileHandler' driver.
DEBUG - 2025-07-24 05:51:28 --> Session: Class initialized using 'CodeIgniter\Session\Handlers\FileHandler' driver.
DEBUG - 2025-07-24 05:51:30 --> Session: Class initialized using 'CodeIgniter\Session\Handlers\FileHandler' driver.
DEBUG - 2025-07-24 05:51:31 --> Session: Class initialized using 'CodeIgniter\Session\Handlers\FileHandler' driver.
DEBUG - 2025-07-24 05:51:31 --> Session: Class initialized using 'CodeIgniter\Session\Handlers\FileHandler' driver.
DEBUG - 2025-07-24 05:51:33 --> Session: Class initialized using 'CodeIgniter\Session\Handlers\FileHandler' driver.
DEBUG - 2025-07-24 05:51:33 --> Session: Class initialized using 'CodeIgniter\Session\Handlers\FileHandler' driver.
DEBUG - 2025-07-24 05:51:36 --> Session: Class initialized using 'CodeIgniter\Session\Handlers\FileHandler' driver.
DEBUG - 2025-07-24 05:51:36 --> Session: Class initialized using 'CodeIgniter\Session\Handlers\FileHandler' driver.
DEBUG - 2025-07-24 05:51:38 --> Session: Class initialized using 'CodeIgniter\Session\Handlers\FileHandler' driver.
DEBUG - 2025-07-24 05:51:38 --> Session: Class initialized using 'CodeIgniter\Session\Handlers\FileHandler' driver.
DEBUG - 2025-07-24 05:51:47 --> Session: Class initialized using 'CodeIgniter\Session\Handlers\FileHandler' driver.
DEBUG - 2025-07-24 05:51:48 --> Session: Class initialized using 'CodeIgniter\Session\Handlers\FileHandler' driver.
DEBUG - 2025-07-24 05:51:53 --> Session: Class initialized using 'CodeIgniter\Session\Handlers\FileHandler' driver.
DEBUG - 2025-07-24 05:51:53 --> Session: Class initialized using 'CodeIgniter\Session\Handlers\FileHandler' driver.
DEBUG - 2025-07-24 05:51:54 --> Session: Class initialized using 'CodeIgniter\Session\Handlers\FileHandler' driver.
DEBUG - 2025-07-24 05:51:55 --> Session: Class initialized using 'CodeIgniter\Session\Handlers\FileHandler' driver.
DEBUG - 2025-07-24 05:51:57 --> Session: Class initialized using 'CodeIgniter\Session\Handlers\FileHandler' driver.
DEBUG - 2025-07-24 05:51:58 --> Session: Class initialized using 'CodeIgniter\Session\Handlers\FileHandler' driver.
DEBUG - 2025-07-24 05:52:01 --> Session: Class initialized using 'CodeIgniter\Session\Handlers\FileHandler' driver.
DEBUG - 2025-07-24 05:52:01 --> Session: Class initialized using 'CodeIgniter\Session\Handlers\FileHandler' driver.
DEBUG - 2025-07-24 05:52:04 --> Session: Class initialized using 'CodeIgniter\Session\Handlers\FileHandler' driver.
DEBUG - 2025-07-24 05:52:06 --> Session: Class initialized using 'CodeIgniter\Session\Handlers\FileHandler' driver.
DEBUG - 2025-07-24 05:52:06 --> Session: Class initialized using 'CodeIgniter\Session\Handlers\FileHandler' driver.
DEBUG - 2025-07-24 05:52:07 --> Session: Class initialized using 'CodeIgniter\Session\Handlers\FileHandler' driver.
DEBUG - 2025-07-24 05:52:08 --> Session: Class initialized using 'CodeIgniter\Session\Handlers\FileHandler' driver.
DEBUG - 2025-07-24 05:52:09 --> Session: Class initialized using 'CodeIgniter\Session\Handlers\FileHandler' driver.
DEBUG - 2025-07-24 05:52:10 --> Session: Class initialized using 'CodeIgniter\Session\Handlers\FileHandler' driver.
DEBUG - 2025-07-24 05:52:12 --> Session: Class initialized using 'CodeIgniter\Session\Handlers\FileHandler' driver.
DEBUG - 2025-07-24 05:52:12 --> Session: Class initialized using 'CodeIgniter\Session\Handlers\FileHandler' driver.
DEBUG - 2025-07-24 05:52:18 --> Session: Class initialized using 'CodeIgniter\Session\Handlers\FileHandler' driver.
DEBUG - 2025-07-24 05:52:19 --> Session: Class initialized using 'CodeIgniter\Session\Handlers\FileHandler' driver.
DEBUG - 2025-07-24 05:52:19 --> Session: Class initialized using 'CodeIgniter\Session\Handlers\FileHandler' driver.
DEBUG - 2025-07-24 05:52:20 --> Session: Class initialized using 'CodeIgniter\Session\Handlers\FileHandler' driver.
DEBUG - 2025-07-24 05:52:20 --> Session: Class initialized using 'CodeIgniter\Session\Handlers\FileHandler' driver.
DEBUG - 2025-07-24 05:54:55 --> Session: Class initialized using 'CodeIgniter\Session\Handlers\FileHandler' driver.
DEBUG - 2025-07-24 05:54:56 --> Session: Class initialized using 'CodeIgniter\Session\Handlers\FileHandler' driver.
DEBUG - 2025-07-24 05:57:58 --> Session: Class initialized using 'CodeIgniter\Session\Handlers\FileHandler' driver.
DEBUG - 2025-07-24 05:57:59 --> Session: Class initialized using 'CodeIgniter\Session\Handlers\FileHandler' driver.
DEBUG - 2025-07-24 05:58:02 --> Session: Class initialized using 'CodeIgniter\Session\Handlers\FileHandler' driver.
DEBUG - 2025-07-24 05:58:03 --> Session: Class initialized using 'CodeIgniter\Session\Handlers\FileHandler' driver.
DEBUG - 2025-07-24 05:58:14 --> Session: Class initialized using 'CodeIgniter\Session\Handlers\FileHandler' driver.
DEBUG - 2025-07-24 05:58:15 --> Session: Class initialized using 'CodeIgniter\Session\Handlers\FileHandler' driver.
DEBUG - 2025-07-24 05:58:42 --> Session: Class initialized using 'CodeIgniter\Session\Handlers\FileHandler' driver.
DEBUG - 2025-07-24 05:58:46 --> Session: Class initialized using 'CodeIgniter\Session\Handlers\FileHandler' driver.
DEBUG - 2025-07-24 05:58:46 --> Session: Class initialized using 'CodeIgniter\Session\Handlers\FileHandler' driver.
DEBUG - 2025-07-24 05:59:00 --> Session: Class initialized using 'CodeIgniter\Session\Handlers\FileHandler' driver.
DEBUG - 2025-07-24 05:59:00 --> Session: Class initialized using 'CodeIgniter\Session\Handlers\FileHandler' driver.
CRITICAL - 2025-07-24 05:59:00 --> ErrorException: Undefined variable $inventories
[Method: GET, Route: customers]
in APPPATH\Views\Home\customers.php on line 157.
 1 APPPATH\Views\Home\customers.php(157): CodeIgniter\Debug\Exceptions->errorHandler(2, 'Undefined variable $inventories', 'C:\\xampp\\htdocs\\pinestore\\app\\Views\\Home\\customers.php', 157)
 2 SYSTEMPATH\View\View.php(224): include('C:\\xampp\\htdocs\\pinestore\\app\\Views\\Home\\customers.php')
 3 SYSTEMPATH\View\View.php(227): CodeIgniter\View\View->CodeIgniter\View\{closure}()
 4 SYSTEMPATH\Common.php(1173): CodeIgniter\View\View->render('Home/customers', [], true)
 5 APPPATH\Controllers\Home.php(521): view('Home/customers')
 6 SYSTEMPATH\CodeIgniter.php(933): App\Controllers\Home->customers()
 7 SYSTEMPATH\CodeIgniter.php(507): CodeIgniter\CodeIgniter->runController(Object(App\Controllers\Home))
 8 SYSTEMPATH\CodeIgniter.php(354): CodeIgniter\CodeIgniter->handleRequest(null, Object(Config\Cache), false)
 9 SYSTEMPATH\Boot.php(334): CodeIgniter\CodeIgniter->run()
10 SYSTEMPATH\Boot.php(67): CodeIgniter\Boot::runCodeIgniter(Object(CodeIgniter\CodeIgniter))
11 FCPATH\index.php(56): CodeIgniter\Boot::bootWeb(Object(Config\Paths))
DEBUG - 2025-07-24 06:05:43 --> Session: Class initialized using 'CodeIgniter\Session\Handlers\FileHandler' driver.
CRITICAL - 2025-07-24 06:05:43 --> ErrorException: Undefined variable $inventories
[Method: GET, Route: customers]
in APPPATH\Views\Home\customers.php on line 145.
 1 APPPATH\Views\Home\customers.php(145): CodeIgniter\Debug\Exceptions->errorHandler(2, 'Undefined variable $inventories', 'C:\\xampp\\htdocs\\pinestore\\app\\Views\\Home\\customers.php', 145)
 2 SYSTEMPATH\View\View.php(224): include('C:\\xampp\\htdocs\\pinestore\\app\\Views\\Home\\customers.php')
 3 SYSTEMPATH\View\View.php(227): CodeIgniter\View\View->CodeIgniter\View\{closure}()
 4 SYSTEMPATH\Common.php(1173): CodeIgniter\View\View->render('Home/customers', [], true)
 5 APPPATH\Controllers\Home.php(521): view('Home/customers')
 6 SYSTEMPATH\CodeIgniter.php(933): App\Controllers\Home->customers()
 7 SYSTEMPATH\CodeIgniter.php(507): CodeIgniter\CodeIgniter->runController(Object(App\Controllers\Home))
 8 SYSTEMPATH\CodeIgniter.php(354): CodeIgniter\CodeIgniter->handleRequest(null, Object(Config\Cache), false)
 9 SYSTEMPATH\Boot.php(334): CodeIgniter\CodeIgniter->run()
10 SYSTEMPATH\Boot.php(67): CodeIgniter\Boot::runCodeIgniter(Object(CodeIgniter\CodeIgniter))
11 FCPATH\index.php(56): CodeIgniter\Boot::bootWeb(Object(Config\Paths))
DEBUG - 2025-07-24 06:05:44 --> Session: Class initialized using 'CodeIgniter\Session\Handlers\FileHandler' driver.
CRITICAL - 2025-07-24 06:05:44 --> ErrorException: Undefined variable $inventories
[Method: GET, Route: customers]
in APPPATH\Views\Home\customers.php on line 145.
 1 APPPATH\Views\Home\customers.php(145): CodeIgniter\Debug\Exceptions->errorHandler(2, 'Undefined variable $inventories', 'C:\\xampp\\htdocs\\pinestore\\app\\Views\\Home\\customers.php', 145)
 2 SYSTEMPATH\View\View.php(224): include('C:\\xampp\\htdocs\\pinestore\\app\\Views\\Home\\customers.php')
 3 SYSTEMPATH\View\View.php(227): CodeIgniter\View\View->CodeIgniter\View\{closure}()
 4 SYSTEMPATH\Common.php(1173): CodeIgniter\View\View->render('Home/customers', [], true)
 5 APPPATH\Controllers\Home.php(521): view('Home/customers')
 6 SYSTEMPATH\CodeIgniter.php(933): App\Controllers\Home->customers()
 7 SYSTEMPATH\CodeIgniter.php(507): CodeIgniter\CodeIgniter->runController(Object(App\Controllers\Home))
 8 SYSTEMPATH\CodeIgniter.php(354): CodeIgniter\CodeIgniter->handleRequest(null, Object(Config\Cache), false)
 9 SYSTEMPATH\Boot.php(334): CodeIgniter\CodeIgniter->run()
10 SYSTEMPATH\Boot.php(67): CodeIgniter\Boot::runCodeIgniter(Object(CodeIgniter\CodeIgniter))
11 FCPATH\index.php(56): CodeIgniter\Boot::bootWeb(Object(Config\Paths))
DEBUG - 2025-07-24 06:05:45 --> Session: Class initialized using 'CodeIgniter\Session\Handlers\FileHandler' driver.
CRITICAL - 2025-07-24 06:05:45 --> ErrorException: Undefined variable $inventories
[Method: GET, Route: customers]
in APPPATH\Views\Home\customers.php on line 145.
 1 APPPATH\Views\Home\customers.php(145): CodeIgniter\Debug\Exceptions->errorHandler(2, 'Undefined variable $inventories', 'C:\\xampp\\htdocs\\pinestore\\app\\Views\\Home\\customers.php', 145)
 2 SYSTEMPATH\View\View.php(224): include('C:\\xampp\\htdocs\\pinestore\\app\\Views\\Home\\customers.php')
 3 SYSTEMPATH\View\View.php(227): CodeIgniter\View\View->CodeIgniter\View\{closure}()
 4 SYSTEMPATH\Common.php(1173): CodeIgniter\View\View->render('Home/customers', [], true)
 5 APPPATH\Controllers\Home.php(521): view('Home/customers')
 6 SYSTEMPATH\CodeIgniter.php(933): App\Controllers\Home->customers()
 7 SYSTEMPATH\CodeIgniter.php(507): CodeIgniter\CodeIgniter->runController(Object(App\Controllers\Home))
 8 SYSTEMPATH\CodeIgniter.php(354): CodeIgniter\CodeIgniter->handleRequest(null, Object(Config\Cache), false)
 9 SYSTEMPATH\Boot.php(334): CodeIgniter\CodeIgniter->run()
10 SYSTEMPATH\Boot.php(67): CodeIgniter\Boot::runCodeIgniter(Object(CodeIgniter\CodeIgniter))
11 FCPATH\index.php(56): CodeIgniter\Boot::bootWeb(Object(Config\Paths))
DEBUG - 2025-07-24 06:05:45 --> Session: Class initialized using 'CodeIgniter\Session\Handlers\FileHandler' driver.
CRITICAL - 2025-07-24 06:05:45 --> ErrorException: Undefined variable $inventories
[Method: GET, Route: customers]
in APPPATH\Views\Home\customers.php on line 145.
 1 APPPATH\Views\Home\customers.php(145): CodeIgniter\Debug\Exceptions->errorHandler(2, 'Undefined variable $inventories', 'C:\\xampp\\htdocs\\pinestore\\app\\Views\\Home\\customers.php', 145)
 2 SYSTEMPATH\View\View.php(224): include('C:\\xampp\\htdocs\\pinestore\\app\\Views\\Home\\customers.php')
 3 SYSTEMPATH\View\View.php(227): CodeIgniter\View\View->CodeIgniter\View\{closure}()
 4 SYSTEMPATH\Common.php(1173): CodeIgniter\View\View->render('Home/customers', [], true)
 5 APPPATH\Controllers\Home.php(521): view('Home/customers')
 6 SYSTEMPATH\CodeIgniter.php(933): App\Controllers\Home->customers()
 7 SYSTEMPATH\CodeIgniter.php(507): CodeIgniter\CodeIgniter->runController(Object(App\Controllers\Home))
 8 SYSTEMPATH\CodeIgniter.php(354): CodeIgniter\CodeIgniter->handleRequest(null, Object(Config\Cache), false)
 9 SYSTEMPATH\Boot.php(334): CodeIgniter\CodeIgniter->run()
10 SYSTEMPATH\Boot.php(67): CodeIgniter\Boot::runCodeIgniter(Object(CodeIgniter\CodeIgniter))
11 FCPATH\index.php(56): CodeIgniter\Boot::bootWeb(Object(Config\Paths))
DEBUG - 2025-07-24 06:05:45 --> Session: Class initialized using 'CodeIgniter\Session\Handlers\FileHandler' driver.
CRITICAL - 2025-07-24 06:05:45 --> ErrorException: Undefined variable $inventories
[Method: GET, Route: customers]
in APPPATH\Views\Home\customers.php on line 145.
 1 APPPATH\Views\Home\customers.php(145): CodeIgniter\Debug\Exceptions->errorHandler(2, 'Undefined variable $inventories', 'C:\\xampp\\htdocs\\pinestore\\app\\Views\\Home\\customers.php', 145)
 2 SYSTEMPATH\View\View.php(224): include('C:\\xampp\\htdocs\\pinestore\\app\\Views\\Home\\customers.php')
 3 SYSTEMPATH\View\View.php(227): CodeIgniter\View\View->CodeIgniter\View\{closure}()
 4 SYSTEMPATH\Common.php(1173): CodeIgniter\View\View->render('Home/customers', [], true)
 5 APPPATH\Controllers\Home.php(521): view('Home/customers')
 6 SYSTEMPATH\CodeIgniter.php(933): App\Controllers\Home->customers()
 7 SYSTEMPATH\CodeIgniter.php(507): CodeIgniter\CodeIgniter->runController(Object(App\Controllers\Home))
 8 SYSTEMPATH\CodeIgniter.php(354): CodeIgniter\CodeIgniter->handleRequest(null, Object(Config\Cache), false)
 9 SYSTEMPATH\Boot.php(334): CodeIgniter\CodeIgniter->run()
10 SYSTEMPATH\Boot.php(67): CodeIgniter\Boot::runCodeIgniter(Object(CodeIgniter\CodeIgniter))
11 FCPATH\index.php(56): CodeIgniter\Boot::bootWeb(Object(Config\Paths))
DEBUG - 2025-07-24 06:05:45 --> Session: Class initialized using 'CodeIgniter\Session\Handlers\FileHandler' driver.
CRITICAL - 2025-07-24 06:05:45 --> ErrorException: Undefined variable $inventories
[Method: GET, Route: customers]
in APPPATH\Views\Home\customers.php on line 145.
 1 APPPATH\Views\Home\customers.php(145): CodeIgniter\Debug\Exceptions->errorHandler(2, 'Undefined variable $inventories', 'C:\\xampp\\htdocs\\pinestore\\app\\Views\\Home\\customers.php', 145)
 2 SYSTEMPATH\View\View.php(224): include('C:\\xampp\\htdocs\\pinestore\\app\\Views\\Home\\customers.php')
 3 SYSTEMPATH\View\View.php(227): CodeIgniter\View\View->CodeIgniter\View\{closure}()
 4 SYSTEMPATH\Common.php(1173): CodeIgniter\View\View->render('Home/customers', [], true)
 5 APPPATH\Controllers\Home.php(521): view('Home/customers')
 6 SYSTEMPATH\CodeIgniter.php(933): App\Controllers\Home->customers()
 7 SYSTEMPATH\CodeIgniter.php(507): CodeIgniter\CodeIgniter->runController(Object(App\Controllers\Home))
 8 SYSTEMPATH\CodeIgniter.php(354): CodeIgniter\CodeIgniter->handleRequest(null, Object(Config\Cache), false)
 9 SYSTEMPATH\Boot.php(334): CodeIgniter\CodeIgniter->run()
10 SYSTEMPATH\Boot.php(67): CodeIgniter\Boot::runCodeIgniter(Object(CodeIgniter\CodeIgniter))
11 FCPATH\index.php(56): CodeIgniter\Boot::bootWeb(Object(Config\Paths))
DEBUG - 2025-07-24 06:10:55 --> Session: Class initialized using 'CodeIgniter\Session\Handlers\FileHandler' driver.
DEBUG - 2025-07-24 06:11:04 --> Session: Class initialized using 'CodeIgniter\Session\Handlers\FileHandler' driver.
DEBUG - 2025-07-24 06:12:22 --> Session: Class initialized using 'CodeIgniter\Session\Handlers\FileHandler' driver.
DEBUG - 2025-07-24 06:12:23 --> Session: Class initialized using 'CodeIgniter\Session\Handlers\FileHandler' driver.
DEBUG - 2025-07-24 06:12:24 --> Session: Class initialized using 'CodeIgniter\Session\Handlers\FileHandler' driver.
DEBUG - 2025-07-24 06:12:24 --> Session: Class initialized using 'CodeIgniter\Session\Handlers\FileHandler' driver.
DEBUG - 2025-07-24 06:12:30 --> Session: Class initialized using 'CodeIgniter\Session\Handlers\FileHandler' driver.
DEBUG - 2025-07-24 06:12:30 --> Session: Class initialized using 'CodeIgniter\Session\Handlers\FileHandler' driver.
ERROR - 2025-07-24 06:12:31 --> mysqli_sql_exception: Unknown column 'assign_location' in 'where clause' in C:\xampp\htdocs\pinestore\system\Database\MySQLi\Connection.php:327
Stack trace:
#0 C:\xampp\htdocs\pinestore\system\Database\MySQLi\Connection.php(327): mysqli->query('SELECT *\nFROM `...', 0)
#1 C:\xampp\htdocs\pinestore\system\Database\BaseConnection.php(738): CodeIgniter\Database\MySQLi\Connection->execute('SELECT *\nFROM `...')
#2 C:\xampp\htdocs\pinestore\system\Database\BaseConnection.php(652): CodeIgniter\Database\BaseConnection->simpleQuery('SELECT *\nFROM `...')
#3 C:\xampp\htdocs\pinestore\system\Database\BaseBuilder.php(1649): CodeIgniter\Database\BaseConnection->query('SELECT *\nFROM `...', Array, false)
#4 C:\xampp\htdocs\pinestore\system\Model.php(286): CodeIgniter\Database\BaseBuilder->get()
#5 C:\xampp\htdocs\pinestore\system\BaseModel.php(675): CodeIgniter\Model->doFindAll(0, 0)
#6 C:\xampp\htdocs\pinestore\app\Controllers\customer_inventory.php(25): CodeIgniter\BaseModel->findAll()
#7 C:\xampp\htdocs\pinestore\system\CodeIgniter.php(933): App\Controllers\customer_inventory->index()
#8 C:\xampp\htdocs\pinestore\system\CodeIgniter.php(507): CodeIgniter\CodeIgniter->runController(Object(App\Controllers\customer_inventory))
#9 C:\xampp\htdocs\pinestore\system\CodeIgniter.php(354): CodeIgniter\CodeIgniter->handleRequest(NULL, Object(Config\Cache), false)
#10 C:\xampp\htdocs\pinestore\system\Boot.php(334): CodeIgniter\CodeIgniter->run()
#11 C:\xampp\htdocs\pinestore\system\Boot.php(67): CodeIgniter\Boot::runCodeIgniter(Object(CodeIgniter\CodeIgniter))
#12 C:\xampp\htdocs\pinestore\index.php(56): CodeIgniter\Boot::bootWeb(Object(Config\Paths))
#13 {main}
CRITICAL - 2025-07-24 06:12:31 --> CodeIgniter\Database\Exceptions\DatabaseException: Unknown column 'assign_location' in 'where clause'
[Method: GET, Route: customer-inventory]
in SYSTEMPATH\Database\BaseConnection.php on line 692.
 1 SYSTEMPATH\Database\BaseBuilder.php(1649): CodeIgniter\Database\BaseConnection->query('SELECT *
FROM `customer_inventory`
WHERE `assign_location` = :assign_location:', [...], false)
 2 SYSTEMPATH\Model.php(286): CodeIgniter\Database\BaseBuilder->get()
 3 SYSTEMPATH\BaseModel.php(675): CodeIgniter\Model->doFindAll(0, 0)
 4 APPPATH\Controllers\customer_inventory.php(25): CodeIgniter\BaseModel->findAll()
 5 SYSTEMPATH\CodeIgniter.php(933): App\Controllers\customer_inventory->index()
 6 SYSTEMPATH\CodeIgniter.php(507): CodeIgniter\CodeIgniter->runController(Object(App\Controllers\customer_inventory))
 7 SYSTEMPATH\CodeIgniter.php(354): CodeIgniter\CodeIgniter->handleRequest(null, Object(Config\Cache), false)
 8 SYSTEMPATH\Boot.php(334): CodeIgniter\CodeIgniter->run()
 9 SYSTEMPATH\Boot.php(67): CodeIgniter\Boot::runCodeIgniter(Object(CodeIgniter\CodeIgniter))
10 FCPATH\index.php(56): CodeIgniter\Boot::bootWeb(Object(Config\Paths))
CRITICAL - 2025-07-24 06:12:31 --> [Caused by] CodeIgniter\Database\Exceptions\DatabaseException: Unknown column 'assign_location' in 'where clause'
in SYSTEMPATH\Database\MySQLi\Connection.php on line 332.
 1 SYSTEMPATH\Database\BaseConnection.php(738): CodeIgniter\Database\MySQLi\Connection->execute('SELECT *
FROM `customer_inventory`
WHERE `assign_location` = \'Gurgaon Warehouse\'')
 2 SYSTEMPATH\Database\BaseConnection.php(652): CodeIgniter\Database\BaseConnection->simpleQuery('SELECT *
FROM `customer_inventory`
WHERE `assign_location` = \'Gurgaon Warehouse\'')
 3 SYSTEMPATH\Database\BaseBuilder.php(1649): CodeIgniter\Database\BaseConnection->query('SELECT *
FROM `customer_inventory`
WHERE `assign_location` = :assign_location:', [...], false)
 4 SYSTEMPATH\Model.php(286): CodeIgniter\Database\BaseBuilder->get()
 5 SYSTEMPATH\BaseModel.php(675): CodeIgniter\Model->doFindAll(0, 0)
 6 APPPATH\Controllers\customer_inventory.php(25): CodeIgniter\BaseModel->findAll()
 7 SYSTEMPATH\CodeIgniter.php(933): App\Controllers\customer_inventory->index()
 8 SYSTEMPATH\CodeIgniter.php(507): CodeIgniter\CodeIgniter->runController(Object(App\Controllers\customer_inventory))
 9 SYSTEMPATH\CodeIgniter.php(354): CodeIgniter\CodeIgniter->handleRequest(null, Object(Config\Cache), false)
10 SYSTEMPATH\Boot.php(334): CodeIgniter\CodeIgniter->run()
11 SYSTEMPATH\Boot.php(67): CodeIgniter\Boot::runCodeIgniter(Object(CodeIgniter\CodeIgniter))
12 FCPATH\index.php(56): CodeIgniter\Boot::bootWeb(Object(Config\Paths))
CRITICAL - 2025-07-24 06:12:31 --> [Caused by] mysqli_sql_exception: Unknown column 'assign_location' in 'where clause'
in SYSTEMPATH\Database\MySQLi\Connection.php on line 327.
 1 SYSTEMPATH\Database\MySQLi\Connection.php(327): mysqli->query('SELECT *
FROM `customer_inventory`
WHERE `assign_location` = \'Gurgaon Warehouse\'', 0)
 2 SYSTEMPATH\Database\BaseConnection.php(738): CodeIgniter\Database\MySQLi\Connection->execute('SELECT *
FROM `customer_inventory`
WHERE `assign_location` = \'Gurgaon Warehouse\'')
 3 SYSTEMPATH\Database\BaseConnection.php(652): CodeIgniter\Database\BaseConnection->simpleQuery('SELECT *
FROM `customer_inventory`
WHERE `assign_location` = \'Gurgaon Warehouse\'')
 4 SYSTEMPATH\Database\BaseBuilder.php(1649): CodeIgniter\Database\BaseConnection->query('SELECT *
FROM `customer_inventory`
WHERE `assign_location` = :assign_location:', [...], false)
 5 SYSTEMPATH\Model.php(286): CodeIgniter\Database\BaseBuilder->get()
 6 SYSTEMPATH\BaseModel.php(675): CodeIgniter\Model->doFindAll(0, 0)
 7 APPPATH\Controllers\customer_inventory.php(25): CodeIgniter\BaseModel->findAll()
 8 SYSTEMPATH\CodeIgniter.php(933): App\Controllers\customer_inventory->index()
 9 SYSTEMPATH\CodeIgniter.php(507): CodeIgniter\CodeIgniter->runController(Object(App\Controllers\customer_inventory))
10 SYSTEMPATH\CodeIgniter.php(354): CodeIgniter\CodeIgniter->handleRequest(null, Object(Config\Cache), false)
11 SYSTEMPATH\Boot.php(334): CodeIgniter\CodeIgniter->run()
12 SYSTEMPATH\Boot.php(67): CodeIgniter\Boot::runCodeIgniter(Object(CodeIgniter\CodeIgniter))
13 FCPATH\index.php(56): CodeIgniter\Boot::bootWeb(Object(Config\Paths))
DEBUG - 2025-07-24 06:13:29 --> Session: Class initialized using 'CodeIgniter\Session\Handlers\FileHandler' driver.
CRITICAL - 2025-07-24 06:13:29 --> ErrorException: Undefined array key "id"
[Method: GET, Route: customer-inventory]
in APPPATH\Controllers\customer_inventory.php on line 32.
 1 APPPATH\Controllers\customer_inventory.php(32): CodeIgniter\Debug\Exceptions->errorHandler(2, 'Undefined array key "id"', 'C:\\xampp\\htdocs\\pinestore\\app\\Controllers\\customer_inventory.php', 32)
 2 SYSTEMPATH\CodeIgniter.php(933): App\Controllers\customer_inventory->index()
 3 SYSTEMPATH\CodeIgniter.php(507): CodeIgniter\CodeIgniter->runController(Object(App\Controllers\customer_inventory))
 4 SYSTEMPATH\CodeIgniter.php(354): CodeIgniter\CodeIgniter->handleRequest(null, Object(Config\Cache), false)
 5 SYSTEMPATH\Boot.php(334): CodeIgniter\CodeIgniter->run()
 6 SYSTEMPATH\Boot.php(67): CodeIgniter\Boot::runCodeIgniter(Object(CodeIgniter\CodeIgniter))
 7 FCPATH\index.php(56): CodeIgniter\Boot::bootWeb(Object(Config\Paths))
DEBUG - 2025-07-24 06:14:06 --> Session: Class initialized using 'CodeIgniter\Session\Handlers\FileHandler' driver.
CRITICAL - 2025-07-24 06:14:06 --> CodeIgniter\View\Exceptions\ViewException: Invalid file: "customer_inventory/list.php"
[Method: GET, Route: customer-inventory]
in SYSTEMPATH\Exceptions\FrameworkException.php on line 39.
 1 SYSTEMPATH\View\View.php(212): CodeIgniter\Exceptions\FrameworkException::forInvalidFile('customer_inventory/list.php')
 2 SYSTEMPATH\Common.php(1173): CodeIgniter\View\View->render('customer_inventory/list', [], true)
 3 APPPATH\Controllers\customer_inventory.php(35): view('customer_inventory/list', [...])
 4 SYSTEMPATH\CodeIgniter.php(933): App\Controllers\customer_inventory->index()
 5 SYSTEMPATH\CodeIgniter.php(507): CodeIgniter\CodeIgniter->runController(Object(App\Controllers\customer_inventory))
 6 SYSTEMPATH\CodeIgniter.php(354): CodeIgniter\CodeIgniter->handleRequest(null, Object(Config\Cache), false)
 7 SYSTEMPATH\Boot.php(334): CodeIgniter\CodeIgniter->run()
 8 SYSTEMPATH\Boot.php(67): CodeIgniter\Boot::runCodeIgniter(Object(CodeIgniter\CodeIgniter))
 9 FCPATH\index.php(56): CodeIgniter\Boot::bootWeb(Object(Config\Paths))
DEBUG - 2025-07-24 06:15:23 --> Session: Class initialized using 'CodeIgniter\Session\Handlers\FileHandler' driver.
CRITICAL - 2025-07-24 06:15:23 --> CodeIgniter\View\Exceptions\ViewException: Invalid file: "customer_inventory.php"
[Method: GET, Route: customer-inventory]
in SYSTEMPATH\Exceptions\FrameworkException.php on line 39.
 1 SYSTEMPATH\View\View.php(212): CodeIgniter\Exceptions\FrameworkException::forInvalidFile('customer_inventory.php')
 2 SYSTEMPATH\Common.php(1173): CodeIgniter\View\View->render('customer_inventory', [], true)
 3 APPPATH\Controllers\customer_inventory.php(35): view('customer_inventory', [...])
 4 SYSTEMPATH\CodeIgniter.php(933): App\Controllers\customer_inventory->index()
 5 SYSTEMPATH\CodeIgniter.php(507): CodeIgniter\CodeIgniter->runController(Object(App\Controllers\customer_inventory))
 6 SYSTEMPATH\CodeIgniter.php(354): CodeIgniter\CodeIgniter->handleRequest(null, Object(Config\Cache), false)
 7 SYSTEMPATH\Boot.php(334): CodeIgniter\CodeIgniter->run()
 8 SYSTEMPATH\Boot.php(67): CodeIgniter\Boot::runCodeIgniter(Object(CodeIgniter\CodeIgniter))
 9 FCPATH\index.php(56): CodeIgniter\Boot::bootWeb(Object(Config\Paths))
DEBUG - 2025-07-24 06:15:24 --> Session: Class initialized using 'CodeIgniter\Session\Handlers\FileHandler' driver.
CRITICAL - 2025-07-24 06:15:24 --> CodeIgniter\View\Exceptions\ViewException: Invalid file: "customer_inventory.php"
[Method: GET, Route: customer-inventory]
in SYSTEMPATH\Exceptions\FrameworkException.php on line 39.
 1 SYSTEMPATH\View\View.php(212): CodeIgniter\Exceptions\FrameworkException::forInvalidFile('customer_inventory.php')
 2 SYSTEMPATH\Common.php(1173): CodeIgniter\View\View->render('customer_inventory', [], true)
 3 APPPATH\Controllers\customer_inventory.php(35): view('customer_inventory', [...])
 4 SYSTEMPATH\CodeIgniter.php(933): App\Controllers\customer_inventory->index()
 5 SYSTEMPATH\CodeIgniter.php(507): CodeIgniter\CodeIgniter->runController(Object(App\Controllers\customer_inventory))
 6 SYSTEMPATH\CodeIgniter.php(354): CodeIgniter\CodeIgniter->handleRequest(null, Object(Config\Cache), false)
 7 SYSTEMPATH\Boot.php(334): CodeIgniter\CodeIgniter->run()
 8 SYSTEMPATH\Boot.php(67): CodeIgniter\Boot::runCodeIgniter(Object(CodeIgniter\CodeIgniter))
 9 FCPATH\index.php(56): CodeIgniter\Boot::bootWeb(Object(Config\Paths))
DEBUG - 2025-07-24 06:15:24 --> Session: Class initialized using 'CodeIgniter\Session\Handlers\FileHandler' driver.
CRITICAL - 2025-07-24 06:15:24 --> CodeIgniter\View\Exceptions\ViewException: Invalid file: "customer_inventory.php"
[Method: GET, Route: customer-inventory]
in SYSTEMPATH\Exceptions\FrameworkException.php on line 39.
 1 SYSTEMPATH\View\View.php(212): CodeIgniter\Exceptions\FrameworkException::forInvalidFile('customer_inventory.php')
 2 SYSTEMPATH\Common.php(1173): CodeIgniter\View\View->render('customer_inventory', [], true)
 3 APPPATH\Controllers\customer_inventory.php(35): view('customer_inventory', [...])
 4 SYSTEMPATH\CodeIgniter.php(933): App\Controllers\customer_inventory->index()
 5 SYSTEMPATH\CodeIgniter.php(507): CodeIgniter\CodeIgniter->runController(Object(App\Controllers\customer_inventory))
 6 SYSTEMPATH\CodeIgniter.php(354): CodeIgniter\CodeIgniter->handleRequest(null, Object(Config\Cache), false)
 7 SYSTEMPATH\Boot.php(334): CodeIgniter\CodeIgniter->run()
 8 SYSTEMPATH\Boot.php(67): CodeIgniter\Boot::runCodeIgniter(Object(CodeIgniter\CodeIgniter))
 9 FCPATH\index.php(56): CodeIgniter\Boot::bootWeb(Object(Config\Paths))
DEBUG - 2025-07-24 06:15:24 --> Session: Class initialized using 'CodeIgniter\Session\Handlers\FileHandler' driver.
CRITICAL - 2025-07-24 06:15:24 --> CodeIgniter\View\Exceptions\ViewException: Invalid file: "customer_inventory.php"
[Method: GET, Route: customer-inventory]
in SYSTEMPATH\Exceptions\FrameworkException.php on line 39.
 1 SYSTEMPATH\View\View.php(212): CodeIgniter\Exceptions\FrameworkException::forInvalidFile('customer_inventory.php')
 2 SYSTEMPATH\Common.php(1173): CodeIgniter\View\View->render('customer_inventory', [], true)
 3 APPPATH\Controllers\customer_inventory.php(35): view('customer_inventory', [...])
 4 SYSTEMPATH\CodeIgniter.php(933): App\Controllers\customer_inventory->index()
 5 SYSTEMPATH\CodeIgniter.php(507): CodeIgniter\CodeIgniter->runController(Object(App\Controllers\customer_inventory))
 6 SYSTEMPATH\CodeIgniter.php(354): CodeIgniter\CodeIgniter->handleRequest(null, Object(Config\Cache), false)
 7 SYSTEMPATH\Boot.php(334): CodeIgniter\CodeIgniter->run()
 8 SYSTEMPATH\Boot.php(67): CodeIgniter\Boot::runCodeIgniter(Object(CodeIgniter\CodeIgniter))
 9 FCPATH\index.php(56): CodeIgniter\Boot::bootWeb(Object(Config\Paths))
DEBUG - 2025-07-24 06:15:25 --> Session: Class initialized using 'CodeIgniter\Session\Handlers\FileHandler' driver.
CRITICAL - 2025-07-24 06:15:25 --> CodeIgniter\View\Exceptions\ViewException: Invalid file: "customer_inventory.php"
[Method: GET, Route: customer-inventory]
in SYSTEMPATH\Exceptions\FrameworkException.php on line 39.
 1 SYSTEMPATH\View\View.php(212): CodeIgniter\Exceptions\FrameworkException::forInvalidFile('customer_inventory.php')
 2 SYSTEMPATH\Common.php(1173): CodeIgniter\View\View->render('customer_inventory', [], true)
 3 APPPATH\Controllers\customer_inventory.php(35): view('customer_inventory', [...])
 4 SYSTEMPATH\CodeIgniter.php(933): App\Controllers\customer_inventory->index()
 5 SYSTEMPATH\CodeIgniter.php(507): CodeIgniter\CodeIgniter->runController(Object(App\Controllers\customer_inventory))
 6 SYSTEMPATH\CodeIgniter.php(354): CodeIgniter\CodeIgniter->handleRequest(null, Object(Config\Cache), false)
 7 SYSTEMPATH\Boot.php(334): CodeIgniter\CodeIgniter->run()
 8 SYSTEMPATH\Boot.php(67): CodeIgniter\Boot::runCodeIgniter(Object(CodeIgniter\CodeIgniter))
 9 FCPATH\index.php(56): CodeIgniter\Boot::bootWeb(Object(Config\Paths))
DEBUG - 2025-07-24 06:15:34 --> Session: Class initialized using 'CodeIgniter\Session\Handlers\FileHandler' driver.
CRITICAL - 2025-07-24 06:15:34 --> CodeIgniter\View\Exceptions\ViewException: Invalid file: "Home/customer_inventory.php"
[Method: GET, Route: customer-inventory]
in SYSTEMPATH\Exceptions\FrameworkException.php on line 39.
 1 SYSTEMPATH\View\View.php(212): CodeIgniter\Exceptions\FrameworkException::forInvalidFile('Home/customer_inventory.php')
 2 SYSTEMPATH\Common.php(1173): CodeIgniter\View\View->render('Home/customer_inventory', [], true)
 3 APPPATH\Controllers\customer_inventory.php(35): view('Home/customer_inventory', [...])
 4 SYSTEMPATH\CodeIgniter.php(933): App\Controllers\customer_inventory->index()
 5 SYSTEMPATH\CodeIgniter.php(507): CodeIgniter\CodeIgniter->runController(Object(App\Controllers\customer_inventory))
 6 SYSTEMPATH\CodeIgniter.php(354): CodeIgniter\CodeIgniter->handleRequest(null, Object(Config\Cache), false)
 7 SYSTEMPATH\Boot.php(334): CodeIgniter\CodeIgniter->run()
 8 SYSTEMPATH\Boot.php(67): CodeIgniter\Boot::runCodeIgniter(Object(CodeIgniter\CodeIgniter))
 9 FCPATH\index.php(56): CodeIgniter\Boot::bootWeb(Object(Config\Paths))
DEBUG - 2025-07-24 06:15:48 --> Session: Class initialized using 'CodeIgniter\Session\Handlers\FileHandler' driver.
CRITICAL - 2025-07-24 06:15:48 --> CodeIgniter\View\Exceptions\ViewException: Invalid file: "Home/customer.php"
[Method: GET, Route: customer-inventory]
in SYSTEMPATH\Exceptions\FrameworkException.php on line 39.
 1 SYSTEMPATH\View\View.php(212): CodeIgniter\Exceptions\FrameworkException::forInvalidFile('Home/customer.php')
 2 SYSTEMPATH\Common.php(1173): CodeIgniter\View\View->render('Home/customer', [], true)
 3 APPPATH\Controllers\customer_inventory.php(35): view('Home/customer', [...])
 4 SYSTEMPATH\CodeIgniter.php(933): App\Controllers\customer_inventory->index()
 5 SYSTEMPATH\CodeIgniter.php(507): CodeIgniter\CodeIgniter->runController(Object(App\Controllers\customer_inventory))
 6 SYSTEMPATH\CodeIgniter.php(354): CodeIgniter\CodeIgniter->handleRequest(null, Object(Config\Cache), false)
 7 SYSTEMPATH\Boot.php(334): CodeIgniter\CodeIgniter->run()
 8 SYSTEMPATH\Boot.php(67): CodeIgniter\Boot::runCodeIgniter(Object(CodeIgniter\CodeIgniter))
 9 FCPATH\index.php(56): CodeIgniter\Boot::bootWeb(Object(Config\Paths))
DEBUG - 2025-07-24 06:16:01 --> Session: Class initialized using 'CodeIgniter\Session\Handlers\FileHandler' driver.
CRITICAL - 2025-07-24 06:16:02 --> ErrorException: Undefined array key "item_name"
[Method: GET, Route: customer-inventory]
in APPPATH\Views\Home\customers.php on line 148.
 1 APPPATH\Views\Home\customers.php(148): CodeIgniter\Debug\Exceptions->errorHandler(2, 'Undefined array key "item_name"', 'C:\\xampp\\htdocs\\pinestore\\app\\Views\\Home\\customers.php', 148)
 2 SYSTEMPATH\View\View.php(224): include('C:\\xampp\\htdocs\\pinestore\\app\\Views\\Home\\customers.php')
 3 SYSTEMPATH\View\View.php(227): CodeIgniter\View\View->CodeIgniter\View\{closure}()
 4 SYSTEMPATH\Common.php(1173): CodeIgniter\View\View->render('Home/customers', [], true)
 5 APPPATH\Controllers\customer_inventory.php(35): view('Home/customers', [...])
 6 SYSTEMPATH\CodeIgniter.php(933): App\Controllers\customer_inventory->index()
 7 SYSTEMPATH\CodeIgniter.php(507): CodeIgniter\CodeIgniter->runController(Object(App\Controllers\customer_inventory))
 8 SYSTEMPATH\CodeIgniter.php(354): CodeIgniter\CodeIgniter->handleRequest(null, Object(Config\Cache), false)
 9 SYSTEMPATH\Boot.php(334): CodeIgniter\CodeIgniter->run()
10 SYSTEMPATH\Boot.php(67): CodeIgniter\Boot::runCodeIgniter(Object(CodeIgniter\CodeIgniter))
11 FCPATH\index.php(56): CodeIgniter\Boot::bootWeb(Object(Config\Paths))
DEBUG - 2025-07-24 06:20:52 --> Session: Class initialized using 'CodeIgniter\Session\Handlers\FileHandler' driver.
DEBUG - 2025-07-24 06:20:55 --> Session: Class initialized using 'CodeIgniter\Session\Handlers\FileHandler' driver.
DEBUG - 2025-07-24 06:20:55 --> Session: Class initialized using 'CodeIgniter\Session\Handlers\FileHandler' driver.
DEBUG - 2025-07-24 06:20:56 --> Session: Class initialized using 'CodeIgniter\Session\Handlers\FileHandler' driver.
DEBUG - 2025-07-24 06:21:07 --> Session: Class initialized using 'CodeIgniter\Session\Handlers\FileHandler' driver.
DEBUG - 2025-07-24 06:21:08 --> Session: Class initialized using 'CodeIgniter\Session\Handlers\FileHandler' driver.
DEBUG - 2025-07-24 06:21:09 --> Session: Class initialized using 'CodeIgniter\Session\Handlers\FileHandler' driver.
DEBUG - 2025-07-24 06:21:09 --> Session: Class initialized using 'CodeIgniter\Session\Handlers\FileHandler' driver.
DEBUG - 2025-07-24 06:34:24 --> Session: Class initialized using 'CodeIgniter\Session\Handlers\FileHandler' driver.
DEBUG - 2025-07-24 06:34:25 --> Session: Class initialized using 'CodeIgniter\Session\Handlers\FileHandler' driver.
DEBUG - 2025-07-24 06:34:27 --> Session: Class initialized using 'CodeIgniter\Session\Handlers\FileHandler' driver.
DEBUG - 2025-07-24 06:34:27 --> Session: Class initialized using 'CodeIgniter\Session\Handlers\FileHandler' driver.
DEBUG - 2025-07-24 06:34:28 --> Session: Class initialized using 'CodeIgniter\Session\Handlers\FileHandler' driver.
DEBUG - 2025-07-24 06:34:29 --> Session: Class initialized using 'CodeIgniter\Session\Handlers\FileHandler' driver.
DEBUG - 2025-07-24 06:34:29 --> Session: Class initialized using 'CodeIgniter\Session\Handlers\FileHandler' driver.
DEBUG - 2025-07-24 06:34:39 --> Session: Class initialized using 'CodeIgniter\Session\Handlers\FileHandler' driver.
DEBUG - 2025-07-24 06:34:45 --> Session: Class initialized using 'CodeIgniter\Session\Handlers\FileHandler' driver.
DEBUG - 2025-07-24 06:34:45 --> Session: Class initialized using 'CodeIgniter\Session\Handlers\FileHandler' driver.
DEBUG - 2025-07-24 06:38:37 --> Session: Class initialized using 'CodeIgniter\Session\Handlers\FileHandler' driver.
CRITICAL - 2025-07-24 06:38:37 --> CodeIgniter\View\Exceptions\ViewException: Invalid file: "customer_inventory/list.php"
[Method: GET, Route: customer-inventory]
in SYSTEMPATH\Exceptions\FrameworkException.php on line 39.
 1 SYSTEMPATH\View\View.php(212): CodeIgniter\Exceptions\FrameworkException::forInvalidFile('customer_inventory/list.php')
 2 SYSTEMPATH\Common.php(1173): CodeIgniter\View\View->render('customer_inventory/list', [], true)
 3 APPPATH\Controllers\customer_inventory.php(47): view('customer_inventory/list', [...])
 4 SYSTEMPATH\CodeIgniter.php(933): App\Controllers\customer_inventory->list()
 5 SYSTEMPATH\CodeIgniter.php(507): CodeIgniter\CodeIgniter->runController(Object(App\Controllers\customer_inventory))
 6 SYSTEMPATH\CodeIgniter.php(354): CodeIgniter\CodeIgniter->handleRequest(null, Object(Config\Cache), false)
 7 SYSTEMPATH\Boot.php(334): CodeIgniter\CodeIgniter->run()
 8 SYSTEMPATH\Boot.php(67): CodeIgniter\Boot::runCodeIgniter(Object(CodeIgniter\CodeIgniter))
 9 FCPATH\index.php(56): CodeIgniter\Boot::bootWeb(Object(Config\Paths))
DEBUG - 2025-07-24 06:38:51 --> Session: Class initialized using 'CodeIgniter\Session\Handlers\FileHandler' driver.
CRITICAL - 2025-07-24 06:38:51 --> CodeIgniter\View\Exceptions\ViewException: Invalid file: "Home/customer.php"
[Method: GET, Route: customer-inventory]
in SYSTEMPATH\Exceptions\FrameworkException.php on line 39.
 1 SYSTEMPATH\View\View.php(212): CodeIgniter\Exceptions\FrameworkException::forInvalidFile('Home/customer.php')
 2 SYSTEMPATH\Common.php(1173): CodeIgniter\View\View->render('Home/customer', [], true)
 3 APPPATH\Controllers\customer_inventory.php(47): view('Home/customer', [...])
 4 SYSTEMPATH\CodeIgniter.php(933): App\Controllers\customer_inventory->list()
 5 SYSTEMPATH\CodeIgniter.php(507): CodeIgniter\CodeIgniter->runController(Object(App\Controllers\customer_inventory))
 6 SYSTEMPATH\CodeIgniter.php(354): CodeIgniter\CodeIgniter->handleRequest(null, Object(Config\Cache), false)
 7 SYSTEMPATH\Boot.php(334): CodeIgniter\CodeIgniter->run()
 8 SYSTEMPATH\Boot.php(67): CodeIgniter\Boot::runCodeIgniter(Object(CodeIgniter\CodeIgniter))
 9 FCPATH\index.php(56): CodeIgniter\Boot::bootWeb(Object(Config\Paths))
DEBUG - 2025-07-24 06:40:21 --> Session: Class initialized using 'CodeIgniter\Session\Handlers\FileHandler' driver.
DEBUG - 2025-07-24 06:40:31 --> Session: Class initialized using 'CodeIgniter\Session\Handlers\FileHandler' driver.
DEBUG - 2025-07-24 06:40:33 --> Session: Class initialized using 'CodeIgniter\Session\Handlers\FileHandler' driver.
DEBUG - 2025-07-24 06:40:36 --> Session: Class initialized using 'CodeIgniter\Session\Handlers\FileHandler' driver.
DEBUG - 2025-07-24 06:40:45 --> Session: Class initialized using 'CodeIgniter\Session\Handlers\FileHandler' driver.
DEBUG - 2025-07-24 06:40:46 --> Session: Class initialized using 'CodeIgniter\Session\Handlers\FileHandler' driver.
DEBUG - 2025-07-24 06:41:02 --> Session: Class initialized using 'CodeIgniter\Session\Handlers\FileHandler' driver.
DEBUG - 2025-07-24 06:41:07 --> Session: Class initialized using 'CodeIgniter\Session\Handlers\FileHandler' driver.
DEBUG - 2025-07-24 06:41:10 --> Session: Class initialized using 'CodeIgniter\Session\Handlers\FileHandler' driver.
DEBUG - 2025-07-24 06:41:18 --> Session: Class initialized using 'CodeIgniter\Session\Handlers\FileHandler' driver.
DEBUG - 2025-07-24 06:41:18 --> Session: Class initialized using 'CodeIgniter\Session\Handlers\FileHandler' driver.
DEBUG - 2025-07-24 06:42:30 --> Session: Class initialized using 'CodeIgniter\Session\Handlers\FileHandler' driver.
DEBUG - 2025-07-24 06:42:31 --> Session: Class initialized using 'CodeIgniter\Session\Handlers\FileHandler' driver.
DEBUG - 2025-07-24 06:42:31 --> Session: Class initialized using 'CodeIgniter\Session\Handlers\FileHandler' driver.
DEBUG - 2025-07-24 06:42:31 --> Session: Class initialized using 'CodeIgniter\Session\Handlers\FileHandler' driver.
DEBUG - 2025-07-24 06:42:32 --> Session: Class initialized using 'CodeIgniter\Session\Handlers\FileHandler' driver.
DEBUG - 2025-07-24 06:42:32 --> Session: Class initialized using 'CodeIgniter\Session\Handlers\FileHandler' driver.
DEBUG - 2025-07-24 06:42:32 --> Session: Class initialized using 'CodeIgniter\Session\Handlers\FileHandler' driver.
DEBUG - 2025-07-24 06:42:32 --> Session: Class initialized using 'CodeIgniter\Session\Handlers\FileHandler' driver.
DEBUG - 2025-07-24 06:42:32 --> Session: Class initialized using 'CodeIgniter\Session\Handlers\FileHandler' driver.
DEBUG - 2025-07-24 06:42:33 --> Session: Class initialized using 'CodeIgniter\Session\Handlers\FileHandler' driver.
DEBUG - 2025-07-24 06:42:33 --> Session: Class initialized using 'CodeIgniter\Session\Handlers\FileHandler' driver.
DEBUG - 2025-07-24 06:42:33 --> Session: Class initialized using 'CodeIgniter\Session\Handlers\FileHandler' driver.
DEBUG - 2025-07-24 06:42:33 --> Session: Class initialized using 'CodeIgniter\Session\Handlers\FileHandler' driver.
DEBUG - 2025-07-24 06:42:35 --> Session: Class initialized using 'CodeIgniter\Session\Handlers\FileHandler' driver.
DEBUG - 2025-07-24 06:42:36 --> Session: Class initialized using 'CodeIgniter\Session\Handlers\FileHandler' driver.
DEBUG - 2025-07-24 06:42:36 --> Session: Class initialized using 'CodeIgniter\Session\Handlers\FileHandler' driver.
DEBUG - 2025-07-24 06:42:36 --> Session: Class initialized using 'CodeIgniter\Session\Handlers\FileHandler' driver.
DEBUG - 2025-07-24 06:42:37 --> Session: Class initialized using 'CodeIgniter\Session\Handlers\FileHandler' driver.
DEBUG - 2025-07-24 06:42:37 --> Session: Class initialized using 'CodeIgniter\Session\Handlers\FileHandler' driver.
DEBUG - 2025-07-24 06:42:37 --> Session: Class initialized using 'CodeIgniter\Session\Handlers\FileHandler' driver.
DEBUG - 2025-07-24 06:42:37 --> Session: Class initialized using 'CodeIgniter\Session\Handlers\FileHandler' driver.
DEBUG - 2025-07-24 06:42:37 --> Session: Class initialized using 'CodeIgniter\Session\Handlers\FileHandler' driver.
DEBUG - 2025-07-24 06:42:37 --> Session: Class initialized using 'CodeIgniter\Session\Handlers\FileHandler' driver.
DEBUG - 2025-07-24 06:42:38 --> Session: Class initialized using 'CodeIgniter\Session\Handlers\FileHandler' driver.
DEBUG - 2025-07-24 06:42:39 --> Session: Class initialized using 'CodeIgniter\Session\Handlers\FileHandler' driver.
DEBUG - 2025-07-24 06:42:39 --> Session: Class initialized using 'CodeIgniter\Session\Handlers\FileHandler' driver.
DEBUG - 2025-07-24 06:42:40 --> Session: Class initialized using 'CodeIgniter\Session\Handlers\FileHandler' driver.
DEBUG - 2025-07-24 06:42:40 --> Session: Class initialized using 'CodeIgniter\Session\Handlers\FileHandler' driver.
DEBUG - 2025-07-24 06:42:40 --> Session: Class initialized using 'CodeIgniter\Session\Handlers\FileHandler' driver.
DEBUG - 2025-07-24 06:42:40 --> Session: Class initialized using 'CodeIgniter\Session\Handlers\FileHandler' driver.
DEBUG - 2025-07-24 06:42:40 --> Session: Class initialized using 'CodeIgniter\Session\Handlers\FileHandler' driver.
DEBUG - 2025-07-24 06:42:41 --> Session: Class initialized using 'CodeIgniter\Session\Handlers\FileHandler' driver.
DEBUG - 2025-07-24 06:42:41 --> Session: Class initialized using 'CodeIgniter\Session\Handlers\FileHandler' driver.
DEBUG - 2025-07-24 06:42:41 --> Session: Class initialized using 'CodeIgniter\Session\Handlers\FileHandler' driver.
DEBUG - 2025-07-24 06:42:41 --> Session: Class initialized using 'CodeIgniter\Session\Handlers\FileHandler' driver.
DEBUG - 2025-07-24 06:42:42 --> Session: Class initialized using 'CodeIgniter\Session\Handlers\FileHandler' driver.
DEBUG - 2025-07-24 06:42:42 --> Session: Class initialized using 'CodeIgniter\Session\Handlers\FileHandler' driver.
DEBUG - 2025-07-24 06:42:42 --> Session: Class initialized using 'CodeIgniter\Session\Handlers\FileHandler' driver.
DEBUG - 2025-07-24 06:42:42 --> Session: Class initialized using 'CodeIgniter\Session\Handlers\FileHandler' driver.
DEBUG - 2025-07-24 06:42:42 --> Session: Class initialized using 'CodeIgniter\Session\Handlers\FileHandler' driver.
DEBUG - 2025-07-24 06:42:42 --> Session: Class initialized using 'CodeIgniter\Session\Handlers\FileHandler' driver.
DEBUG - 2025-07-24 06:42:43 --> Session: Class initialized using 'CodeIgniter\Session\Handlers\FileHandler' driver.
DEBUG - 2025-07-24 06:42:59 --> Session: Class initialized using 'CodeIgniter\Session\Handlers\FileHandler' driver.
DEBUG - 2025-07-24 06:43:36 --> Session: Class initialized using 'CodeIgniter\Session\Handlers\FileHandler' driver.
DEBUG - 2025-07-24 06:43:37 --> Session: Class initialized using 'CodeIgniter\Session\Handlers\FileHandler' driver.
DEBUG - 2025-07-24 06:43:37 --> Session: Class initialized using 'CodeIgniter\Session\Handlers\FileHandler' driver.
DEBUG - 2025-07-24 06:43:37 --> Session: Class initialized using 'CodeIgniter\Session\Handlers\FileHandler' driver.
DEBUG - 2025-07-24 06:43:37 --> Session: Class initialized using 'CodeIgniter\Session\Handlers\FileHandler' driver.
DEBUG - 2025-07-24 06:43:38 --> Session: Class initialized using 'CodeIgniter\Session\Handlers\FileHandler' driver.
DEBUG - 2025-07-24 06:43:38 --> Session: Class initialized using 'CodeIgniter\Session\Handlers\FileHandler' driver.
DEBUG - 2025-07-24 06:44:08 --> Session: Class initialized using 'CodeIgniter\Session\Handlers\FileHandler' driver.
DEBUG - 2025-07-24 06:44:11 --> Session: Class initialized using 'CodeIgniter\Session\Handlers\FileHandler' driver.
DEBUG - 2025-07-24 06:44:18 --> Session: Class initialized using 'CodeIgniter\Session\Handlers\FileHandler' driver.
DEBUG - 2025-07-24 06:44:19 --> Session: Class initialized using 'CodeIgniter\Session\Handlers\FileHandler' driver.
DEBUG - 2025-07-24 06:44:26 --> Session: Class initialized using 'CodeIgniter\Session\Handlers\FileHandler' driver.
DEBUG - 2025-07-24 06:44:46 --> Session: Class initialized using 'CodeIgniter\Session\Handlers\FileHandler' driver.
DEBUG - 2025-07-24 06:45:22 --> Session: Class initialized using 'CodeIgniter\Session\Handlers\FileHandler' driver.
DEBUG - 2025-07-24 06:45:39 --> Session: Class initialized using 'CodeIgniter\Session\Handlers\FileHandler' driver.
DEBUG - 2025-07-24 06:46:10 --> Session: Class initialized using 'CodeIgniter\Session\Handlers\FileHandler' driver.
DEBUG - 2025-07-24 06:46:21 --> Session: Class initialized using 'CodeIgniter\Session\Handlers\FileHandler' driver.
DEBUG - 2025-07-24 06:48:59 --> Session: Class initialized using 'CodeIgniter\Session\Handlers\FileHandler' driver.
DEBUG - 2025-07-24 06:49:00 --> Session: Class initialized using 'CodeIgniter\Session\Handlers\FileHandler' driver.
DEBUG - 2025-07-24 06:49:01 --> Session: Class initialized using 'CodeIgniter\Session\Handlers\FileHandler' driver.
DEBUG - 2025-07-24 06:49:01 --> Session: Class initialized using 'CodeIgniter\Session\Handlers\FileHandler' driver.
DEBUG - 2025-07-24 06:56:16 --> Session: Class initialized using 'CodeIgniter\Session\Handlers\FileHandler' driver.
DEBUG - 2025-07-24 06:56:19 --> Session: Class initialized using 'CodeIgniter\Session\Handlers\FileHandler' driver.
DEBUG - 2025-07-24 06:56:29 --> Session: Class initialized using 'CodeIgniter\Session\Handlers\FileHandler' driver.
CRITICAL - 2025-07-24 06:56:29 --> CodeIgniter\View\Exceptions\ViewException: Invalid file: "Home/manageread.php"
[Method: GET, Route: manager/order-leads]
in SYSTEMPATH\Exceptions\FrameworkException.php on line 39.
 1 SYSTEMPATH\View\View.php(212): CodeIgniter\Exceptions\FrameworkException::forInvalidFile('Home/manageread.php')
 2 SYSTEMPATH\Common.php(1173): CodeIgniter\View\View->render('Home/manageread', [], true)
 3 APPPATH\Controllers\Home.php(759): view('Home/manageread')
 4 SYSTEMPATH\CodeIgniter.php(933): App\Controllers\Home->getOrderLeads()
 5 SYSTEMPATH\CodeIgniter.php(507): CodeIgniter\CodeIgniter->runController(Object(App\Controllers\Home))
 6 SYSTEMPATH\CodeIgniter.php(354): CodeIgniter\CodeIgniter->handleRequest(null, Object(Config\Cache), false)
 7 SYSTEMPATH\Boot.php(334): CodeIgniter\CodeIgniter->run()
 8 SYSTEMPATH\Boot.php(67): CodeIgniter\Boot::runCodeIgniter(Object(CodeIgniter\CodeIgniter))
 9 FCPATH\index.php(56): CodeIgniter\Boot::bootWeb(Object(Config\Paths))
CRITICAL - 2025-07-24 06:59:33 --> CodeIgniter\View\Exceptions\ViewException: Invalid file: "Home/managerlead.php"
[Method: GET, Route: manager/order-leads]
in SYSTEMPATH\Exceptions\FrameworkException.php on line 39.
 1 SYSTEMPATH\View\View.php(212): CodeIgniter\Exceptions\FrameworkException::forInvalidFile('Home/managerlead.php')
 2 SYSTEMPATH\Common.php(1173): CodeIgniter\View\View->render('Home/managerlead', [], true)
 3 APPPATH\Controllers\Home.php(759): view('Home/managerlead')
 4 SYSTEMPATH\CodeIgniter.php(933): App\Controllers\Home->getOrderLeads()
 5 SYSTEMPATH\CodeIgniter.php(507): CodeIgniter\CodeIgniter->runController(Object(App\Controllers\Home))
 6 SYSTEMPATH\CodeIgniter.php(354): CodeIgniter\CodeIgniter->handleRequest(null, Object(Config\Cache), false)
 7 SYSTEMPATH\Boot.php(334): CodeIgniter\CodeIgniter->run()
 8 SYSTEMPATH\Boot.php(67): CodeIgniter\Boot::runCodeIgniter(Object(CodeIgniter\CodeIgniter))
 9 FCPATH\index.php(56): CodeIgniter\Boot::bootWeb(Object(Config\Paths))
CRITICAL - 2025-07-24 07:00:01 --> CodeIgniter\View\Exceptions\ViewException: Invalid file: "Home/managerlead.php"
[Method: GET, Route: manager/order-leads]
in SYSTEMPATH\Exceptions\FrameworkException.php on line 39.
 1 SYSTEMPATH\View\View.php(212): CodeIgniter\Exceptions\FrameworkException::forInvalidFile('Home/managerlead.php')
 2 SYSTEMPATH\Common.php(1173): CodeIgniter\View\View->render('Home/managerlead', [], true)
 3 APPPATH\Controllers\Home.php(759): view('Home/managerlead')
 4 SYSTEMPATH\CodeIgniter.php(933): App\Controllers\Home->getOrderLeads()
 5 SYSTEMPATH\CodeIgniter.php(507): CodeIgniter\CodeIgniter->runController(Object(App\Controllers\Home))
 6 SYSTEMPATH\CodeIgniter.php(354): CodeIgniter\CodeIgniter->handleRequest(null, Object(Config\Cache), false)
 7 SYSTEMPATH\Boot.php(334): CodeIgniter\CodeIgniter->run()
 8 SYSTEMPATH\Boot.php(67): CodeIgniter\Boot::runCodeIgniter(Object(CodeIgniter\CodeIgniter))
 9 FCPATH\index.php(56): CodeIgniter\Boot::bootWeb(Object(Config\Paths))
DEBUG - 2025-07-24 07:01:37 --> Session: Class initialized using 'CodeIgniter\Session\Handlers\FileHandler' driver.
CRITICAL - 2025-07-24 07:01:37 --> CodeIgniter\Exceptions\RuntimeException: View themes, no current section.
[Method: GET, Route: manager/order-leads]
in SYSTEMPATH\View\View.php on line 430.
 1 APPPATH\Views\Home\mangerlead.php(23): CodeIgniter\View\View->endSection()
 2 SYSTEMPATH\View\View.php(224): include('C:\\xampp\\htdocs\\pinestore\\app\\Views\\Home\\mangerlead.php')
 3 SYSTEMPATH\View\View.php(227): CodeIgniter\View\View->CodeIgniter\View\{closure}()
 4 SYSTEMPATH\Common.php(1173): CodeIgniter\View\View->render('Home/mangerlead', [], true)
 5 APPPATH\Controllers\Home.php(759): view('Home/mangerlead')
 6 SYSTEMPATH\CodeIgniter.php(933): App\Controllers\Home->getOrderLeads()
 7 SYSTEMPATH\CodeIgniter.php(507): CodeIgniter\CodeIgniter->runController(Object(App\Controllers\Home))
 8 SYSTEMPATH\CodeIgniter.php(354): CodeIgniter\CodeIgniter->handleRequest(null, Object(Config\Cache), false)
 9 SYSTEMPATH\Boot.php(334): CodeIgniter\CodeIgniter->run()
10 SYSTEMPATH\Boot.php(67): CodeIgniter\Boot::runCodeIgniter(Object(CodeIgniter\CodeIgniter))
11 FCPATH\index.php(56): CodeIgniter\Boot::bootWeb(Object(Config\Paths))
DEBUG - 2025-07-24 07:03:01 --> Session: Class initialized using 'CodeIgniter\Session\Handlers\FileHandler' driver.
CRITICAL - 2025-07-24 07:03:01 --> CodeIgniter\Exceptions\RuntimeException: View themes, no current section.
[Method: GET, Route: manager/order-leads]
in SYSTEMPATH\View\View.php on line 430.
 1 APPPATH\Views\Home\mangerlead.php(23): CodeIgniter\View\View->endSection()
 2 SYSTEMPATH\View\View.php(224): include('C:\\xampp\\htdocs\\pinestore\\app\\Views\\Home\\mangerlead.php')
 3 SYSTEMPATH\View\View.php(227): CodeIgniter\View\View->CodeIgniter\View\{closure}()
 4 SYSTEMPATH\Common.php(1173): CodeIgniter\View\View->render('Home/mangerlead', [], true)
 5 APPPATH\Controllers\Home.php(759): view('Home/mangerlead')
 6 SYSTEMPATH\CodeIgniter.php(933): App\Controllers\Home->getOrderLeads()
 7 SYSTEMPATH\CodeIgniter.php(507): CodeIgniter\CodeIgniter->runController(Object(App\Controllers\Home))
 8 SYSTEMPATH\CodeIgniter.php(354): CodeIgniter\CodeIgniter->handleRequest(null, Object(Config\Cache), false)
 9 SYSTEMPATH\Boot.php(334): CodeIgniter\CodeIgniter->run()
10 SYSTEMPATH\Boot.php(67): CodeIgniter\Boot::runCodeIgniter(Object(CodeIgniter\CodeIgniter))
11 FCPATH\index.php(56): CodeIgniter\Boot::bootWeb(Object(Config\Paths))
DEBUG - 2025-07-24 07:04:17 --> Session: Class initialized using 'CodeIgniter\Session\Handlers\FileHandler' driver.
DEBUG - 2025-07-24 07:04:17 --> Session: Class initialized using 'CodeIgniter\Session\Handlers\FileHandler' driver.
DEBUG - 2025-07-24 07:04:19 --> Session: Class initialized using 'CodeIgniter\Session\Handlers\FileHandler' driver.
DEBUG - 2025-07-24 07:04:19 --> Session: Class initialized using 'CodeIgniter\Session\Handlers\FileHandler' driver.
DEBUG - 2025-07-24 07:04:20 --> Session: Class initialized using 'CodeIgniter\Session\Handlers\FileHandler' driver.
DEBUG - 2025-07-24 07:04:27 --> Session: Class initialized using 'CodeIgniter\Session\Handlers\FileHandler' driver.
DEBUG - 2025-07-24 07:04:28 --> Session: Class initialized using 'CodeIgniter\Session\Handlers\FileHandler' driver.
DEBUG - 2025-07-24 07:04:32 --> Session: Class initialized using 'CodeIgniter\Session\Handlers\FileHandler' driver.
DEBUG - 2025-07-24 07:04:33 --> Session: Class initialized using 'CodeIgniter\Session\Handlers\FileHandler' driver.
DEBUG - 2025-07-24 07:04:34 --> Session: Class initialized using 'CodeIgniter\Session\Handlers\FileHandler' driver.
DEBUG - 2025-07-24 07:04:57 --> Session: Class initialized using 'CodeIgniter\Session\Handlers\FileHandler' driver.
DEBUG - 2025-07-24 07:04:57 --> Session: Class initialized using 'CodeIgniter\Session\Handlers\FileHandler' driver.
DEBUG - 2025-07-24 07:05:12 --> Session: Class initialized using 'CodeIgniter\Session\Handlers\FileHandler' driver.
DEBUG - 2025-07-24 07:05:13 --> Session: Class initialized using 'CodeIgniter\Session\Handlers\FileHandler' driver.
DEBUG - 2025-07-24 07:05:18 --> Session: Class initialized using 'CodeIgniter\Session\Handlers\FileHandler' driver.
DEBUG - 2025-07-24 07:05:18 --> Session: Class initialized using 'CodeIgniter\Session\Handlers\FileHandler' driver.
DEBUG - 2025-07-24 07:07:50 --> Session: Class initialized using 'CodeIgniter\Session\Handlers\FileHandler' driver.
DEBUG - 2025-07-24 07:07:51 --> Session: Class initialized using 'CodeIgniter\Session\Handlers\FileHandler' driver.
DEBUG - 2025-07-24 07:07:53 --> Session: Class initialized using 'CodeIgniter\Session\Handlers\FileHandler' driver.
DEBUG - 2025-07-24 07:07:54 --> Session: Class initialized using 'CodeIgniter\Session\Handlers\FileHandler' driver.
DEBUG - 2025-07-24 07:07:58 --> Session: Class initialized using 'CodeIgniter\Session\Handlers\FileHandler' driver.
DEBUG - 2025-07-24 07:07:58 --> Session: Class initialized using 'CodeIgniter\Session\Handlers\FileHandler' driver.
DEBUG - 2025-07-24 07:08:05 --> Session: Class initialized using 'CodeIgniter\Session\Handlers\FileHandler' driver.
DEBUG - 2025-07-24 07:08:05 --> Session: Class initialized using 'CodeIgniter\Session\Handlers\FileHandler' driver.
DEBUG - 2025-07-24 07:20:21 --> Session: Class initialized using 'CodeIgniter\Session\Handlers\FileHandler' driver.
CRITICAL - 2025-07-24 07:20:21 --> CodeIgniter\Exceptions\RuntimeException: View themes, no current section.
[Method: GET, Route: manager/order-leads]
in SYSTEMPATH\View\View.php on line 430.
 1 APPPATH\Views\Home\mangerlead.php(23): CodeIgniter\View\View->endSection()
 2 SYSTEMPATH\View\View.php(224): include('C:\\xampp\\htdocs\\pinestore\\app\\Views\\Home\\mangerlead.php')
 3 SYSTEMPATH\View\View.php(227): CodeIgniter\View\View->CodeIgniter\View\{closure}()
 4 SYSTEMPATH\Common.php(1173): CodeIgniter\View\View->render('Home/mangerlead', [], true)
 5 APPPATH\Controllers\Home.php(759): view('Home/mangerlead')
 6 SYSTEMPATH\CodeIgniter.php(933): App\Controllers\Home->getOrderLeads()
 7 SYSTEMPATH\CodeIgniter.php(507): CodeIgniter\CodeIgniter->runController(Object(App\Controllers\Home))
 8 SYSTEMPATH\CodeIgniter.php(354): CodeIgniter\CodeIgniter->handleRequest(null, Object(Config\Cache), false)
 9 SYSTEMPATH\Boot.php(334): CodeIgniter\CodeIgniter->run()
10 SYSTEMPATH\Boot.php(67): CodeIgniter\Boot::runCodeIgniter(Object(CodeIgniter\CodeIgniter))
11 FCPATH\index.php(56): CodeIgniter\Boot::bootWeb(Object(Config\Paths))
DEBUG - 2025-07-24 07:20:27 --> Session: Class initialized using 'CodeIgniter\Session\Handlers\FileHandler' driver.
DEBUG - 2025-07-24 07:20:29 --> Session: Class initialized using 'CodeIgniter\Session\Handlers\FileHandler' driver.
DEBUG - 2025-07-24 07:20:29 --> Session: Class initialized using 'CodeIgniter\Session\Handlers\FileHandler' driver.
DEBUG - 2025-07-24 07:20:30 --> Session: Class initialized using 'CodeIgniter\Session\Handlers\FileHandler' driver.
DEBUG - 2025-07-24 07:20:35 --> Session: Class initialized using 'CodeIgniter\Session\Handlers\FileHandler' driver.
DEBUG - 2025-07-24 07:20:35 --> Session: Class initialized using 'CodeIgniter\Session\Handlers\FileHandler' driver.
DEBUG - 2025-07-24 07:23:03 --> Session: Class initialized using 'CodeIgniter\Session\Handlers\FileHandler' driver.
DEBUG - 2025-07-24 07:23:04 --> Session: Class initialized using 'CodeIgniter\Session\Handlers\FileHandler' driver.
DEBUG - 2025-07-24 07:24:20 --> Session: Class initialized using 'CodeIgniter\Session\Handlers\FileHandler' driver.
DEBUG - 2025-07-24 07:24:21 --> Session: Class initialized using 'CodeIgniter\Session\Handlers\FileHandler' driver.
DEBUG - 2025-07-24 07:29:34 --> Session: Class initialized using 'CodeIgniter\Session\Handlers\FileHandler' driver.
DEBUG - 2025-07-24 07:29:35 --> Session: Class initialized using 'CodeIgniter\Session\Handlers\FileHandler' driver.
DEBUG - 2025-07-24 07:31:23 --> Session: Class initialized using 'CodeIgniter\Session\Handlers\FileHandler' driver.
DEBUG - 2025-07-24 07:31:23 --> Session: Class initialized using 'CodeIgniter\Session\Handlers\FileHandler' driver.
DEBUG - 2025-07-24 07:32:05 --> Session: Class initialized using 'CodeIgniter\Session\Handlers\FileHandler' driver.
DEBUG - 2025-07-24 07:32:05 --> Session: Class initialized using 'CodeIgniter\Session\Handlers\FileHandler' driver.
DEBUG - 2025-07-24 07:32:17 --> Session: Class initialized using 'CodeIgniter\Session\Handlers\FileHandler' driver.
DEBUG - 2025-07-24 07:32:17 --> Session: Class initialized using 'CodeIgniter\Session\Handlers\FileHandler' driver.
DEBUG - 2025-07-24 07:32:51 --> Session: Class initialized using 'CodeIgniter\Session\Handlers\FileHandler' driver.
DEBUG - 2025-07-24 07:32:57 --> Session: Class initialized using 'CodeIgniter\Session\Handlers\FileHandler' driver.
DEBUG - 2025-07-24 07:32:58 --> Session: Class initialized using 'CodeIgniter\Session\Handlers\FileHandler' driver.
CRITICAL - 2025-07-24 07:32:58 --> CodeIgniter\Exceptions\RuntimeException: View themes, no current section.
[Method: GET, Route: manager/order-leads]
in SYSTEMPATH\View\View.php on line 430.
 1 APPPATH\Views\Home\mangerlead.php(23): CodeIgniter\View\View->endSection()
 2 SYSTEMPATH\View\View.php(224): include('C:\\xampp\\htdocs\\pinestore\\app\\Views\\Home\\mangerlead.php')
 3 SYSTEMPATH\View\View.php(227): CodeIgniter\View\View->CodeIgniter\View\{closure}()
 4 SYSTEMPATH\Common.php(1173): CodeIgniter\View\View->render('Home/mangerlead', [], true)
 5 APPPATH\Controllers\Home.php(759): view('Home/mangerlead')
 6 SYSTEMPATH\CodeIgniter.php(933): App\Controllers\Home->getOrderLeads()
 7 SYSTEMPATH\CodeIgniter.php(507): CodeIgniter\CodeIgniter->runController(Object(App\Controllers\Home))
 8 SYSTEMPATH\CodeIgniter.php(354): CodeIgniter\CodeIgniter->handleRequest(null, Object(Config\Cache), false)
 9 SYSTEMPATH\Boot.php(334): CodeIgniter\CodeIgniter->run()
10 SYSTEMPATH\Boot.php(67): CodeIgniter\Boot::runCodeIgniter(Object(CodeIgniter\CodeIgniter))
11 FCPATH\index.php(56): CodeIgniter\Boot::bootWeb(Object(Config\Paths))
DEBUG - 2025-07-24 07:33:32 --> Session: Class initialized using 'CodeIgniter\Session\Handlers\FileHandler' driver.
DEBUG - 2025-07-24 07:33:32 --> Session: Class initialized using 'CodeIgniter\Session\Handlers\FileHandler' driver.
DEBUG - 2025-07-24 07:33:36 --> Session: Class initialized using 'CodeIgniter\Session\Handlers\FileHandler' driver.
DEBUG - 2025-07-24 07:33:37 --> Session: Class initialized using 'CodeIgniter\Session\Handlers\FileHandler' driver.
DEBUG - 2025-07-24 07:33:50 --> Session: Class initialized using 'CodeIgniter\Session\Handlers\FileHandler' driver.
DEBUG - 2025-07-24 07:33:50 --> Session: Class initialized using 'CodeIgniter\Session\Handlers\FileHandler' driver.
DEBUG - 2025-07-24 07:33:59 --> Session: Class initialized using 'CodeIgniter\Session\Handlers\FileHandler' driver.
DEBUG - 2025-07-24 07:33:59 --> Session: Class initialized using 'CodeIgniter\Session\Handlers\FileHandler' driver.
DEBUG - 2025-07-24 07:34:00 --> Session: Class initialized using 'CodeIgniter\Session\Handlers\FileHandler' driver.
DEBUG - 2025-07-24 07:34:01 --> Session: Class initialized using 'CodeIgniter\Session\Handlers\FileHandler' driver.
DEBUG - 2025-07-24 07:34:12 --> Session: Class initialized using 'CodeIgniter\Session\Handlers\FileHandler' driver.
DEBUG - 2025-07-24 07:34:13 --> Session: Class initialized using 'CodeIgniter\Session\Handlers\FileHandler' driver.
DEBUG - 2025-07-24 07:34:22 --> Session: Class initialized using 'CodeIgniter\Session\Handlers\FileHandler' driver.
DEBUG - 2025-07-24 07:34:22 --> Session: Class initialized using 'CodeIgniter\Session\Handlers\FileHandler' driver.
DEBUG - 2025-07-24 07:34:24 --> Session: Class initialized using 'CodeIgniter\Session\Handlers\FileHandler' driver.
DEBUG - 2025-07-24 07:34:24 --> Session: Class initialized using 'CodeIgniter\Session\Handlers\FileHandler' driver.
DEBUG - 2025-07-24 07:34:32 --> Session: Class initialized using 'CodeIgniter\Session\Handlers\FileHandler' driver.
DEBUG - 2025-07-24 07:34:32 --> Session: Class initialized using 'CodeIgniter\Session\Handlers\FileHandler' driver.
DEBUG - 2025-07-24 07:34:44 --> Session: Class initialized using 'CodeIgniter\Session\Handlers\FileHandler' driver.
DEBUG - 2025-07-24 07:34:44 --> Session: Class initialized using 'CodeIgniter\Session\Handlers\FileHandler' driver.
DEBUG - 2025-07-24 07:36:39 --> Session: Class initialized using 'CodeIgniter\Session\Handlers\FileHandler' driver.
DEBUG - 2025-07-24 07:36:39 --> Session: Class initialized using 'CodeIgniter\Session\Handlers\FileHandler' driver.
CRITICAL - 2025-07-24 07:36:40 --> CodeIgniter\HTTP\Exceptions\BadRequestException: The URI you submitted has disallowed characters: "<"
[Method: GET, Route: barcode/%3C]
in SYSTEMPATH\Router\Router.php on line 739.
 1 SYSTEMPATH\Router\Router.php(207): CodeIgniter\Router\Router->checkDisallowedChars('barcode/<')
 2 SYSTEMPATH\CodeIgniter.php(832): CodeIgniter\Router\Router->handle('barcode/<')
 3 SYSTEMPATH\CodeIgniter.php(455): CodeIgniter\CodeIgniter->tryToRouteIt(Object(CodeIgniter\Router\RouteCollection))
 4 SYSTEMPATH\CodeIgniter.php(354): CodeIgniter\CodeIgniter->handleRequest(null, Object(Config\Cache), false)
 5 SYSTEMPATH\Boot.php(334): CodeIgniter\CodeIgniter->run()
 6 SYSTEMPATH\Boot.php(67): CodeIgniter\Boot::runCodeIgniter(Object(CodeIgniter\CodeIgniter))
 7 FCPATH\index.php(56): CodeIgniter\Boot::bootWeb(Object(Config\Paths))
DEBUG - 2025-07-24 07:37:22 --> Session: Class initialized using 'CodeIgniter\Session\Handlers\FileHandler' driver.
DEBUG - 2025-07-24 07:37:23 --> Session: Class initialized using 'CodeIgniter\Session\Handlers\FileHandler' driver.
CRITICAL - 2025-07-24 07:37:24 --> CodeIgniter\HTTP\Exceptions\BadRequestException: The URI you submitted has disallowed characters: "<"
[Method: GET, Route: barcode/%3C]
in SYSTEMPATH\Router\Router.php on line 739.
 1 SYSTEMPATH\Router\Router.php(207): CodeIgniter\Router\Router->checkDisallowedChars('barcode/<')
 2 SYSTEMPATH\CodeIgniter.php(832): CodeIgniter\Router\Router->handle('barcode/<')
 3 SYSTEMPATH\CodeIgniter.php(455): CodeIgniter\CodeIgniter->tryToRouteIt(Object(CodeIgniter\Router\RouteCollection))
 4 SYSTEMPATH\CodeIgniter.php(354): CodeIgniter\CodeIgniter->handleRequest(null, Object(Config\Cache), false)
 5 SYSTEMPATH\Boot.php(334): CodeIgniter\CodeIgniter->run()
 6 SYSTEMPATH\Boot.php(67): CodeIgniter\Boot::runCodeIgniter(Object(CodeIgniter\CodeIgniter))
 7 FCPATH\index.php(56): CodeIgniter\Boot::bootWeb(Object(Config\Paths))
DEBUG - 2025-07-24 07:40:14 --> Session: Class initialized using 'CodeIgniter\Session\Handlers\FileHandler' driver.
CRITICAL - 2025-07-24 07:40:14 --> ErrorException: Undefined variable $row
[Method: GET, Route: barcode/list]
in APPPATH\Views\Home\barcode_list.php on line 76.
 1 APPPATH\Views\Home\barcode_list.php(76): CodeIgniter\Debug\Exceptions->errorHandler(2, 'Undefined variable $row', 'C:\\xampp\\htdocs\\pinestore\\app\\Views\\Home\\barcode_list.php', 76)
 2 SYSTEMPATH\View\View.php(224): include('C:\\xampp\\htdocs\\pinestore\\app\\Views\\Home\\barcode_list.php')
 3 SYSTEMPATH\View\View.php(227): CodeIgniter\View\View->CodeIgniter\View\{closure}()
 4 SYSTEMPATH\Common.php(1173): CodeIgniter\View\View->render('Home/barcode_list', [], true)
 5 APPPATH\Controllers\BarcodeController.php(166): view('Home/barcode_list', [...])
 6 SYSTEMPATH\CodeIgniter.php(933): App\Controllers\BarcodeController->list()
 7 SYSTEMPATH\CodeIgniter.php(507): CodeIgniter\CodeIgniter->runController(Object(App\Controllers\BarcodeController))
 8 SYSTEMPATH\CodeIgniter.php(354): CodeIgniter\CodeIgniter->handleRequest(null, Object(Config\Cache), false)
 9 SYSTEMPATH\Boot.php(334): CodeIgniter\CodeIgniter->run()
10 SYSTEMPATH\Boot.php(67): CodeIgniter\Boot::runCodeIgniter(Object(CodeIgniter\CodeIgniter))
11 FCPATH\index.php(56): CodeIgniter\Boot::bootWeb(Object(Config\Paths))
DEBUG - 2025-07-24 07:41:37 --> Session: Class initialized using 'CodeIgniter\Session\Handlers\FileHandler' driver.
DEBUG - 2025-07-24 07:41:38 --> Session: Class initialized using 'CodeIgniter\Session\Handlers\FileHandler' driver.
DEBUG - 2025-07-24 07:41:57 --> Session: Class initialized using 'CodeIgniter\Session\Handlers\FileHandler' driver.
CRITICAL - 2025-07-24 07:41:57 --> ErrorException: Undefined array key "inventory_id"
[Method: GET, Route: barcode/list]
in APPPATH\Views\Home\barcode_list.php on line 76.
 1 APPPATH\Views\Home\barcode_list.php(76): CodeIgniter\Debug\Exceptions->errorHandler(2, 'Undefined array key "inventory_id"', 'C:\\xampp\\htdocs\\pinestore\\app\\Views\\Home\\barcode_list.php', 76)
 2 SYSTEMPATH\View\View.php(224): include('C:\\xampp\\htdocs\\pinestore\\app\\Views\\Home\\barcode_list.php')
 3 SYSTEMPATH\View\View.php(227): CodeIgniter\View\View->CodeIgniter\View\{closure}()
 4 SYSTEMPATH\Common.php(1173): CodeIgniter\View\View->render('Home/barcode_list', [], true)
 5 APPPATH\Controllers\BarcodeController.php(166): view('Home/barcode_list', [...])
 6 SYSTEMPATH\CodeIgniter.php(933): App\Controllers\BarcodeController->list()
 7 SYSTEMPATH\CodeIgniter.php(507): CodeIgniter\CodeIgniter->runController(Object(App\Controllers\BarcodeController))
 8 SYSTEMPATH\CodeIgniter.php(354): CodeIgniter\CodeIgniter->handleRequest(null, Object(Config\Cache), false)
 9 SYSTEMPATH\Boot.php(334): CodeIgniter\CodeIgniter->run()
10 SYSTEMPATH\Boot.php(67): CodeIgniter\Boot::runCodeIgniter(Object(CodeIgniter\CodeIgniter))
11 FCPATH\index.php(56): CodeIgniter\Boot::bootWeb(Object(Config\Paths))
DEBUG - 2025-07-24 07:42:07 --> Session: Class initialized using 'CodeIgniter\Session\Handlers\FileHandler' driver.
DEBUG - 2025-07-24 07:42:08 --> Session: Class initialized using 'CodeIgniter\Session\Handlers\FileHandler' driver.
DEBUG - 2025-07-24 07:42:14 --> Session: Class initialized using 'CodeIgniter\Session\Handlers\FileHandler' driver.
DEBUG - 2025-07-24 07:42:15 --> Session: Class initialized using 'CodeIgniter\Session\Handlers\FileHandler' driver.
DEBUG - 2025-07-24 07:44:19 --> Session: Class initialized using 'CodeIgniter\Session\Handlers\FileHandler' driver.
CRITICAL - 2025-07-24 07:44:19 --> ErrorException: Undefined variable $parentBarcodes
[Method: GET, Route: barcode/list]
in APPPATH\Views\Home\barcode_list.php on line 53.
 1 APPPATH\Views\Home\barcode_list.php(53): CodeIgniter\Debug\Exceptions->errorHandler(2, 'Undefined variable $parentBarcodes', 'C:\\xampp\\htdocs\\pinestore\\app\\Views\\Home\\barcode_list.php', 53)
 2 SYSTEMPATH\View\View.php(224): include('C:\\xampp\\htdocs\\pinestore\\app\\Views\\Home\\barcode_list.php')
 3 SYSTEMPATH\View\View.php(227): CodeIgniter\View\View->CodeIgniter\View\{closure}()
 4 SYSTEMPATH\Common.php(1173): CodeIgniter\View\View->render('Home/barcode_list', [], true)
 5 APPPATH\Controllers\BarcodeController.php(166): view('Home/barcode_list', [...])
 6 SYSTEMPATH\CodeIgniter.php(933): App\Controllers\BarcodeController->list()
 7 SYSTEMPATH\CodeIgniter.php(507): CodeIgniter\CodeIgniter->runController(Object(App\Controllers\BarcodeController))
 8 SYSTEMPATH\CodeIgniter.php(354): CodeIgniter\CodeIgniter->handleRequest(null, Object(Config\Cache), false)
 9 SYSTEMPATH\Boot.php(334): CodeIgniter\CodeIgniter->run()
10 SYSTEMPATH\Boot.php(67): CodeIgniter\Boot::runCodeIgniter(Object(CodeIgniter\CodeIgniter))
11 FCPATH\index.php(56): CodeIgniter\Boot::bootWeb(Object(Config\Paths))
DEBUG - 2025-07-24 07:44:29 --> Session: Class initialized using 'CodeIgniter\Session\Handlers\FileHandler' driver.
CRITICAL - 2025-07-24 07:44:29 --> ErrorException: Undefined variable $index
[Method: GET, Route: barcode/list]
in APPPATH\Views\Home\barcode_list.php on line 55.
 1 APPPATH\Views\Home\barcode_list.php(55): CodeIgniter\Debug\Exceptions->errorHandler(2, 'Undefined variable $index', 'C:\\xampp\\htdocs\\pinestore\\app\\Views\\Home\\barcode_list.php', 55)
 2 SYSTEMPATH\View\View.php(224): include('C:\\xampp\\htdocs\\pinestore\\app\\Views\\Home\\barcode_list.php')
 3 SYSTEMPATH\View\View.php(227): CodeIgniter\View\View->CodeIgniter\View\{closure}()
 4 SYSTEMPATH\Common.php(1173): CodeIgniter\View\View->render('Home/barcode_list', [], true)
 5 APPPATH\Controllers\BarcodeController.php(166): view('Home/barcode_list', [...])
 6 SYSTEMPATH\CodeIgniter.php(933): App\Controllers\BarcodeController->list()
 7 SYSTEMPATH\CodeIgniter.php(507): CodeIgniter\CodeIgniter->runController(Object(App\Controllers\BarcodeController))
 8 SYSTEMPATH\CodeIgniter.php(354): CodeIgniter\CodeIgniter->handleRequest(null, Object(Config\Cache), false)
 9 SYSTEMPATH\Boot.php(334): CodeIgniter\CodeIgniter->run()
10 SYSTEMPATH\Boot.php(67): CodeIgniter\Boot::runCodeIgniter(Object(CodeIgniter\CodeIgniter))
11 FCPATH\index.php(56): CodeIgniter\Boot::bootWeb(Object(Config\Paths))
DEBUG - 2025-07-24 07:44:46 --> Session: Class initialized using 'CodeIgniter\Session\Handlers\FileHandler' driver.
DEBUG - 2025-07-24 07:44:47 --> Session: Class initialized using 'CodeIgniter\Session\Handlers\FileHandler' driver.
DEBUG - 2025-07-24 07:46:50 --> Session: Class initialized using 'CodeIgniter\Session\Handlers\FileHandler' driver.
DEBUG - 2025-07-24 07:46:51 --> Session: Class initialized using 'CodeIgniter\Session\Handlers\FileHandler' driver.
DEBUG - 2025-07-24 07:47:25 --> Session: Class initialized using 'CodeIgniter\Session\Handlers\FileHandler' driver.
DEBUG - 2025-07-24 07:47:26 --> Session: Class initialized using 'CodeIgniter\Session\Handlers\FileHandler' driver.
DEBUG - 2025-07-24 07:47:50 --> Session: Class initialized using 'CodeIgniter\Session\Handlers\FileHandler' driver.
DEBUG - 2025-07-24 07:47:51 --> Session: Class initialized using 'CodeIgniter\Session\Handlers\FileHandler' driver.
CRITICAL - 2025-07-24 07:47:52 --> CodeIgniter\HTTP\Exceptions\BadRequestException: The URI you submitted has disallowed characters: "<"
[Method: GET, Route: barcode/%3C]
in SYSTEMPATH\Router\Router.php on line 739.
 1 SYSTEMPATH\Router\Router.php(207): CodeIgniter\Router\Router->checkDisallowedChars('barcode/<')
 2 SYSTEMPATH\CodeIgniter.php(832): CodeIgniter\Router\Router->handle('barcode/<')
 3 SYSTEMPATH\CodeIgniter.php(455): CodeIgniter\CodeIgniter->tryToRouteIt(Object(CodeIgniter\Router\RouteCollection))
 4 SYSTEMPATH\CodeIgniter.php(354): CodeIgniter\CodeIgniter->handleRequest(null, Object(Config\Cache), false)
 5 SYSTEMPATH\Boot.php(334): CodeIgniter\CodeIgniter->run()
 6 SYSTEMPATH\Boot.php(67): CodeIgniter\Boot::runCodeIgniter(Object(CodeIgniter\CodeIgniter))
 7 FCPATH\index.php(56): CodeIgniter\Boot::bootWeb(Object(Config\Paths))
DEBUG - 2025-07-24 07:48:00 --> Session: Class initialized using 'CodeIgniter\Session\Handlers\FileHandler' driver.
DEBUG - 2025-07-24 07:48:01 --> Session: Class initialized using 'CodeIgniter\Session\Handlers\FileHandler' driver.
CRITICAL - 2025-07-24 07:48:02 --> CodeIgniter\HTTP\Exceptions\BadRequestException: The URI you submitted has disallowed characters: "<"
[Method: GET, Route: barcode/%3C]
in SYSTEMPATH\Router\Router.php on line 739.
 1 SYSTEMPATH\Router\Router.php(207): CodeIgniter\Router\Router->checkDisallowedChars('barcode/<')
 2 SYSTEMPATH\CodeIgniter.php(832): CodeIgniter\Router\Router->handle('barcode/<')
 3 SYSTEMPATH\CodeIgniter.php(455): CodeIgniter\CodeIgniter->tryToRouteIt(Object(CodeIgniter\Router\RouteCollection))
 4 SYSTEMPATH\CodeIgniter.php(354): CodeIgniter\CodeIgniter->handleRequest(null, Object(Config\Cache), false)
 5 SYSTEMPATH\Boot.php(334): CodeIgniter\CodeIgniter->run()
 6 SYSTEMPATH\Boot.php(67): CodeIgniter\Boot::runCodeIgniter(Object(CodeIgniter\CodeIgniter))
 7 FCPATH\index.php(56): CodeIgniter\Boot::bootWeb(Object(Config\Paths))
DEBUG - 2025-07-24 07:48:45 --> Session: Class initialized using 'CodeIgniter\Session\Handlers\FileHandler' driver.
DEBUG - 2025-07-24 07:48:46 --> Session: Class initialized using 'CodeIgniter\Session\Handlers\FileHandler' driver.
CRITICAL - 2025-07-24 07:48:47 --> CodeIgniter\HTTP\Exceptions\BadRequestException: The URI you submitted has disallowed characters: "<"
[Method: GET, Route: barcode/%3C]
in SYSTEMPATH\Router\Router.php on line 739.
 1 SYSTEMPATH\Router\Router.php(207): CodeIgniter\Router\Router->checkDisallowedChars('barcode/<')
 2 SYSTEMPATH\CodeIgniter.php(832): CodeIgniter\Router\Router->handle('barcode/<')
 3 SYSTEMPATH\CodeIgniter.php(455): CodeIgniter\CodeIgniter->tryToRouteIt(Object(CodeIgniter\Router\RouteCollection))
 4 SYSTEMPATH\CodeIgniter.php(354): CodeIgniter\CodeIgniter->handleRequest(null, Object(Config\Cache), false)
 5 SYSTEMPATH\Boot.php(334): CodeIgniter\CodeIgniter->run()
 6 SYSTEMPATH\Boot.php(67): CodeIgniter\Boot::runCodeIgniter(Object(CodeIgniter\CodeIgniter))
 7 FCPATH\index.php(56): CodeIgniter\Boot::bootWeb(Object(Config\Paths))
DEBUG - 2025-07-24 07:52:49 --> Session: Class initialized using 'CodeIgniter\Session\Handlers\FileHandler' driver.
DEBUG - 2025-07-24 07:52:49 --> Session: Class initialized using 'CodeIgniter\Session\Handlers\FileHandler' driver.
DEBUG - 2025-07-24 07:53:54 --> Session: Class initialized using 'CodeIgniter\Session\Handlers\FileHandler' driver.
DEBUG - 2025-07-24 07:53:55 --> Session: Class initialized using 'CodeIgniter\Session\Handlers\FileHandler' driver.
DEBUG - 2025-07-24 07:55:06 --> Session: Class initialized using 'CodeIgniter\Session\Handlers\FileHandler' driver.
DEBUG - 2025-07-24 07:56:12 --> Session: Class initialized using 'CodeIgniter\Session\Handlers\FileHandler' driver.
DEBUG - 2025-07-24 07:56:13 --> Session: Class initialized using 'CodeIgniter\Session\Handlers\FileHandler' driver.
DEBUG - 2025-07-24 07:56:40 --> Session: Class initialized using 'CodeIgniter\Session\Handlers\FileHandler' driver.
DEBUG - 2025-07-24 07:56:41 --> Session: Class initialized using 'CodeIgniter\Session\Handlers\FileHandler' driver.
DEBUG - 2025-07-24 07:56:49 --> Session: Class initialized using 'CodeIgniter\Session\Handlers\FileHandler' driver.
DEBUG - 2025-07-24 07:56:49 --> Session: Class initialized using 'CodeIgniter\Session\Handlers\FileHandler' driver.
DEBUG - 2025-07-24 07:56:58 --> Session: Class initialized using 'CodeIgniter\Session\Handlers\FileHandler' driver.
DEBUG - 2025-07-24 07:56:59 --> Session: Class initialized using 'CodeIgniter\Session\Handlers\FileHandler' driver.
DEBUG - 2025-07-24 07:59:51 --> Session: Class initialized using 'CodeIgniter\Session\Handlers\FileHandler' driver.
DEBUG - 2025-07-24 07:59:52 --> Session: Class initialized using 'CodeIgniter\Session\Handlers\FileHandler' driver.
DEBUG - 2025-07-24 08:00:00 --> Session: Class initialized using 'CodeIgniter\Session\Handlers\FileHandler' driver.
DEBUG - 2025-07-24 08:00:01 --> Session: Class initialized using 'CodeIgniter\Session\Handlers\FileHandler' driver.
DEBUG - 2025-07-24 08:02:36 --> Session: Class initialized using 'CodeIgniter\Session\Handlers\FileHandler' driver.
DEBUG - 2025-07-24 08:02:36 --> Session: Class initialized using 'CodeIgniter\Session\Handlers\FileHandler' driver.
DEBUG - 2025-07-24 08:02:41 --> Session: Class initialized using 'CodeIgniter\Session\Handlers\FileHandler' driver.
DEBUG - 2025-07-24 08:02:41 --> Session: Class initialized using 'CodeIgniter\Session\Handlers\FileHandler' driver.
DEBUG - 2025-07-24 08:02:59 --> Session: Class initialized using 'CodeIgniter\Session\Handlers\FileHandler' driver.
DEBUG - 2025-07-24 08:02:59 --> Session: Class initialized using 'CodeIgniter\Session\Handlers\FileHandler' driver.
DEBUG - 2025-07-24 08:03:04 --> Session: Class initialized using 'CodeIgniter\Session\Handlers\FileHandler' driver.
DEBUG - 2025-07-24 08:03:04 --> Session: Class initialized using 'CodeIgniter\Session\Handlers\FileHandler' driver.
DEBUG - 2025-07-24 08:03:38 --> Session: Class initialized using 'CodeIgniter\Session\Handlers\FileHandler' driver.
DEBUG - 2025-07-24 08:03:39 --> Session: Class initialized using 'CodeIgniter\Session\Handlers\FileHandler' driver.
DEBUG - 2025-07-24 08:06:13 --> Session: Class initialized using 'CodeIgniter\Session\Handlers\FileHandler' driver.
DEBUG - 2025-07-24 08:06:14 --> Session: Class initialized using 'CodeIgniter\Session\Handlers\FileHandler' driver.
DEBUG - 2025-07-24 08:07:19 --> Session: Class initialized using 'CodeIgniter\Session\Handlers\FileHandler' driver.
DEBUG - 2025-07-24 08:07:19 --> Session: Class initialized using 'CodeIgniter\Session\Handlers\FileHandler' driver.
DEBUG - 2025-07-24 08:08:55 --> Session: Class initialized using 'CodeIgniter\Session\Handlers\FileHandler' driver.
DEBUG - 2025-07-24 08:08:55 --> Session: Class initialized using 'CodeIgniter\Session\Handlers\FileHandler' driver.
DEBUG - 2025-07-24 08:08:56 --> Session: Class initialized using 'CodeIgniter\Session\Handlers\FileHandler' driver.
DEBUG - 2025-07-24 08:08:56 --> Session: Class initialized using 'CodeIgniter\Session\Handlers\FileHandler' driver.
DEBUG - 2025-07-24 08:11:42 --> Session: Class initialized using 'CodeIgniter\Session\Handlers\FileHandler' driver.
DEBUG - 2025-07-24 08:11:42 --> Session: Class initialized using 'CodeIgniter\Session\Handlers\FileHandler' driver.
DEBUG - 2025-07-24 08:11:43 --> Session: Class initialized using 'CodeIgniter\Session\Handlers\FileHandler' driver.
DEBUG - 2025-07-24 08:11:43 --> Session: Class initialized using 'CodeIgniter\Session\Handlers\FileHandler' driver.
DEBUG - 2025-07-24 08:11:43 --> Session: Class initialized using 'CodeIgniter\Session\Handlers\FileHandler' driver.
DEBUG - 2025-07-24 08:11:44 --> Session: Class initialized using 'CodeIgniter\Session\Handlers\FileHandler' driver.
DEBUG - 2025-07-24 08:11:49 --> Session: Class initialized using 'CodeIgniter\Session\Handlers\FileHandler' driver.
DEBUG - 2025-07-24 08:11:50 --> Session: Class initialized using 'CodeIgniter\Session\Handlers\FileHandler' driver.
DEBUG - 2025-07-24 08:11:51 --> Session: Class initialized using 'CodeIgniter\Session\Handlers\FileHandler' driver.
DEBUG - 2025-07-24 08:11:51 --> Session: Class initialized using 'CodeIgniter\Session\Handlers\FileHandler' driver.
DEBUG - 2025-07-24 08:12:43 --> Session: Class initialized using 'CodeIgniter\Session\Handlers\FileHandler' driver.
DEBUG - 2025-07-24 08:12:45 --> Session: Class initialized using 'CodeIgniter\Session\Handlers\FileHandler' driver.
DEBUG - 2025-07-24 08:12:46 --> Session: Class initialized using 'CodeIgniter\Session\Handlers\FileHandler' driver.
DEBUG - 2025-07-24 08:12:46 --> Session: Class initialized using 'CodeIgniter\Session\Handlers\FileHandler' driver.
DEBUG - 2025-07-24 08:12:47 --> Session: Class initialized using 'CodeIgniter\Session\Handlers\FileHandler' driver.
DEBUG - 2025-07-24 08:12:47 --> Session: Class initialized using 'CodeIgniter\Session\Handlers\FileHandler' driver.
DEBUG - 2025-07-24 08:12:50 --> Session: Class initialized using 'CodeIgniter\Session\Handlers\FileHandler' driver.
DEBUG - 2025-07-24 08:12:50 --> Session: Class initialized using 'CodeIgniter\Session\Handlers\FileHandler' driver.
DEBUG - 2025-07-24 08:14:42 --> Session: Class initialized using 'CodeIgniter\Session\Handlers\FileHandler' driver.
CRITICAL - 2025-07-24 08:14:42 --> ErrorException: Undefined variable $inventoryId
[Method: GET, Route: barcode/list]
in APPPATH\Views\Home\barcode_list.php on line 76.
 1 APPPATH\Views\Home\barcode_list.php(76): CodeIgniter\Debug\Exceptions->errorHandler(2, 'Undefined variable $inventoryId', 'C:\\xampp\\htdocs\\pinestore\\app\\Views\\Home\\barcode_list.php', 76)
 2 SYSTEMPATH\View\View.php(224): include('C:\\xampp\\htdocs\\pinestore\\app\\Views\\Home\\barcode_list.php')
 3 SYSTEMPATH\View\View.php(227): CodeIgniter\View\View->CodeIgniter\View\{closure}()
 4 SYSTEMPATH\Common.php(1173): CodeIgniter\View\View->render('Home/barcode_list', [], true)
 5 APPPATH\Controllers\BarcodeController.php(167): view('Home/barcode_list', [...])
 6 SYSTEMPATH\CodeIgniter.php(933): App\Controllers\BarcodeController->list()
 7 SYSTEMPATH\CodeIgniter.php(507): CodeIgniter\CodeIgniter->runController(Object(App\Controllers\BarcodeController))
 8 SYSTEMPATH\CodeIgniter.php(354): CodeIgniter\CodeIgniter->handleRequest(null, Object(Config\Cache), false)
 9 SYSTEMPATH\Boot.php(334): CodeIgniter\CodeIgniter->run()
10 SYSTEMPATH\Boot.php(67): CodeIgniter\Boot::runCodeIgniter(Object(CodeIgniter\CodeIgniter))
11 FCPATH\index.php(56): CodeIgniter\Boot::bootWeb(Object(Config\Paths))
DEBUG - 2025-07-24 08:14:43 --> Session: Class initialized using 'CodeIgniter\Session\Handlers\FileHandler' driver.
CRITICAL - 2025-07-24 08:14:43 --> ErrorException: Undefined variable $inventoryId
[Method: GET, Route: barcode/list]
in APPPATH\Views\Home\barcode_list.php on line 76.
 1 APPPATH\Views\Home\barcode_list.php(76): CodeIgniter\Debug\Exceptions->errorHandler(2, 'Undefined variable $inventoryId', 'C:\\xampp\\htdocs\\pinestore\\app\\Views\\Home\\barcode_list.php', 76)
 2 SYSTEMPATH\View\View.php(224): include('C:\\xampp\\htdocs\\pinestore\\app\\Views\\Home\\barcode_list.php')
 3 SYSTEMPATH\View\View.php(227): CodeIgniter\View\View->CodeIgniter\View\{closure}()
 4 SYSTEMPATH\Common.php(1173): CodeIgniter\View\View->render('Home/barcode_list', [], true)
 5 APPPATH\Controllers\BarcodeController.php(167): view('Home/barcode_list', [...])
 6 SYSTEMPATH\CodeIgniter.php(933): App\Controllers\BarcodeController->list()
 7 SYSTEMPATH\CodeIgniter.php(507): CodeIgniter\CodeIgniter->runController(Object(App\Controllers\BarcodeController))
 8 SYSTEMPATH\CodeIgniter.php(354): CodeIgniter\CodeIgniter->handleRequest(null, Object(Config\Cache), false)
 9 SYSTEMPATH\Boot.php(334): CodeIgniter\CodeIgniter->run()
10 SYSTEMPATH\Boot.php(67): CodeIgniter\Boot::runCodeIgniter(Object(CodeIgniter\CodeIgniter))
11 FCPATH\index.php(56): CodeIgniter\Boot::bootWeb(Object(Config\Paths))
DEBUG - 2025-07-24 08:14:43 --> Session: Class initialized using 'CodeIgniter\Session\Handlers\FileHandler' driver.
CRITICAL - 2025-07-24 08:14:43 --> ErrorException: Undefined variable $inventoryId
[Method: GET, Route: barcode/list]
in APPPATH\Views\Home\barcode_list.php on line 76.
 1 APPPATH\Views\Home\barcode_list.php(76): CodeIgniter\Debug\Exceptions->errorHandler(2, 'Undefined variable $inventoryId', 'C:\\xampp\\htdocs\\pinestore\\app\\Views\\Home\\barcode_list.php', 76)
 2 SYSTEMPATH\View\View.php(224): include('C:\\xampp\\htdocs\\pinestore\\app\\Views\\Home\\barcode_list.php')
 3 SYSTEMPATH\View\View.php(227): CodeIgniter\View\View->CodeIgniter\View\{closure}()
 4 SYSTEMPATH\Common.php(1173): CodeIgniter\View\View->render('Home/barcode_list', [], true)
 5 APPPATH\Controllers\BarcodeController.php(167): view('Home/barcode_list', [...])
 6 SYSTEMPATH\CodeIgniter.php(933): App\Controllers\BarcodeController->list()
 7 SYSTEMPATH\CodeIgniter.php(507): CodeIgniter\CodeIgniter->runController(Object(App\Controllers\BarcodeController))
 8 SYSTEMPATH\CodeIgniter.php(354): CodeIgniter\CodeIgniter->handleRequest(null, Object(Config\Cache), false)
 9 SYSTEMPATH\Boot.php(334): CodeIgniter\CodeIgniter->run()
10 SYSTEMPATH\Boot.php(67): CodeIgniter\Boot::runCodeIgniter(Object(CodeIgniter\CodeIgniter))
11 FCPATH\index.php(56): CodeIgniter\Boot::bootWeb(Object(Config\Paths))
DEBUG - 2025-07-24 08:14:44 --> Session: Class initialized using 'CodeIgniter\Session\Handlers\FileHandler' driver.
CRITICAL - 2025-07-24 08:14:44 --> ErrorException: Undefined variable $inventoryId
[Method: GET, Route: barcode/list]
in APPPATH\Views\Home\barcode_list.php on line 76.
 1 APPPATH\Views\Home\barcode_list.php(76): CodeIgniter\Debug\Exceptions->errorHandler(2, 'Undefined variable $inventoryId', 'C:\\xampp\\htdocs\\pinestore\\app\\Views\\Home\\barcode_list.php', 76)
 2 SYSTEMPATH\View\View.php(224): include('C:\\xampp\\htdocs\\pinestore\\app\\Views\\Home\\barcode_list.php')
 3 SYSTEMPATH\View\View.php(227): CodeIgniter\View\View->CodeIgniter\View\{closure}()
 4 SYSTEMPATH\Common.php(1173): CodeIgniter\View\View->render('Home/barcode_list', [], true)
 5 APPPATH\Controllers\BarcodeController.php(167): view('Home/barcode_list', [...])
 6 SYSTEMPATH\CodeIgniter.php(933): App\Controllers\BarcodeController->list()
 7 SYSTEMPATH\CodeIgniter.php(507): CodeIgniter\CodeIgniter->runController(Object(App\Controllers\BarcodeController))
 8 SYSTEMPATH\CodeIgniter.php(354): CodeIgniter\CodeIgniter->handleRequest(null, Object(Config\Cache), false)
 9 SYSTEMPATH\Boot.php(334): CodeIgniter\CodeIgniter->run()
10 SYSTEMPATH\Boot.php(67): CodeIgniter\Boot::runCodeIgniter(Object(CodeIgniter\CodeIgniter))
11 FCPATH\index.php(56): CodeIgniter\Boot::bootWeb(Object(Config\Paths))
DEBUG - 2025-07-24 08:14:44 --> Session: Class initialized using 'CodeIgniter\Session\Handlers\FileHandler' driver.
CRITICAL - 2025-07-24 08:14:44 --> ErrorException: Undefined variable $inventoryId
[Method: GET, Route: barcode/list]
in APPPATH\Views\Home\barcode_list.php on line 76.
 1 APPPATH\Views\Home\barcode_list.php(76): CodeIgniter\Debug\Exceptions->errorHandler(2, 'Undefined variable $inventoryId', 'C:\\xampp\\htdocs\\pinestore\\app\\Views\\Home\\barcode_list.php', 76)
 2 SYSTEMPATH\View\View.php(224): include('C:\\xampp\\htdocs\\pinestore\\app\\Views\\Home\\barcode_list.php')
 3 SYSTEMPATH\View\View.php(227): CodeIgniter\View\View->CodeIgniter\View\{closure}()
 4 SYSTEMPATH\Common.php(1173): CodeIgniter\View\View->render('Home/barcode_list', [], true)
 5 APPPATH\Controllers\BarcodeController.php(167): view('Home/barcode_list', [...])
 6 SYSTEMPATH\CodeIgniter.php(933): App\Controllers\BarcodeController->list()
 7 SYSTEMPATH\CodeIgniter.php(507): CodeIgniter\CodeIgniter->runController(Object(App\Controllers\BarcodeController))
 8 SYSTEMPATH\CodeIgniter.php(354): CodeIgniter\CodeIgniter->handleRequest(null, Object(Config\Cache), false)
 9 SYSTEMPATH\Boot.php(334): CodeIgniter\CodeIgniter->run()
10 SYSTEMPATH\Boot.php(67): CodeIgniter\Boot::runCodeIgniter(Object(CodeIgniter\CodeIgniter))
11 FCPATH\index.php(56): CodeIgniter\Boot::bootWeb(Object(Config\Paths))
DEBUG - 2025-07-24 08:15:50 --> Session: Class initialized using 'CodeIgniter\Session\Handlers\FileHandler' driver.
DEBUG - 2025-07-24 08:15:51 --> Session: Class initialized using 'CodeIgniter\Session\Handlers\FileHandler' driver.
CRITICAL - 2025-07-24 08:16:16 --> CodeIgniter\Exceptions\RuntimeException: View themes, no current section.
[Method: GET, Route: child-barcode/view/466]
in SYSTEMPATH\View\View.php on line 430.
 1 APPPATH\Views\Childbarcode\view.php(40): CodeIgniter\View\View->endSection()
 2 SYSTEMPATH\View\View.php(224): include('C:\\xampp\\htdocs\\pinestore\\app\\Views\\Childbarcode\\view.php')
 3 SYSTEMPATH\View\View.php(227): CodeIgniter\View\View->CodeIgniter\View\{closure}()
 4 SYSTEMPATH\Common.php(1173): CodeIgniter\View\View->render('childbarcode/view', [], true)
 5 APPPATH\Controllers\BarcodeController.php(220): view('childbarcode/view', [...])
 6 SYSTEMPATH\CodeIgniter.php(933): App\Controllers\BarcodeController->view('466')
 7 SYSTEMPATH\CodeIgniter.php(507): CodeIgniter\CodeIgniter->runController(Object(App\Controllers\BarcodeController))
 8 SYSTEMPATH\CodeIgniter.php(354): CodeIgniter\CodeIgniter->handleRequest(null, Object(Config\Cache), false)
 9 SYSTEMPATH\Boot.php(334): CodeIgniter\CodeIgniter->run()
10 SYSTEMPATH\Boot.php(67): CodeIgniter\Boot::runCodeIgniter(Object(CodeIgniter\CodeIgniter))
11 FCPATH\index.php(56): CodeIgniter\Boot::bootWeb(Object(Config\Paths))
DEBUG - 2025-07-24 08:16:18 --> Session: Class initialized using 'CodeIgniter\Session\Handlers\FileHandler' driver.
DEBUG - 2025-07-24 08:16:18 --> Session: Class initialized using 'CodeIgniter\Session\Handlers\FileHandler' driver.
CRITICAL - 2025-07-24 08:16:21 --> CodeIgniter\Exceptions\RuntimeException: View themes, no current section.
[Method: GET, Route: child-barcode/view/466]
in SYSTEMPATH\View\View.php on line 430.
 1 APPPATH\Views\Childbarcode\view.php(40): CodeIgniter\View\View->endSection()
 2 SYSTEMPATH\View\View.php(224): include('C:\\xampp\\htdocs\\pinestore\\app\\Views\\Childbarcode\\view.php')
 3 SYSTEMPATH\View\View.php(227): CodeIgniter\View\View->CodeIgniter\View\{closure}()
 4 SYSTEMPATH\Common.php(1173): CodeIgniter\View\View->render('childbarcode/view', [], true)
 5 APPPATH\Controllers\BarcodeController.php(220): view('childbarcode/view', [...])
 6 SYSTEMPATH\CodeIgniter.php(933): App\Controllers\BarcodeController->view('466')
 7 SYSTEMPATH\CodeIgniter.php(507): CodeIgniter\CodeIgniter->runController(Object(App\Controllers\BarcodeController))
 8 SYSTEMPATH\CodeIgniter.php(354): CodeIgniter\CodeIgniter->handleRequest(null, Object(Config\Cache), false)
 9 SYSTEMPATH\Boot.php(334): CodeIgniter\CodeIgniter->run()
10 SYSTEMPATH\Boot.php(67): CodeIgniter\Boot::runCodeIgniter(Object(CodeIgniter\CodeIgniter))
11 FCPATH\index.php(56): CodeIgniter\Boot::bootWeb(Object(Config\Paths))
DEBUG - 2025-07-24 08:17:20 --> Session: Class initialized using 'CodeIgniter\Session\Handlers\FileHandler' driver.
DEBUG - 2025-07-24 08:17:20 --> Session: Class initialized using 'CodeIgniter\Session\Handlers\FileHandler' driver.
DEBUG - 2025-07-24 08:17:21 --> Session: Class initialized using 'CodeIgniter\Session\Handlers\FileHandler' driver.
DEBUG - 2025-07-24 08:17:21 --> Session: Class initialized using 'CodeIgniter\Session\Handlers\FileHandler' driver.
CRITICAL - 2025-07-24 08:17:23 --> CodeIgniter\Exceptions\RuntimeException: View themes, no current section.
[Method: GET, Route: child-barcode/barcode/466]
in SYSTEMPATH\View\View.php on line 430.
 1 APPPATH\Views\Childbarcode\index.php(40): CodeIgniter\View\View->endSection()
 2 SYSTEMPATH\View\View.php(224): include('C:\\xampp\\htdocs\\pinestore\\app\\Views\\Childbarcode\\index.php')
 3 SYSTEMPATH\View\View.php(227): CodeIgniter\View\View->CodeIgniter\View\{closure}()
 4 SYSTEMPATH\Common.php(1173): CodeIgniter\View\View->render('childbarcode/index', [], true)
 5 APPPATH\Controllers\BarcodeController.php(220): view('childbarcode/index', [...])
 6 SYSTEMPATH\CodeIgniter.php(933): App\Controllers\BarcodeController->barcode('466')
 7 SYSTEMPATH\CodeIgniter.php(507): CodeIgniter\CodeIgniter->runController(Object(App\Controllers\BarcodeController))
 8 SYSTEMPATH\CodeIgniter.php(354): CodeIgniter\CodeIgniter->handleRequest(null, Object(Config\Cache), false)
 9 SYSTEMPATH\Boot.php(334): CodeIgniter\CodeIgniter->run()
10 SYSTEMPATH\Boot.php(67): CodeIgniter\Boot::runCodeIgniter(Object(CodeIgniter\CodeIgniter))
11 FCPATH\index.php(56): CodeIgniter\Boot::bootWeb(Object(Config\Paths))
CRITICAL - 2025-07-24 08:18:33 --> CodeIgniter\Exceptions\RuntimeException: View themes, no current section.
[Method: GET, Route: child-barcode/barcode/466]
in SYSTEMPATH\View\View.php on line 430.
 1 APPPATH\Views\Childbarcode\index.php(40): CodeIgniter\View\View->endSection()
 2 SYSTEMPATH\View\View.php(224): include('C:\\xampp\\htdocs\\pinestore\\app\\Views\\Childbarcode\\index.php')
 3 SYSTEMPATH\View\View.php(227): CodeIgniter\View\View->CodeIgniter\View\{closure}()
 4 SYSTEMPATH\Common.php(1173): CodeIgniter\View\View->render('childbarcode/index', [], true)
 5 APPPATH\Controllers\BarcodeController.php(220): view('childbarcode/index', [...])
 6 SYSTEMPATH\CodeIgniter.php(933): App\Controllers\BarcodeController->barcode('466')
 7 SYSTEMPATH\CodeIgniter.php(507): CodeIgniter\CodeIgniter->runController(Object(App\Controllers\BarcodeController))
 8 SYSTEMPATH\CodeIgniter.php(354): CodeIgniter\CodeIgniter->handleRequest(null, Object(Config\Cache), false)
 9 SYSTEMPATH\Boot.php(334): CodeIgniter\CodeIgniter->run()
10 SYSTEMPATH\Boot.php(67): CodeIgniter\Boot::runCodeIgniter(Object(CodeIgniter\CodeIgniter))
11 FCPATH\index.php(56): CodeIgniter\Boot::bootWeb(Object(Config\Paths))
DEBUG - 2025-07-24 08:18:34 --> Session: Class initialized using 'CodeIgniter\Session\Handlers\FileHandler' driver.
DEBUG - 2025-07-24 08:18:34 --> Session: Class initialized using 'CodeIgniter\Session\Handlers\FileHandler' driver.
DEBUG - 2025-07-24 08:18:36 --> Session: Class initialized using 'CodeIgniter\Session\Handlers\FileHandler' driver.
DEBUG - 2025-07-24 08:18:37 --> Session: Class initialized using 'CodeIgniter\Session\Handlers\FileHandler' driver.
CRITICAL - 2025-07-24 08:18:38 --> CodeIgniter\Exceptions\RuntimeException: View themes, no current section.
[Method: GET, Route: child-barcode/barcode/466]
in SYSTEMPATH\View\View.php on line 430.
 1 APPPATH\Views\Childbarcode\index.php(40): CodeIgniter\View\View->endSection()
 2 SYSTEMPATH\View\View.php(224): include('C:\\xampp\\htdocs\\pinestore\\app\\Views\\Childbarcode\\index.php')
 3 SYSTEMPATH\View\View.php(227): CodeIgniter\View\View->CodeIgniter\View\{closure}()
 4 SYSTEMPATH\Common.php(1173): CodeIgniter\View\View->render('childbarcode/index', [], true)
 5 APPPATH\Controllers\BarcodeController.php(220): view('childbarcode/index', [...])
 6 SYSTEMPATH\CodeIgniter.php(933): App\Controllers\BarcodeController->barcode('466')
 7 SYSTEMPATH\CodeIgniter.php(507): CodeIgniter\CodeIgniter->runController(Object(App\Controllers\BarcodeController))
 8 SYSTEMPATH\CodeIgniter.php(354): CodeIgniter\CodeIgniter->handleRequest(null, Object(Config\Cache), false)
 9 SYSTEMPATH\Boot.php(334): CodeIgniter\CodeIgniter->run()
10 SYSTEMPATH\Boot.php(67): CodeIgniter\Boot::runCodeIgniter(Object(CodeIgniter\CodeIgniter))
11 FCPATH\index.php(56): CodeIgniter\Boot::bootWeb(Object(Config\Paths))
DEBUG - 2025-07-24 08:19:42 --> Session: Class initialized using 'CodeIgniter\Session\Handlers\FileHandler' driver.
DEBUG - 2025-07-24 08:19:42 --> Session: Class initialized using 'CodeIgniter\Session\Handlers\FileHandler' driver.
DEBUG - 2025-07-24 08:19:44 --> Session: Class initialized using 'CodeIgniter\Session\Handlers\FileHandler' driver.
DEBUG - 2025-07-24 08:19:44 --> Session: Class initialized using 'CodeIgniter\Session\Handlers\FileHandler' driver.
DEBUG - 2025-07-24 08:19:51 --> Session: Class initialized using 'CodeIgniter\Session\Handlers\FileHandler' driver.
DEBUG - 2025-07-24 08:19:51 --> Session: Class initialized using 'CodeIgniter\Session\Handlers\FileHandler' driver.
DEBUG - 2025-07-24 08:22:41 --> Session: Class initialized using 'CodeIgniter\Session\Handlers\FileHandler' driver.
DEBUG - 2025-07-24 08:22:41 --> Session: Class initialized using 'CodeIgniter\Session\Handlers\FileHandler' driver.
DEBUG - 2025-07-24 08:22:44 --> Session: Class initialized using 'CodeIgniter\Session\Handlers\FileHandler' driver.
DEBUG - 2025-07-24 08:22:45 --> Session: Class initialized using 'CodeIgniter\Session\Handlers\FileHandler' driver.
DEBUG - 2025-07-24 08:23:11 --> Session: Class initialized using 'CodeIgniter\Session\Handlers\FileHandler' driver.
DEBUG - 2025-07-24 08:23:12 --> Session: Class initialized using 'CodeIgniter\Session\Handlers\FileHandler' driver.
DEBUG - 2025-07-24 08:23:37 --> Session: Class initialized using 'CodeIgniter\Session\Handlers\FileHandler' driver.
DEBUG - 2025-07-24 08:23:37 --> Session: Class initialized using 'CodeIgniter\Session\Handlers\FileHandler' driver.
DEBUG - 2025-07-24 08:27:05 --> Session: Class initialized using 'CodeIgniter\Session\Handlers\FileHandler' driver.
DEBUG - 2025-07-24 08:27:06 --> Session: Class initialized using 'CodeIgniter\Session\Handlers\FileHandler' driver.
DEBUG - 2025-07-24 08:27:09 --> Session: Class initialized using 'CodeIgniter\Session\Handlers\FileHandler' driver.
DEBUG - 2025-07-24 08:27:09 --> Session: Class initialized using 'CodeIgniter\Session\Handlers\FileHandler' driver.
DEBUG - 2025-07-24 08:27:10 --> Session: Class initialized using 'CodeIgniter\Session\Handlers\FileHandler' driver.
DEBUG - 2025-07-24 08:27:11 --> Session: Class initialized using 'CodeIgniter\Session\Handlers\FileHandler' driver.
DEBUG - 2025-07-24 08:27:14 --> Session: Class initialized using 'CodeIgniter\Session\Handlers\FileHandler' driver.
DEBUG - 2025-07-24 08:27:15 --> Session: Class initialized using 'CodeIgniter\Session\Handlers\FileHandler' driver.
DEBUG - 2025-07-24 08:27:15 --> Session: Class initialized using 'CodeIgniter\Session\Handlers\FileHandler' driver.
DEBUG - 2025-07-24 08:27:16 --> Session: Class initialized using 'CodeIgniter\Session\Handlers\FileHandler' driver.
DEBUG - 2025-07-24 08:27:16 --> Session: Class initialized using 'CodeIgniter\Session\Handlers\FileHandler' driver.
DEBUG - 2025-07-24 08:53:25 --> Session: Class initialized using 'CodeIgniter\Session\Handlers\FileHandler' driver.
DEBUG - 2025-07-24 08:53:26 --> Session: Class initialized using 'CodeIgniter\Session\Handlers\FileHandler' driver.
DEBUG - 2025-07-24 08:53:27 --> Session: Class initialized using 'CodeIgniter\Session\Handlers\FileHandler' driver.
DEBUG - 2025-07-24 08:53:28 --> Session: Class initialized using 'CodeIgniter\Session\Handlers\FileHandler' driver.
DEBUG - 2025-07-24 08:53:28 --> Session: Class initialized using 'CodeIgniter\Session\Handlers\FileHandler' driver.
DEBUG - 2025-07-24 08:53:31 --> Session: Class initialized using 'CodeIgniter\Session\Handlers\FileHandler' driver.
DEBUG - 2025-07-24 08:53:32 --> Session: Class initialized using 'CodeIgniter\Session\Handlers\FileHandler' driver.
DEBUG - 2025-07-24 08:53:33 --> Session: Class initialized using 'CodeIgniter\Session\Handlers\FileHandler' driver.
DEBUG - 2025-07-24 08:53:34 --> Session: Class initialized using 'CodeIgniter\Session\Handlers\FileHandler' driver.
DEBUG - 2025-07-24 08:53:38 --> Session: Class initialized using 'CodeIgniter\Session\Handlers\FileHandler' driver.
DEBUG - 2025-07-24 08:53:38 --> Session: Class initialized using 'CodeIgniter\Session\Handlers\FileHandler' driver.
DEBUG - 2025-07-24 08:53:48 --> Session: Class initialized using 'CodeIgniter\Session\Handlers\FileHandler' driver.
DEBUG - 2025-07-24 08:53:49 --> Session: Class initialized using 'CodeIgniter\Session\Handlers\FileHandler' driver.
DEBUG - 2025-07-24 08:57:52 --> Session: Class initialized using 'CodeIgniter\Session\Handlers\FileHandler' driver.
CRITICAL - 2025-07-24 08:57:52 --> ErrorException: Undefined variable $barcode
[Method: GET, Route: inventorylist]
in APPPATH\Views\Home\inventory_items.php on line 39.
 1 APPPATH\Views\Home\inventory_items.php(39): CodeIgniter\Debug\Exceptions->errorHandler(2, 'Undefined variable $barcode', 'C:\\xampp\\htdocs\\pinestore\\app\\Views\\Home\\inventory_items.php', 39)
 2 SYSTEMPATH\View\View.php(224): include('C:\\xampp\\htdocs\\pinestore\\app\\Views\\Home\\inventory_items.php')
 3 SYSTEMPATH\View\View.php(227): CodeIgniter\View\View->CodeIgniter\View\{closure}()
 4 SYSTEMPATH\Common.php(1173): CodeIgniter\View\View->render('Home/inventory_items', [], true)
 5 APPPATH\Controllers\Login.php(121): view('Home/inventory_items', [...])
 6 SYSTEMPATH\CodeIgniter.php(933): App\Controllers\Login->customerInventory()
 7 SYSTEMPATH\CodeIgniter.php(507): CodeIgniter\CodeIgniter->runController(Object(App\Controllers\Login))
 8 SYSTEMPATH\CodeIgniter.php(354): CodeIgniter\CodeIgniter->handleRequest(null, Object(Config\Cache), false)
 9 SYSTEMPATH\Boot.php(334): CodeIgniter\CodeIgniter->run()
10 SYSTEMPATH\Boot.php(67): CodeIgniter\Boot::runCodeIgniter(Object(CodeIgniter\CodeIgniter))
11 FCPATH\index.php(56): CodeIgniter\Boot::bootWeb(Object(Config\Paths))
DEBUG - 2025-07-24 08:58:04 --> Session: Class initialized using 'CodeIgniter\Session\Handlers\FileHandler' driver.
CRITICAL - 2025-07-24 08:58:04 --> ErrorException: Undefined array key "rack_product_id"
[Method: GET, Route: inventorylist]
in APPPATH\Views\Home\inventory_items.php on line 39.
 1 APPPATH\Views\Home\inventory_items.php(39): CodeIgniter\Debug\Exceptions->errorHandler(2, 'Undefined array key "rack_product_id"', 'C:\\xampp\\htdocs\\pinestore\\app\\Views\\Home\\inventory_items.php', 39)
 2 SYSTEMPATH\View\View.php(224): include('C:\\xampp\\htdocs\\pinestore\\app\\Views\\Home\\inventory_items.php')
 3 SYSTEMPATH\View\View.php(227): CodeIgniter\View\View->CodeIgniter\View\{closure}()
 4 SYSTEMPATH\Common.php(1173): CodeIgniter\View\View->render('Home/inventory_items', [], true)
 5 APPPATH\Controllers\Login.php(121): view('Home/inventory_items', [...])
 6 SYSTEMPATH\CodeIgniter.php(933): App\Controllers\Login->customerInventory()
 7 SYSTEMPATH\CodeIgniter.php(507): CodeIgniter\CodeIgniter->runController(Object(App\Controllers\Login))
 8 SYSTEMPATH\CodeIgniter.php(354): CodeIgniter\CodeIgniter->handleRequest(null, Object(Config\Cache), false)
 9 SYSTEMPATH\Boot.php(334): CodeIgniter\CodeIgniter->run()
10 SYSTEMPATH\Boot.php(67): CodeIgniter\Boot::runCodeIgniter(Object(CodeIgniter\CodeIgniter))
11 FCPATH\index.php(56): CodeIgniter\Boot::bootWeb(Object(Config\Paths))
DEBUG - 2025-07-24 08:58:25 --> Session: Class initialized using 'CodeIgniter\Session\Handlers\FileHandler' driver.
CRITICAL - 2025-07-24 08:58:25 --> ErrorException: Undefined array key "inventory_id"
[Method: GET, Route: inventorylist]
in APPPATH\Views\Home\inventory_items.php on line 39.
 1 APPPATH\Views\Home\inventory_items.php(39): CodeIgniter\Debug\Exceptions->errorHandler(2, 'Undefined array key "inventory_id"', 'C:\\xampp\\htdocs\\pinestore\\app\\Views\\Home\\inventory_items.php', 39)
 2 SYSTEMPATH\View\View.php(224): include('C:\\xampp\\htdocs\\pinestore\\app\\Views\\Home\\inventory_items.php')
 3 SYSTEMPATH\View\View.php(227): CodeIgniter\View\View->CodeIgniter\View\{closure}()
 4 SYSTEMPATH\Common.php(1173): CodeIgniter\View\View->render('Home/inventory_items', [], true)
 5 APPPATH\Controllers\Login.php(121): view('Home/inventory_items', [...])
 6 SYSTEMPATH\CodeIgniter.php(933): App\Controllers\Login->customerInventory()
 7 SYSTEMPATH\CodeIgniter.php(507): CodeIgniter\CodeIgniter->runController(Object(App\Controllers\Login))
 8 SYSTEMPATH\CodeIgniter.php(354): CodeIgniter\CodeIgniter->handleRequest(null, Object(Config\Cache), false)
 9 SYSTEMPATH\Boot.php(334): CodeIgniter\CodeIgniter->run()
10 SYSTEMPATH\Boot.php(67): CodeIgniter\Boot::runCodeIgniter(Object(CodeIgniter\CodeIgniter))
11 FCPATH\index.php(56): CodeIgniter\Boot::bootWeb(Object(Config\Paths))
DEBUG - 2025-07-24 08:58:42 --> Session: Class initialized using 'CodeIgniter\Session\Handlers\FileHandler' driver.
DEBUG - 2025-07-24 08:58:43 --> Session: Class initialized using 'CodeIgniter\Session\Handlers\FileHandler' driver.
DEBUG - 2025-07-24 08:58:45 --> Session: Class initialized using 'CodeIgniter\Session\Handlers\FileHandler' driver.
CRITICAL - 2025-07-24 08:58:45 --> ErrorException: Undefined array key "inventory_id"
[Method: GET, Route: inventorylist]
in APPPATH\Views\Home\inventory_items.php on line 39.
 1 APPPATH\Views\Home\inventory_items.php(39): CodeIgniter\Debug\Exceptions->errorHandler(2, 'Undefined array key "inventory_id"', 'C:\\xampp\\htdocs\\pinestore\\app\\Views\\Home\\inventory_items.php', 39)
 2 SYSTEMPATH\View\View.php(224): include('C:\\xampp\\htdocs\\pinestore\\app\\Views\\Home\\inventory_items.php')
 3 SYSTEMPATH\View\View.php(227): CodeIgniter\View\View->CodeIgniter\View\{closure}()
 4 SYSTEMPATH\Common.php(1173): CodeIgniter\View\View->render('Home/inventory_items', [], true)
 5 APPPATH\Controllers\Login.php(121): view('Home/inventory_items', [...])
 6 SYSTEMPATH\CodeIgniter.php(933): App\Controllers\Login->customerInventory()
 7 SYSTEMPATH\CodeIgniter.php(507): CodeIgniter\CodeIgniter->runController(Object(App\Controllers\Login))
 8 SYSTEMPATH\CodeIgniter.php(354): CodeIgniter\CodeIgniter->handleRequest(null, Object(Config\Cache), false)
 9 SYSTEMPATH\Boot.php(334): CodeIgniter\CodeIgniter->run()
10 SYSTEMPATH\Boot.php(67): CodeIgniter\Boot::runCodeIgniter(Object(CodeIgniter\CodeIgniter))
11 FCPATH\index.php(56): CodeIgniter\Boot::bootWeb(Object(Config\Paths))
DEBUG - 2025-07-24 08:58:53 --> Session: Class initialized using 'CodeIgniter\Session\Handlers\FileHandler' driver.
DEBUG - 2025-07-24 08:58:53 --> Session: Class initialized using 'CodeIgniter\Session\Handlers\FileHandler' driver.
DEBUG - 2025-07-24 08:58:59 --> Session: Class initialized using 'CodeIgniter\Session\Handlers\FileHandler' driver.
DEBUG - 2025-07-24 08:59:00 --> Session: Class initialized using 'CodeIgniter\Session\Handlers\FileHandler' driver.
DEBUG - 2025-07-24 08:59:18 --> Session: Class initialized using 'CodeIgniter\Session\Handlers\FileHandler' driver.
DEBUG - 2025-07-24 08:59:18 --> Session: Class initialized using 'CodeIgniter\Session\Handlers\FileHandler' driver.
DEBUG - 2025-07-24 08:59:26 --> Session: Class initialized using 'CodeIgniter\Session\Handlers\FileHandler' driver.
DEBUG - 2025-07-24 08:59:27 --> Session: Class initialized using 'CodeIgniter\Session\Handlers\FileHandler' driver.
DEBUG - 2025-07-24 08:59:28 --> Session: Class initialized using 'CodeIgniter\Session\Handlers\FileHandler' driver.
DEBUG - 2025-07-24 08:59:30 --> Session: Class initialized using 'CodeIgniter\Session\Handlers\FileHandler' driver.
DEBUG - 2025-07-24 08:59:31 --> Session: Class initialized using 'CodeIgniter\Session\Handlers\FileHandler' driver.
DEBUG - 2025-07-24 08:59:32 --> Session: Class initialized using 'CodeIgniter\Session\Handlers\FileHandler' driver.
DEBUG - 2025-07-24 08:59:32 --> Session: Class initialized using 'CodeIgniter\Session\Handlers\FileHandler' driver.
DEBUG - 2025-07-24 08:59:46 --> Session: Class initialized using 'CodeIgniter\Session\Handlers\FileHandler' driver.
DEBUG - 2025-07-24 08:59:46 --> Session: Class initialized using 'CodeIgniter\Session\Handlers\FileHandler' driver.
DEBUG - 2025-07-24 09:00:52 --> Session: Class initialized using 'CodeIgniter\Session\Handlers\FileHandler' driver.
DEBUG - 2025-07-24 09:00:53 --> Session: Class initialized using 'CodeIgniter\Session\Handlers\FileHandler' driver.
DEBUG - 2025-07-24 09:01:30 --> Session: Class initialized using 'CodeIgniter\Session\Handlers\FileHandler' driver.
DEBUG - 2025-07-24 09:01:30 --> Session: Class initialized using 'CodeIgniter\Session\Handlers\FileHandler' driver.
DEBUG - 2025-07-24 09:02:14 --> Session: Class initialized using 'CodeIgniter\Session\Handlers\FileHandler' driver.
DEBUG - 2025-07-24 09:02:14 --> Session: Class initialized using 'CodeIgniter\Session\Handlers\FileHandler' driver.
DEBUG - 2025-07-24 09:02:22 --> Session: Class initialized using 'CodeIgniter\Session\Handlers\FileHandler' driver.
DEBUG - 2025-07-24 09:02:22 --> Session: Class initialized using 'CodeIgniter\Session\Handlers\FileHandler' driver.
DEBUG - 2025-07-24 09:02:35 --> Session: Class initialized using 'CodeIgniter\Session\Handlers\FileHandler' driver.
DEBUG - 2025-07-24 09:02:35 --> Session: Class initialized using 'CodeIgniter\Session\Handlers\FileHandler' driver.
DEBUG - 2025-07-24 09:42:45 --> Session: Class initialized using 'CodeIgniter\Session\Handlers\FileHandler' driver.
DEBUG - 2025-07-24 09:42:46 --> Session: Class initialized using 'CodeIgniter\Session\Handlers\FileHandler' driver.
DEBUG - 2025-07-24 09:44:47 --> Session: Class initialized using 'CodeIgniter\Session\Handlers\FileHandler' driver.
DEBUG - 2025-07-24 09:44:47 --> Session: Class initialized using 'CodeIgniter\Session\Handlers\FileHandler' driver.
DEBUG - 2025-07-24 09:44:48 --> Session: Class initialized using 'CodeIgniter\Session\Handlers\FileHandler' driver.
DEBUG - 2025-07-24 09:44:48 --> Session: Class initialized using 'CodeIgniter\Session\Handlers\FileHandler' driver.
DEBUG - 2025-07-24 09:52:42 --> Session: Class initialized using 'CodeIgniter\Session\Handlers\FileHandler' driver.
DEBUG - 2025-07-24 09:52:42 --> Session: Class initialized using 'CodeIgniter\Session\Handlers\FileHandler' driver.
DEBUG - 2025-07-24 09:52:45 --> Session: Class initialized using 'CodeIgniter\Session\Handlers\FileHandler' driver.
DEBUG - 2025-07-24 09:52:47 --> Session: Class initialized using 'CodeIgniter\Session\Handlers\FileHandler' driver.
DEBUG - 2025-07-24 09:52:48 --> Session: Class initialized using 'CodeIgniter\Session\Handlers\FileHandler' driver.
DEBUG - 2025-07-24 09:52:48 --> Session: Class initialized using 'CodeIgniter\Session\Handlers\FileHandler' driver.
DEBUG - 2025-07-24 09:52:49 --> Session: Class initialized using 'CodeIgniter\Session\Handlers\FileHandler' driver.
DEBUG - 2025-07-24 09:52:54 --> Session: Class initialized using 'CodeIgniter\Session\Handlers\FileHandler' driver.
DEBUG - 2025-07-24 09:52:55 --> Session: Class initialized using 'CodeIgniter\Session\Handlers\FileHandler' driver.
DEBUG - 2025-07-24 09:58:44 --> Session: Class initialized using 'CodeIgniter\Session\Handlers\FileHandler' driver.
DEBUG - 2025-07-24 09:58:46 --> Session: Class initialized using 'CodeIgniter\Session\Handlers\FileHandler' driver.
DEBUG - 2025-07-24 09:58:46 --> Session: Class initialized using 'CodeIgniter\Session\Handlers\FileHandler' driver.
DEBUG - 2025-07-24 09:58:47 --> Session: Class initialized using 'CodeIgniter\Session\Handlers\FileHandler' driver.
DEBUG - 2025-07-24 09:58:51 --> Session: Class initialized using 'CodeIgniter\Session\Handlers\FileHandler' driver.
DEBUG - 2025-07-24 09:58:51 --> Session: Class initialized using 'CodeIgniter\Session\Handlers\FileHandler' driver.
DEBUG - 2025-07-24 09:58:53 --> Session: Class initialized using 'CodeIgniter\Session\Handlers\FileHandler' driver.
DEBUG - 2025-07-24 09:58:53 --> Session: Class initialized using 'CodeIgniter\Session\Handlers\FileHandler' driver.
DEBUG - 2025-07-24 09:59:05 --> Session: Class initialized using 'CodeIgniter\Session\Handlers\FileHandler' driver.
DEBUG - 2025-07-24 09:59:17 --> Session: Class initialized using 'CodeIgniter\Session\Handlers\FileHandler' driver.
DEBUG - 2025-07-24 09:59:17 --> Session: Class initialized using 'CodeIgniter\Session\Handlers\FileHandler' driver.
DEBUG - 2025-07-24 09:59:17 --> Session: Class initialized using 'CodeIgniter\Session\Handlers\FileHandler' driver.
DEBUG - 2025-07-24 09:59:20 --> Session: Class initialized using 'CodeIgniter\Session\Handlers\FileHandler' driver.
DEBUG - 2025-07-24 09:59:21 --> Session: Class initialized using 'CodeIgniter\Session\Handlers\FileHandler' driver.
DEBUG - 2025-07-24 09:59:23 --> Session: Class initialized using 'CodeIgniter\Session\Handlers\FileHandler' driver.
DEBUG - 2025-07-24 09:59:23 --> Session: Class initialized using 'CodeIgniter\Session\Handlers\FileHandler' driver.
DEBUG - 2025-07-24 09:59:25 --> Session: Class initialized using 'CodeIgniter\Session\Handlers\FileHandler' driver.
DEBUG - 2025-07-24 09:59:25 --> Session: Class initialized using 'CodeIgniter\Session\Handlers\FileHandler' driver.
DEBUG - 2025-07-24 09:59:32 --> Session: Class initialized using 'CodeIgniter\Session\Handlers\FileHandler' driver.
DEBUG - 2025-07-24 09:59:33 --> Session: Class initialized using 'CodeIgniter\Session\Handlers\FileHandler' driver.
DEBUG - 2025-07-24 10:01:41 --> Session: Class initialized using 'CodeIgniter\Session\Handlers\FileHandler' driver.
DEBUG - 2025-07-24 10:01:41 --> Session: Class initialized using 'CodeIgniter\Session\Handlers\FileHandler' driver.
DEBUG - 2025-07-24 15:37:34 --> Session: Class initialized using 'CodeIgniter\Session\Handlers\FileHandler' driver.
DEBUG - 2025-07-24 15:37:34 --> Session: Class initialized using 'CodeIgniter\Session\Handlers\FileHandler' driver.
DEBUG - 2025-07-24 15:40:20 --> Session: Class initialized using 'CodeIgniter\Session\Handlers\FileHandler' driver.
DEBUG - 2025-07-24 15:40:20 --> Session: Class initialized using 'CodeIgniter\Session\Handlers\FileHandler' driver.
DEBUG - 2025-07-24 15:41:17 --> Session: Class initialized using 'CodeIgniter\Session\Handlers\FileHandler' driver.
DEBUG - 2025-07-24 15:41:18 --> Session: Class initialized using 'CodeIgniter\Session\Handlers\FileHandler' driver.
DEBUG - 2025-07-24 15:41:53 --> Session: Class initialized using 'CodeIgniter\Session\Handlers\FileHandler' driver.
DEBUG - 2025-07-24 15:41:53 --> Session: Class initialized using 'CodeIgniter\Session\Handlers\FileHandler' driver.
DEBUG - 2025-07-24 15:42:20 --> Session: Class initialized using 'CodeIgniter\Session\Handlers\FileHandler' driver.
DEBUG - 2025-07-24 15:42:20 --> Session: Class initialized using 'CodeIgniter\Session\Handlers\FileHandler' driver.
DEBUG - 2025-07-24 15:43:45 --> Session: Class initialized using 'CodeIgniter\Session\Handlers\FileHandler' driver.
DEBUG - 2025-07-24 15:43:45 --> Session: Class initialized using 'CodeIgniter\Session\Handlers\FileHandler' driver.
DEBUG - 2025-07-24 15:44:00 --> Session: Class initialized using 'CodeIgniter\Session\Handlers\FileHandler' driver.
DEBUG - 2025-07-24 15:44:00 --> Session: Class initialized using 'CodeIgniter\Session\Handlers\FileHandler' driver.
DEBUG - 2025-07-24 15:44:32 --> Session: Class initialized using 'CodeIgniter\Session\Handlers\FileHandler' driver.
DEBUG - 2025-07-24 15:44:32 --> Session: Class initialized using 'CodeIgniter\Session\Handlers\FileHandler' driver.
DEBUG - 2025-07-24 15:45:00 --> Session: Class initialized using 'CodeIgniter\Session\Handlers\FileHandler' driver.
DEBUG - 2025-07-24 15:45:00 --> Session: Class initialized using 'CodeIgniter\Session\Handlers\FileHandler' driver.
DEBUG - 2025-07-24 15:45:36 --> Session: Class initialized using 'CodeIgniter\Session\Handlers\FileHandler' driver.
DEBUG - 2025-07-24 15:45:37 --> Session: Class initialized using 'CodeIgniter\Session\Handlers\FileHandler' driver.
DEBUG - 2025-07-24 15:46:04 --> Session: Class initialized using 'CodeIgniter\Session\Handlers\FileHandler' driver.
DEBUG - 2025-07-24 15:46:04 --> Session: Class initialized using 'CodeIgniter\Session\Handlers\FileHandler' driver.
DEBUG - 2025-07-24 15:46:06 --> Session: Class initialized using 'CodeIgniter\Session\Handlers\FileHandler' driver.
DEBUG - 2025-07-24 15:46:07 --> Session: Class initialized using 'CodeIgniter\Session\Handlers\FileHandler' driver.
DEBUG - 2025-07-24 15:46:13 --> Session: Class initialized using 'CodeIgniter\Session\Handlers\FileHandler' driver.
DEBUG - 2025-07-24 15:46:14 --> Session: Class initialized using 'CodeIgniter\Session\Handlers\FileHandler' driver.
DEBUG - 2025-07-24 15:46:18 --> Session: Class initialized using 'CodeIgniter\Session\Handlers\FileHandler' driver.
DEBUG - 2025-07-24 15:46:18 --> Session: Class initialized using 'CodeIgniter\Session\Handlers\FileHandler' driver.
DEBUG - 2025-07-24 15:46:21 --> Session: Class initialized using 'CodeIgniter\Session\Handlers\FileHandler' driver.
DEBUG - 2025-07-24 15:46:21 --> Session: Class initialized using 'CodeIgniter\Session\Handlers\FileHandler' driver.
DEBUG - 2025-07-24 15:46:30 --> Session: Class initialized using 'CodeIgniter\Session\Handlers\FileHandler' driver.
DEBUG - 2025-07-24 15:46:30 --> Session: Class initialized using 'CodeIgniter\Session\Handlers\FileHandler' driver.
DEBUG - 2025-07-24 15:46:32 --> Session: Class initialized using 'CodeIgniter\Session\Handlers\FileHandler' driver.
DEBUG - 2025-07-24 15:46:32 --> Session: Class initialized using 'CodeIgniter\Session\Handlers\FileHandler' driver.
DEBUG - 2025-07-24 15:46:33 --> Session: Class initialized using 'CodeIgniter\Session\Handlers\FileHandler' driver.
DEBUG - 2025-07-24 15:46:33 --> Session: Class initialized using 'CodeIgniter\Session\Handlers\FileHandler' driver.
DEBUG - 2025-07-24 15:46:38 --> Session: Class initialized using 'CodeIgniter\Session\Handlers\FileHandler' driver.
DEBUG - 2025-07-24 15:54:30 --> Session: Class initialized using 'CodeIgniter\Session\Handlers\FileHandler' driver.
DEBUG - 2025-07-24 15:54:30 --> Session: Class initialized using 'CodeIgniter\Session\Handlers\FileHandler' driver.
DEBUG - 2025-07-24 15:54:40 --> Session: Class initialized using 'CodeIgniter\Session\Handlers\FileHandler' driver.
DEBUG - 2025-07-24 15:54:40 --> Session: Class initialized using 'CodeIgniter\Session\Handlers\FileHandler' driver.
DEBUG - 2025-07-24 15:56:38 --> Session: Class initialized using 'CodeIgniter\Session\Handlers\FileHandler' driver.
DEBUG - 2025-07-24 15:56:39 --> Session: Class initialized using 'CodeIgniter\Session\Handlers\FileHandler' driver.
DEBUG - 2025-07-24 15:58:41 --> Session: Class initialized using 'CodeIgniter\Session\Handlers\FileHandler' driver.
DEBUG - 2025-07-24 15:58:42 --> Session: Class initialized using 'CodeIgniter\Session\Handlers\FileHandler' driver.
DEBUG - 2025-07-24 15:58:54 --> Session: Class initialized using 'CodeIgniter\Session\Handlers\FileHandler' driver.
CRITICAL - 2025-07-24 15:58:54 --> ErrorException: Undefined variable $inCount
[Method: GET, Route: dashboard]
in APPPATH\Views\Home\index.php on line 7.
 1 APPPATH\Views\Home\index.php(7): CodeIgniter\Debug\Exceptions->errorHandler(2, 'Undefined variable $inCount', 'C:\\xampp\\htdocs\\pinestore\\app\\Views\\Home\\index.php', 7)
 2 SYSTEMPATH\View\View.php(224): include('C:\\xampp\\htdocs\\pinestore\\app\\Views\\Home\\index.php')
 3 SYSTEMPATH\View\View.php(227): CodeIgniter\View\View->CodeIgniter\View\{closure}()
 4 SYSTEMPATH\Common.php(1173): CodeIgniter\View\View->render('Home/index', [], true)
 5 APPPATH\Controllers\Home.php(34): view('Home/index', [...])
 6 SYSTEMPATH\CodeIgniter.php(933): App\Controllers\Home->index()
 7 SYSTEMPATH\CodeIgniter.php(507): CodeIgniter\CodeIgniter->runController(Object(App\Controllers\Home))
 8 SYSTEMPATH\CodeIgniter.php(354): CodeIgniter\CodeIgniter->handleRequest(null, Object(Config\Cache), false)
 9 SYSTEMPATH\Boot.php(334): CodeIgniter\CodeIgniter->run()
10 SYSTEMPATH\Boot.php(67): CodeIgniter\Boot::runCodeIgniter(Object(CodeIgniter\CodeIgniter))
11 FCPATH\index.php(56): CodeIgniter\Boot::bootWeb(Object(Config\Paths))
DEBUG - 2025-07-24 15:59:26 --> Session: Class initialized using 'CodeIgniter\Session\Handlers\FileHandler' driver.
CRITICAL - 2025-07-24 15:59:26 --> ErrorException: Undefined variable $inCount
[Method: GET, Route: dashboard]
in APPPATH\Views\Home\index.php on line 7.
 1 APPPATH\Views\Home\index.php(7): CodeIgniter\Debug\Exceptions->errorHandler(2, 'Undefined variable $inCount', 'C:\\xampp\\htdocs\\pinestore\\app\\Views\\Home\\index.php', 7)
 2 SYSTEMPATH\View\View.php(224): include('C:\\xampp\\htdocs\\pinestore\\app\\Views\\Home\\index.php')
 3 SYSTEMPATH\View\View.php(227): CodeIgniter\View\View->CodeIgniter\View\{closure}()
 4 SYSTEMPATH\Common.php(1173): CodeIgniter\View\View->render('Home/index', [], true)
 5 APPPATH\Controllers\Home.php(34): view('Home/index', [...])
 6 SYSTEMPATH\CodeIgniter.php(933): App\Controllers\Home->index()
 7 SYSTEMPATH\CodeIgniter.php(507): CodeIgniter\CodeIgniter->runController(Object(App\Controllers\Home))
 8 SYSTEMPATH\CodeIgniter.php(354): CodeIgniter\CodeIgniter->handleRequest(null, Object(Config\Cache), false)
 9 SYSTEMPATH\Boot.php(334): CodeIgniter\CodeIgniter->run()
10 SYSTEMPATH\Boot.php(67): CodeIgniter\Boot::runCodeIgniter(Object(CodeIgniter\CodeIgniter))
11 FCPATH\index.php(56): CodeIgniter\Boot::bootWeb(Object(Config\Paths))
DEBUG - 2025-07-24 15:59:28 --> Session: Class initialized using 'CodeIgniter\Session\Handlers\FileHandler' driver.
CRITICAL - 2025-07-24 15:59:28 --> ErrorException: Undefined variable $inCount
[Method: GET, Route: dashboard]
in APPPATH\Views\Home\index.php on line 7.
 1 APPPATH\Views\Home\index.php(7): CodeIgniter\Debug\Exceptions->errorHandler(2, 'Undefined variable $inCount', 'C:\\xampp\\htdocs\\pinestore\\app\\Views\\Home\\index.php', 7)
 2 SYSTEMPATH\View\View.php(224): include('C:\\xampp\\htdocs\\pinestore\\app\\Views\\Home\\index.php')
 3 SYSTEMPATH\View\View.php(227): CodeIgniter\View\View->CodeIgniter\View\{closure}()
 4 SYSTEMPATH\Common.php(1173): CodeIgniter\View\View->render('Home/index', [], true)
 5 APPPATH\Controllers\Home.php(34): view('Home/index', [...])
 6 SYSTEMPATH\CodeIgniter.php(933): App\Controllers\Home->index()
 7 SYSTEMPATH\CodeIgniter.php(507): CodeIgniter\CodeIgniter->runController(Object(App\Controllers\Home))
 8 SYSTEMPATH\CodeIgniter.php(354): CodeIgniter\CodeIgniter->handleRequest(null, Object(Config\Cache), false)
 9 SYSTEMPATH\Boot.php(334): CodeIgniter\CodeIgniter->run()
10 SYSTEMPATH\Boot.php(67): CodeIgniter\Boot::runCodeIgniter(Object(CodeIgniter\CodeIgniter))
11 FCPATH\index.php(56): CodeIgniter\Boot::bootWeb(Object(Config\Paths))
DEBUG - 2025-07-24 15:59:28 --> Session: Class initialized using 'CodeIgniter\Session\Handlers\FileHandler' driver.
CRITICAL - 2025-07-24 15:59:28 --> ErrorException: Undefined variable $inCount
[Method: GET, Route: dashboard]
in APPPATH\Views\Home\index.php on line 7.
 1 APPPATH\Views\Home\index.php(7): CodeIgniter\Debug\Exceptions->errorHandler(2, 'Undefined variable $inCount', 'C:\\xampp\\htdocs\\pinestore\\app\\Views\\Home\\index.php', 7)
 2 SYSTEMPATH\View\View.php(224): include('C:\\xampp\\htdocs\\pinestore\\app\\Views\\Home\\index.php')
 3 SYSTEMPATH\View\View.php(227): CodeIgniter\View\View->CodeIgniter\View\{closure}()
 4 SYSTEMPATH\Common.php(1173): CodeIgniter\View\View->render('Home/index', [], true)
 5 APPPATH\Controllers\Home.php(34): view('Home/index', [...])
 6 SYSTEMPATH\CodeIgniter.php(933): App\Controllers\Home->index()
 7 SYSTEMPATH\CodeIgniter.php(507): CodeIgniter\CodeIgniter->runController(Object(App\Controllers\Home))
 8 SYSTEMPATH\CodeIgniter.php(354): CodeIgniter\CodeIgniter->handleRequest(null, Object(Config\Cache), false)
 9 SYSTEMPATH\Boot.php(334): CodeIgniter\CodeIgniter->run()
10 SYSTEMPATH\Boot.php(67): CodeIgniter\Boot::runCodeIgniter(Object(CodeIgniter\CodeIgniter))
11 FCPATH\index.php(56): CodeIgniter\Boot::bootWeb(Object(Config\Paths))
DEBUG - 2025-07-24 15:59:28 --> Session: Class initialized using 'CodeIgniter\Session\Handlers\FileHandler' driver.
CRITICAL - 2025-07-24 15:59:28 --> ErrorException: Undefined variable $inCount
[Method: GET, Route: dashboard]
in APPPATH\Views\Home\index.php on line 7.
 1 APPPATH\Views\Home\index.php(7): CodeIgniter\Debug\Exceptions->errorHandler(2, 'Undefined variable $inCount', 'C:\\xampp\\htdocs\\pinestore\\app\\Views\\Home\\index.php', 7)
 2 SYSTEMPATH\View\View.php(224): include('C:\\xampp\\htdocs\\pinestore\\app\\Views\\Home\\index.php')
 3 SYSTEMPATH\View\View.php(227): CodeIgniter\View\View->CodeIgniter\View\{closure}()
 4 SYSTEMPATH\Common.php(1173): CodeIgniter\View\View->render('Home/index', [], true)
 5 APPPATH\Controllers\Home.php(34): view('Home/index', [...])
 6 SYSTEMPATH\CodeIgniter.php(933): App\Controllers\Home->index()
 7 SYSTEMPATH\CodeIgniter.php(507): CodeIgniter\CodeIgniter->runController(Object(App\Controllers\Home))
 8 SYSTEMPATH\CodeIgniter.php(354): CodeIgniter\CodeIgniter->handleRequest(null, Object(Config\Cache), false)
 9 SYSTEMPATH\Boot.php(334): CodeIgniter\CodeIgniter->run()
10 SYSTEMPATH\Boot.php(67): CodeIgniter\Boot::runCodeIgniter(Object(CodeIgniter\CodeIgniter))
11 FCPATH\index.php(56): CodeIgniter\Boot::bootWeb(Object(Config\Paths))
DEBUG - 2025-07-24 15:59:28 --> Session: Class initialized using 'CodeIgniter\Session\Handlers\FileHandler' driver.
CRITICAL - 2025-07-24 15:59:28 --> ErrorException: Undefined variable $inCount
[Method: GET, Route: dashboard]
in APPPATH\Views\Home\index.php on line 7.
 1 APPPATH\Views\Home\index.php(7): CodeIgniter\Debug\Exceptions->errorHandler(2, 'Undefined variable $inCount', 'C:\\xampp\\htdocs\\pinestore\\app\\Views\\Home\\index.php', 7)
 2 SYSTEMPATH\View\View.php(224): include('C:\\xampp\\htdocs\\pinestore\\app\\Views\\Home\\index.php')
 3 SYSTEMPATH\View\View.php(227): CodeIgniter\View\View->CodeIgniter\View\{closure}()
 4 SYSTEMPATH\Common.php(1173): CodeIgniter\View\View->render('Home/index', [], true)
 5 APPPATH\Controllers\Home.php(34): view('Home/index', [...])
 6 SYSTEMPATH\CodeIgniter.php(933): App\Controllers\Home->index()
 7 SYSTEMPATH\CodeIgniter.php(507): CodeIgniter\CodeIgniter->runController(Object(App\Controllers\Home))
 8 SYSTEMPATH\CodeIgniter.php(354): CodeIgniter\CodeIgniter->handleRequest(null, Object(Config\Cache), false)
 9 SYSTEMPATH\Boot.php(334): CodeIgniter\CodeIgniter->run()
10 SYSTEMPATH\Boot.php(67): CodeIgniter\Boot::runCodeIgniter(Object(CodeIgniter\CodeIgniter))
11 FCPATH\index.php(56): CodeIgniter\Boot::bootWeb(Object(Config\Paths))
DEBUG - 2025-07-24 16:00:18 --> Session: Class initialized using 'CodeIgniter\Session\Handlers\FileHandler' driver.
CRITICAL - 2025-07-24 16:00:18 --> ErrorException: Undefined variable $data
[Method: GET, Route: dashboard]
in APPPATH\Views\Home\index.php on line 7.
 1 APPPATH\Views\Home\index.php(7): CodeIgniter\Debug\Exceptions->errorHandler(2, 'Undefined variable $data', 'C:\\xampp\\htdocs\\pinestore\\app\\Views\\Home\\index.php', 7)
 2 SYSTEMPATH\View\View.php(224): include('C:\\xampp\\htdocs\\pinestore\\app\\Views\\Home\\index.php')
 3 SYSTEMPATH\View\View.php(227): CodeIgniter\View\View->CodeIgniter\View\{closure}()
 4 SYSTEMPATH\Common.php(1173): CodeIgniter\View\View->render('Home/index', [], true)
 5 APPPATH\Controllers\Home.php(34): view('Home/index', [...])
 6 SYSTEMPATH\CodeIgniter.php(933): App\Controllers\Home->index()
 7 SYSTEMPATH\CodeIgniter.php(507): CodeIgniter\CodeIgniter->runController(Object(App\Controllers\Home))
 8 SYSTEMPATH\CodeIgniter.php(354): CodeIgniter\CodeIgniter->handleRequest(null, Object(Config\Cache), false)
 9 SYSTEMPATH\Boot.php(334): CodeIgniter\CodeIgniter->run()
10 SYSTEMPATH\Boot.php(67): CodeIgniter\Boot::runCodeIgniter(Object(CodeIgniter\CodeIgniter))
11 FCPATH\index.php(56): CodeIgniter\Boot::bootWeb(Object(Config\Paths))
DEBUG - 2025-07-24 16:00:31 --> Session: Class initialized using 'CodeIgniter\Session\Handlers\FileHandler' driver.
CRITICAL - 2025-07-24 16:00:31 --> ErrorException: Undefined variable $inCount
[Method: GET, Route: dashboard]
in APPPATH\Views\Home\index.php on line 7.
 1 APPPATH\Views\Home\index.php(7): CodeIgniter\Debug\Exceptions->errorHandler(2, 'Undefined variable $inCount', 'C:\\xampp\\htdocs\\pinestore\\app\\Views\\Home\\index.php', 7)
 2 SYSTEMPATH\View\View.php(224): include('C:\\xampp\\htdocs\\pinestore\\app\\Views\\Home\\index.php')
 3 SYSTEMPATH\View\View.php(227): CodeIgniter\View\View->CodeIgniter\View\{closure}()
 4 SYSTEMPATH\Common.php(1173): CodeIgniter\View\View->render('Home/index', [], true)
 5 APPPATH\Controllers\Home.php(34): view('Home/index', [...])
 6 SYSTEMPATH\CodeIgniter.php(933): App\Controllers\Home->index()
 7 SYSTEMPATH\CodeIgniter.php(507): CodeIgniter\CodeIgniter->runController(Object(App\Controllers\Home))
 8 SYSTEMPATH\CodeIgniter.php(354): CodeIgniter\CodeIgniter->handleRequest(null, Object(Config\Cache), false)
 9 SYSTEMPATH\Boot.php(334): CodeIgniter\CodeIgniter->run()
10 SYSTEMPATH\Boot.php(67): CodeIgniter\Boot::runCodeIgniter(Object(CodeIgniter\CodeIgniter))
11 FCPATH\index.php(56): CodeIgniter\Boot::bootWeb(Object(Config\Paths))
DEBUG - 2025-07-24 16:01:14 --> Session: Class initialized using 'CodeIgniter\Session\Handlers\FileHandler' driver.
DEBUG - 2025-07-24 16:01:15 --> Session: Class initialized using 'CodeIgniter\Session\Handlers\FileHandler' driver.
DEBUG - 2025-07-24 16:01:50 --> Session: Class initialized using 'CodeIgniter\Session\Handlers\FileHandler' driver.
DEBUG - 2025-07-24 16:01:50 --> Session: Class initialized using 'CodeIgniter\Session\Handlers\FileHandler' driver.
DEBUG - 2025-07-24 16:01:51 --> Session: Class initialized using 'CodeIgniter\Session\Handlers\FileHandler' driver.
DEBUG - 2025-07-24 16:01:51 --> Session: Class initialized using 'CodeIgniter\Session\Handlers\FileHandler' driver.
DEBUG - 2025-07-24 16:01:51 --> Session: Class initialized using 'CodeIgniter\Session\Handlers\FileHandler' driver.
DEBUG - 2025-07-24 16:01:51 --> Session: Class initialized using 'CodeIgniter\Session\Handlers\FileHandler' driver.
DEBUG - 2025-07-24 16:01:52 --> Session: Class initialized using 'CodeIgniter\Session\Handlers\FileHandler' driver.
DEBUG - 2025-07-24 16:01:52 --> Session: Class initialized using 'CodeIgniter\Session\Handlers\FileHandler' driver.
DEBUG - 2025-07-24 16:01:52 --> Session: Class initialized using 'CodeIgniter\Session\Handlers\FileHandler' driver.
DEBUG - 2025-07-24 16:01:52 --> Session: Class initialized using 'CodeIgniter\Session\Handlers\FileHandler' driver.
DEBUG - 2025-07-24 16:01:53 --> Session: Class initialized using 'CodeIgniter\Session\Handlers\FileHandler' driver.
DEBUG - 2025-07-24 16:01:53 --> Session: Class initialized using 'CodeIgniter\Session\Handlers\FileHandler' driver.
DEBUG - 2025-07-24 16:01:54 --> Session: Class initialized using 'CodeIgniter\Session\Handlers\FileHandler' driver.
DEBUG - 2025-07-24 16:01:55 --> Session: Class initialized using 'CodeIgniter\Session\Handlers\FileHandler' driver.
DEBUG - 2025-07-24 16:06:18 --> Session: Class initialized using 'CodeIgniter\Session\Handlers\FileHandler' driver.
DEBUG - 2025-07-24 16:06:19 --> Session: Class initialized using 'CodeIgniter\Session\Handlers\FileHandler' driver.
DEBUG - 2025-07-24 16:06:43 --> Session: Class initialized using 'CodeIgniter\Session\Handlers\FileHandler' driver.
DEBUG - 2025-07-24 16:06:44 --> Session: Class initialized using 'CodeIgniter\Session\Handlers\FileHandler' driver.
DEBUG - 2025-07-24 16:06:44 --> Session: Class initialized using 'CodeIgniter\Session\Handlers\FileHandler' driver.
DEBUG - 2025-07-24 16:06:44 --> Session: Class initialized using 'CodeIgniter\Session\Handlers\FileHandler' driver.
DEBUG - 2025-07-24 16:06:45 --> Session: Class initialized using 'CodeIgniter\Session\Handlers\FileHandler' driver.
DEBUG - 2025-07-24 16:06:45 --> Session: Class initialized using 'CodeIgniter\Session\Handlers\FileHandler' driver.
DEBUG - 2025-07-24 16:06:45 --> Session: Class initialized using 'CodeIgniter\Session\Handlers\FileHandler' driver.
DEBUG - 2025-07-24 16:06:45 --> Session: Class initialized using 'CodeIgniter\Session\Handlers\FileHandler' driver.
DEBUG - 2025-07-24 16:06:45 --> Session: Class initialized using 'CodeIgniter\Session\Handlers\FileHandler' driver.
DEBUG - 2025-07-24 16:06:46 --> Session: Class initialized using 'CodeIgniter\Session\Handlers\FileHandler' driver.
DEBUG - 2025-07-24 16:06:46 --> Session: Class initialized using 'CodeIgniter\Session\Handlers\FileHandler' driver.
DEBUG - 2025-07-24 16:06:46 --> Session: Class initialized using 'CodeIgniter\Session\Handlers\FileHandler' driver.
DEBUG - 2025-07-24 16:06:46 --> Session: Class initialized using 'CodeIgniter\Session\Handlers\FileHandler' driver.
DEBUG - 2025-07-24 16:06:46 --> Session: Class initialized using 'CodeIgniter\Session\Handlers\FileHandler' driver.
DEBUG - 2025-07-24 16:06:46 --> Session: Class initialized using 'CodeIgniter\Session\Handlers\FileHandler' driver.
DEBUG - 2025-07-24 16:06:47 --> Session: Class initialized using 'CodeIgniter\Session\Handlers\FileHandler' driver.
DEBUG - 2025-07-24 16:06:47 --> Session: Class initialized using 'CodeIgniter\Session\Handlers\FileHandler' driver.
DEBUG - 2025-07-24 16:06:47 --> Session: Class initialized using 'CodeIgniter\Session\Handlers\FileHandler' driver.
DEBUG - 2025-07-24 16:06:48 --> Session: Class initialized using 'CodeIgniter\Session\Handlers\FileHandler' driver.
DEBUG - 2025-07-24 16:06:48 --> Session: Class initialized using 'CodeIgniter\Session\Handlers\FileHandler' driver.
DEBUG - 2025-07-24 16:06:48 --> Session: Class initialized using 'CodeIgniter\Session\Handlers\FileHandler' driver.
DEBUG - 2025-07-24 16:06:48 --> Session: Class initialized using 'CodeIgniter\Session\Handlers\FileHandler' driver.
DEBUG - 2025-07-24 16:06:48 --> Session: Class initialized using 'CodeIgniter\Session\Handlers\FileHandler' driver.
DEBUG - 2025-07-24 16:06:48 --> Session: Class initialized using 'CodeIgniter\Session\Handlers\FileHandler' driver.
DEBUG - 2025-07-24 16:06:49 --> Session: Class initialized using 'CodeIgniter\Session\Handlers\FileHandler' driver.
DEBUG - 2025-07-24 16:06:49 --> Session: Class initialized using 'CodeIgniter\Session\Handlers\FileHandler' driver.
DEBUG - 2025-07-24 16:12:30 --> Session: Class initialized using 'CodeIgniter\Session\Handlers\FileHandler' driver.
DEBUG - 2025-07-24 16:12:30 --> Session: Class initialized using 'CodeIgniter\Session\Handlers\FileHandler' driver.
DEBUG - 2025-07-24 16:12:58 --> Session: Class initialized using 'CodeIgniter\Session\Handlers\FileHandler' driver.
DEBUG - 2025-07-24 16:12:58 --> Session: Class initialized using 'CodeIgniter\Session\Handlers\FileHandler' driver.
DEBUG - 2025-07-24 16:22:43 --> Session: Class initialized using 'CodeIgniter\Session\Handlers\FileHandler' driver.
DEBUG - 2025-07-24 16:22:46 --> Session: Class initialized using 'CodeIgniter\Session\Handlers\FileHandler' driver.
DEBUG - 2025-07-24 16:23:16 --> Session: Class initialized using 'CodeIgniter\Session\Handlers\FileHandler' driver.
DEBUG - 2025-07-24 16:23:17 --> Session: Class initialized using 'CodeIgniter\Session\Handlers\FileHandler' driver.
DEBUG - 2025-07-24 16:23:18 --> Session: Class initialized using 'CodeIgniter\Session\Handlers\FileHandler' driver.
DEBUG - 2025-07-24 16:23:18 --> Session: Class initialized using 'CodeIgniter\Session\Handlers\FileHandler' driver.
DEBUG - 2025-07-24 16:23:19 --> Session: Class initialized using 'CodeIgniter\Session\Handlers\FileHandler' driver.
DEBUG - 2025-07-24 16:23:35 --> Session: Class initialized using 'CodeIgniter\Session\Handlers\FileHandler' driver.
DEBUG - 2025-07-24 16:23:35 --> Session: Class initialized using 'CodeIgniter\Session\Handlers\FileHandler' driver.
DEBUG - 2025-07-24 16:23:44 --> Session: Class initialized using 'CodeIgniter\Session\Handlers\FileHandler' driver.
DEBUG - 2025-07-24 16:23:45 --> Session: Class initialized using 'CodeIgniter\Session\Handlers\FileHandler' driver.
DEBUG - 2025-07-24 16:23:59 --> Session: Class initialized using 'CodeIgniter\Session\Handlers\FileHandler' driver.
DEBUG - 2025-07-24 16:24:00 --> Session: Class initialized using 'CodeIgniter\Session\Handlers\FileHandler' driver.
DEBUG - 2025-07-24 16:24:10 --> Session: Class initialized using 'CodeIgniter\Session\Handlers\FileHandler' driver.
DEBUG - 2025-07-24 16:24:11 --> Session: Class initialized using 'CodeIgniter\Session\Handlers\FileHandler' driver.
DEBUG - 2025-07-24 16:24:14 --> Session: Class initialized using 'CodeIgniter\Session\Handlers\FileHandler' driver.
DEBUG - 2025-07-24 16:24:14 --> Session: Class initialized using 'CodeIgniter\Session\Handlers\FileHandler' driver.
DEBUG - 2025-07-24 16:24:27 --> Session: Class initialized using 'CodeIgniter\Session\Handlers\FileHandler' driver.
DEBUG - 2025-07-24 16:24:27 --> Session: Class initialized using 'CodeIgniter\Session\Handlers\FileHandler' driver.
DEBUG - 2025-07-24 16:24:37 --> Session: Class initialized using 'CodeIgniter\Session\Handlers\FileHandler' driver.
DEBUG - 2025-07-24 16:24:37 --> Session: Class initialized using 'CodeIgniter\Session\Handlers\FileHandler' driver.
DEBUG - 2025-07-24 16:25:01 --> Session: Class initialized using 'CodeIgniter\Session\Handlers\FileHandler' driver.
DEBUG - 2025-07-24 16:25:01 --> Session: Class initialized using 'CodeIgniter\Session\Handlers\FileHandler' driver.
DEBUG - 2025-07-24 16:25:01 --> Session: Class initialized using 'CodeIgniter\Session\Handlers\FileHandler' driver.
DEBUG - 2025-07-24 16:25:02 --> Session: Class initialized using 'CodeIgniter\Session\Handlers\FileHandler' driver.
DEBUG - 2025-07-24 16:25:03 --> Session: Class initialized using 'CodeIgniter\Session\Handlers\FileHandler' driver.
DEBUG - 2025-07-24 16:25:03 --> Session: Class initialized using 'CodeIgniter\Session\Handlers\FileHandler' driver.
DEBUG - 2025-07-24 16:25:26 --> Session: Class initialized using 'CodeIgniter\Session\Handlers\FileHandler' driver.
DEBUG - 2025-07-24 16:25:27 --> Session: Class initialized using 'CodeIgniter\Session\Handlers\FileHandler' driver.
DEBUG - 2025-07-24 16:25:38 --> Session: Class initialized using 'CodeIgniter\Session\Handlers\FileHandler' driver.
DEBUG - 2025-07-24 16:25:39 --> Session: Class initialized using 'CodeIgniter\Session\Handlers\FileHandler' driver.
DEBUG - 2025-07-24 16:25:41 --> Session: Class initialized using 'CodeIgniter\Session\Handlers\FileHandler' driver.
DEBUG - 2025-07-24 16:25:41 --> Session: Class initialized using 'CodeIgniter\Session\Handlers\FileHandler' driver.
DEBUG - 2025-07-24 16:25:41 --> Session: Class initialized using 'CodeIgniter\Session\Handlers\FileHandler' driver.
DEBUG - 2025-07-24 16:25:42 --> Session: Class initialized using 'CodeIgniter\Session\Handlers\FileHandler' driver.
DEBUG - 2025-07-24 16:25:42 --> Session: Class initialized using 'CodeIgniter\Session\Handlers\FileHandler' driver.
DEBUG - 2025-07-24 16:25:43 --> Session: Class initialized using 'CodeIgniter\Session\Handlers\FileHandler' driver.
DEBUG - 2025-07-24 16:25:55 --> Session: Class initialized using 'CodeIgniter\Session\Handlers\FileHandler' driver.
DEBUG - 2025-07-24 16:25:55 --> Session: Class initialized using 'CodeIgniter\Session\Handlers\FileHandler' driver.
DEBUG - 2025-07-24 16:38:56 --> Session: Class initialized using 'CodeIgniter\Session\Handlers\FileHandler' driver.
DEBUG - 2025-07-24 16:38:56 --> Session: Class initialized using 'CodeIgniter\Session\Handlers\FileHandler' driver.
DEBUG - 2025-07-24 16:39:15 --> Session: Class initialized using 'CodeIgniter\Session\Handlers\FileHandler' driver.
DEBUG - 2025-07-24 16:39:16 --> Session: Class initialized using 'CodeIgniter\Session\Handlers\FileHandler' driver.
DEBUG - 2025-07-24 16:39:18 --> Session: Class initialized using 'CodeIgniter\Session\Handlers\FileHandler' driver.
DEBUG - 2025-07-24 16:39:18 --> Session: Class initialized using 'CodeIgniter\Session\Handlers\FileHandler' driver.
DEBUG - 2025-07-24 16:39:18 --> Session: Class initialized using 'CodeIgniter\Session\Handlers\FileHandler' driver.
DEBUG - 2025-07-24 16:39:23 --> Session: Class initialized using 'CodeIgniter\Session\Handlers\FileHandler' driver.
DEBUG - 2025-07-24 16:39:30 --> Session: Class initialized using 'CodeIgniter\Session\Handlers\FileHandler' driver.
DEBUG - 2025-07-24 16:39:31 --> Session: Class initialized using 'CodeIgniter\Session\Handlers\FileHandler' driver.
CRITICAL - 2025-07-24 16:39:31 --> CodeIgniter\Exceptions\RuntimeException: View themes, no current section.
[Method: GET, Route: manager/order-leads]
in SYSTEMPATH\View\View.php on line 430.
 1 APPPATH\Views\Home\mangerlead.php(23): CodeIgniter\View\View->endSection()
 2 SYSTEMPATH\View\View.php(224): include('C:\\xampp\\htdocs\\pinestore\\app\\Views\\Home\\mangerlead.php')
 3 SYSTEMPATH\View\View.php(227): CodeIgniter\View\View->CodeIgniter\View\{closure}()
 4 SYSTEMPATH\Common.php(1173): CodeIgniter\View\View->render('Home/mangerlead', [], true)
 5 APPPATH\Controllers\Home.php(526): view('Home/mangerlead')
 6 SYSTEMPATH\CodeIgniter.php(933): App\Controllers\Home->getOrderLeads()
 7 SYSTEMPATH\CodeIgniter.php(507): CodeIgniter\CodeIgniter->runController(Object(App\Controllers\Home))
 8 SYSTEMPATH\CodeIgniter.php(354): CodeIgniter\CodeIgniter->handleRequest(null, Object(Config\Cache), false)
 9 SYSTEMPATH\Boot.php(334): CodeIgniter\CodeIgniter->run()
10 SYSTEMPATH\Boot.php(67): CodeIgniter\Boot::runCodeIgniter(Object(CodeIgniter\CodeIgniter))
11 FCPATH\index.php(56): CodeIgniter\Boot::bootWeb(Object(Config\Paths))
DEBUG - 2025-07-24 16:41:31 --> Session: Class initialized using 'CodeIgniter\Session\Handlers\FileHandler' driver.
CRITICAL - 2025-07-24 16:41:31 --> CodeIgniter\Exceptions\RuntimeException: View themes, no current section.
[Method: GET, Route: manager/order-leads]
in SYSTEMPATH\View\View.php on line 430.
 1 APPPATH\Views\Home\mangerlead.php(23): CodeIgniter\View\View->endSection()
 2 SYSTEMPATH\View\View.php(224): include('C:\\xampp\\htdocs\\pinestore\\app\\Views\\Home\\mangerlead.php')
 3 SYSTEMPATH\View\View.php(227): CodeIgniter\View\View->CodeIgniter\View\{closure}()
 4 SYSTEMPATH\Common.php(1173): CodeIgniter\View\View->render('Home/mangerlead', [], true)
 5 APPPATH\Controllers\Home.php(526): view('Home/mangerlead')
 6 SYSTEMPATH\CodeIgniter.php(933): App\Controllers\Home->getOrderLeads()
 7 SYSTEMPATH\CodeIgniter.php(507): CodeIgniter\CodeIgniter->runController(Object(App\Controllers\Home))
 8 SYSTEMPATH\CodeIgniter.php(354): CodeIgniter\CodeIgniter->handleRequest(null, Object(Config\Cache), false)
 9 SYSTEMPATH\Boot.php(334): CodeIgniter\CodeIgniter->run()
10 SYSTEMPATH\Boot.php(67): CodeIgniter\Boot::runCodeIgniter(Object(CodeIgniter\CodeIgniter))
11 FCPATH\index.php(56): CodeIgniter\Boot::bootWeb(Object(Config\Paths))
DEBUG - 2025-07-24 16:41:35 --> Session: Class initialized using 'CodeIgniter\Session\Handlers\FileHandler' driver.
DEBUG - 2025-07-24 16:41:40 --> Session: Class initialized using 'CodeIgniter\Session\Handlers\FileHandler' driver.
DEBUG - 2025-07-24 16:43:56 --> Session: Class initialized using 'CodeIgniter\Session\Handlers\FileHandler' driver.
DEBUG - 2025-07-24 16:44:05 --> Session: Class initialized using 'CodeIgniter\Session\Handlers\FileHandler' driver.
DEBUG - 2025-07-24 16:46:08 --> Session: Class initialized using 'CodeIgniter\Session\Handlers\FileHandler' driver.
DEBUG - 2025-07-24 16:46:33 --> Session: Class initialized using 'CodeIgniter\Session\Handlers\FileHandler' driver.
DEBUG - 2025-07-24 16:46:56 --> Session: Class initialized using 'CodeIgniter\Session\Handlers\FileHandler' driver.
DEBUG - 2025-07-24 16:46:56 --> Session: Class initialized using 'CodeIgniter\Session\Handlers\FileHandler' driver.
DEBUG - 2025-07-24 16:46:57 --> Session: Class initialized using 'CodeIgniter\Session\Handlers\FileHandler' driver.
DEBUG - 2025-07-24 16:47:05 --> Session: Class initialized using 'CodeIgniter\Session\Handlers\FileHandler' driver.
DEBUG - 2025-07-24 16:47:05 --> Session: Class initialized using 'CodeIgniter\Session\Handlers\FileHandler' driver.
DEBUG - 2025-07-24 16:47:05 --> Session: Class initialized using 'CodeIgniter\Session\Handlers\FileHandler' driver.
DEBUG - 2025-07-24 16:47:06 --> Session: Class initialized using 'CodeIgniter\Session\Handlers\FileHandler' driver.
DEBUG - 2025-07-24 16:47:35 --> Session: Class initialized using 'CodeIgniter\Session\Handlers\FileHandler' driver.
DEBUG - 2025-07-24 16:47:36 --> Session: Class initialized using 'CodeIgniter\Session\Handlers\FileHandler' driver.
DEBUG - 2025-07-24 16:47:45 --> Session: Class initialized using 'CodeIgniter\Session\Handlers\FileHandler' driver.
DEBUG - 2025-07-24 16:47:58 --> Session: Class initialized using 'CodeIgniter\Session\Handlers\FileHandler' driver.
DEBUG - 2025-07-24 16:47:58 --> Session: Class initialized using 'CodeIgniter\Session\Handlers\FileHandler' driver.
DEBUG - 2025-07-24 16:47:58 --> Session: Class initialized using 'CodeIgniter\Session\Handlers\FileHandler' driver.
DEBUG - 2025-07-24 16:47:58 --> Session: Class initialized using 'CodeIgniter\Session\Handlers\FileHandler' driver.
DEBUG - 2025-07-24 16:48:41 --> Session: Class initialized using 'CodeIgniter\Session\Handlers\FileHandler' driver.
DEBUG - 2025-07-24 16:48:41 --> Session: Class initialized using 'CodeIgniter\Session\Handlers\FileHandler' driver.
DEBUG - 2025-07-24 16:48:41 --> Session: Class initialized using 'CodeIgniter\Session\Handlers\FileHandler' driver.
DEBUG - 2025-07-24 16:48:41 --> Session: Class initialized using 'CodeIgniter\Session\Handlers\FileHandler' driver.
DEBUG - 2025-07-24 16:49:10 --> Session: Class initialized using 'CodeIgniter\Session\Handlers\FileHandler' driver.
DEBUG - 2025-07-24 16:49:11 --> Session: Class initialized using 'CodeIgniter\Session\Handlers\FileHandler' driver.
DEBUG - 2025-07-24 16:49:17 --> Session: Class initialized using 'CodeIgniter\Session\Handlers\FileHandler' driver.
DEBUG - 2025-07-24 16:49:17 --> Session: Class initialized using 'CodeIgniter\Session\Handlers\FileHandler' driver.
DEBUG - 2025-07-24 16:49:17 --> Session: Class initialized using 'CodeIgniter\Session\Handlers\FileHandler' driver.
DEBUG - 2025-07-24 16:49:17 --> Session: Class initialized using 'CodeIgniter\Session\Handlers\FileHandler' driver.
DEBUG - 2025-07-24 16:51:02 --> Session: Class initialized using 'CodeIgniter\Session\Handlers\FileHandler' driver.
DEBUG - 2025-07-24 16:51:09 --> Session: Class initialized using 'CodeIgniter\Session\Handlers\FileHandler' driver.
DEBUG - 2025-07-24 16:51:09 --> Session: Class initialized using 'CodeIgniter\Session\Handlers\FileHandler' driver.
DEBUG - 2025-07-24 16:51:09 --> Session: Class initialized using 'CodeIgniter\Session\Handlers\FileHandler' driver.
DEBUG - 2025-07-24 16:51:09 --> Session: Class initialized using 'CodeIgniter\Session\Handlers\FileHandler' driver.
DEBUG - 2025-07-24 17:00:36 --> Session: Class initialized using 'CodeIgniter\Session\Handlers\FileHandler' driver.
DEBUG - 2025-07-24 17:00:38 --> Session: Class initialized using 'CodeIgniter\Session\Handlers\FileHandler' driver.
DEBUG - 2025-07-24 17:00:38 --> Session: Class initialized using 'CodeIgniter\Session\Handlers\FileHandler' driver.
DEBUG - 2025-07-24 17:00:38 --> Session: Class initialized using 'CodeIgniter\Session\Handlers\FileHandler' driver.
DEBUG - 2025-07-24 17:00:40 --> Session: Class initialized using 'CodeIgniter\Session\Handlers\FileHandler' driver.
DEBUG - 2025-07-24 17:00:48 --> Session: Class initialized using 'CodeIgniter\Session\Handlers\FileHandler' driver.
DEBUG - 2025-07-24 17:00:48 --> Session: Class initialized using 'CodeIgniter\Session\Handlers\FileHandler' driver.
DEBUG - 2025-07-24 17:00:48 --> Session: Class initialized using 'CodeIgniter\Session\Handlers\FileHandler' driver.
DEBUG - 2025-07-24 17:00:48 --> Session: Class initialized using 'CodeIgniter\Session\Handlers\FileHandler' driver.
DEBUG - 2025-07-24 17:00:53 --> Session: Class initialized using 'CodeIgniter\Session\Handlers\FileHandler' driver.
DEBUG - 2025-07-24 17:00:53 --> Session: Class initialized using 'CodeIgniter\Session\Handlers\FileHandler' driver.
DEBUG - 2025-07-24 17:00:58 --> Session: Class initialized using 'CodeIgniter\Session\Handlers\FileHandler' driver.
DEBUG - 2025-07-24 17:00:59 --> Session: Class initialized using 'CodeIgniter\Session\Handlers\FileHandler' driver.
DEBUG - 2025-07-24 17:01:00 --> Session: Class initialized using 'CodeIgniter\Session\Handlers\FileHandler' driver.
DEBUG - 2025-07-24 17:01:00 --> Session: Class initialized using 'CodeIgniter\Session\Handlers\FileHandler' driver.
DEBUG - 2025-07-24 17:01:31 --> Session: Class initialized using 'CodeIgniter\Session\Handlers\FileHandler' driver.
DEBUG - 2025-07-24 17:01:32 --> Session: Class initialized using 'CodeIgniter\Session\Handlers\FileHandler' driver.
DEBUG - 2025-07-24 17:01:32 --> Session: Class initialized using 'CodeIgniter\Session\Handlers\FileHandler' driver.
DEBUG - 2025-07-24 17:01:32 --> Session: Class initialized using 'CodeIgniter\Session\Handlers\FileHandler' driver.
DEBUG - 2025-07-24 17:03:19 --> Session: Class initialized using 'CodeIgniter\Session\Handlers\FileHandler' driver.
DEBUG - 2025-07-24 17:03:19 --> Session: Class initialized using 'CodeIgniter\Session\Handlers\FileHandler' driver.
DEBUG - 2025-07-24 17:03:20 --> Session: Class initialized using 'CodeIgniter\Session\Handlers\FileHandler' driver.
DEBUG - 2025-07-24 17:03:33 --> Session: Class initialized using 'CodeIgniter\Session\Handlers\FileHandler' driver.
DEBUG - 2025-07-24 17:03:33 --> Session: Class initialized using 'CodeIgniter\Session\Handlers\FileHandler' driver.
DEBUG - 2025-07-24 17:03:34 --> Session: Class initialized using 'CodeIgniter\Session\Handlers\FileHandler' driver.
DEBUG - 2025-07-24 17:03:34 --> Session: Class initialized using 'CodeIgniter\Session\Handlers\FileHandler' driver.
DEBUG - 2025-07-24 17:04:06 --> Session: Class initialized using 'CodeIgniter\Session\Handlers\FileHandler' driver.
DEBUG - 2025-07-24 17:04:12 --> Session: Class initialized using 'CodeIgniter\Session\Handlers\FileHandler' driver.
DEBUG - 2025-07-24 17:04:12 --> Session: Class initialized using 'CodeIgniter\Session\Handlers\FileHandler' driver.
DEBUG - 2025-07-24 17:04:12 --> Session: Class initialized using 'CodeIgniter\Session\Handlers\FileHandler' driver.
DEBUG - 2025-07-24 17:04:13 --> Session: Class initialized using 'CodeIgniter\Session\Handlers\FileHandler' driver.
DEBUG - 2025-07-24 17:09:37 --> Session: Class initialized using 'CodeIgniter\Session\Handlers\FileHandler' driver.
DEBUG - 2025-07-24 17:09:45 --> Session: Class initialized using 'CodeIgniter\Session\Handlers\FileHandler' driver.
DEBUG - 2025-07-24 17:09:45 --> Session: Class initialized using 'CodeIgniter\Session\Handlers\FileHandler' driver.
DEBUG - 2025-07-24 17:09:45 --> Session: Class initialized using 'CodeIgniter\Session\Handlers\FileHandler' driver.
DEBUG - 2025-07-24 17:09:45 --> Session: Class initialized using 'CodeIgniter\Session\Handlers\FileHandler' driver.
DEBUG - 2025-07-24 17:10:33 --> Session: Class initialized using 'CodeIgniter\Session\Handlers\FileHandler' driver.
DEBUG - 2025-07-24 17:10:40 --> Session: Class initialized using 'CodeIgniter\Session\Handlers\FileHandler' driver.
DEBUG - 2025-07-24 17:10:40 --> Session: Class initialized using 'CodeIgniter\Session\Handlers\FileHandler' driver.
DEBUG - 2025-07-24 17:10:40 --> Session: Class initialized using 'CodeIgniter\Session\Handlers\FileHandler' driver.
DEBUG - 2025-07-24 17:10:40 --> Session: Class initialized using 'CodeIgniter\Session\Handlers\FileHandler' driver.
DEBUG - 2025-07-24 17:11:01 --> Session: Class initialized using 'CodeIgniter\Session\Handlers\FileHandler' driver.
DEBUG - 2025-07-24 17:11:01 --> Session: Class initialized using 'CodeIgniter\Session\Handlers\FileHandler' driver.
DEBUG - 2025-07-24 17:11:18 --> Session: Class initialized using 'CodeIgniter\Session\Handlers\FileHandler' driver.
DEBUG - 2025-07-24 17:11:18 --> Session: Class initialized using 'CodeIgniter\Session\Handlers\FileHandler' driver.
DEBUG - 2025-07-24 17:11:18 --> Session: Class initialized using 'CodeIgniter\Session\Handlers\FileHandler' driver.
DEBUG - 2025-07-24 17:11:20 --> Session: Class initialized using 'CodeIgniter\Session\Handlers\FileHandler' driver.
DEBUG - 2025-07-24 17:11:20 --> Session: Class initialized using 'CodeIgniter\Session\Handlers\FileHandler' driver.
DEBUG - 2025-07-24 17:11:21 --> Session: Class initialized using 'CodeIgniter\Session\Handlers\FileHandler' driver.
DEBUG - 2025-07-24 17:11:22 --> Session: Class initialized using 'CodeIgniter\Session\Handlers\FileHandler' driver.
DEBUG - 2025-07-24 17:11:24 --> Session: Class initialized using 'CodeIgniter\Session\Handlers\FileHandler' driver.
DEBUG - 2025-07-24 17:11:25 --> Session: Class initialized using 'CodeIgniter\Session\Handlers\FileHandler' driver.
DEBUG - 2025-07-24 17:11:25 --> Session: Class initialized using 'CodeIgniter\Session\Handlers\FileHandler' driver.
DEBUG - 2025-07-24 17:11:34 --> Session: Class initialized using 'CodeIgniter\Session\Handlers\FileHandler' driver.
DEBUG - 2025-07-24 17:11:34 --> Session: Class initialized using 'CodeIgniter\Session\Handlers\FileHandler' driver.
DEBUG - 2025-07-24 17:11:34 --> Session: Class initialized using 'CodeIgniter\Session\Handlers\FileHandler' driver.
DEBUG - 2025-07-24 17:11:34 --> Session: Class initialized using 'CodeIgniter\Session\Handlers\FileHandler' driver.
DEBUG - 2025-07-24 17:16:25 --> Session: Class initialized using 'CodeIgniter\Session\Handlers\FileHandler' driver.
DEBUG - 2025-07-24 17:16:32 --> Session: Class initialized using 'CodeIgniter\Session\Handlers\FileHandler' driver.
DEBUG - 2025-07-24 17:16:33 --> Session: Class initialized using 'CodeIgniter\Session\Handlers\FileHandler' driver.
DEBUG - 2025-07-24 17:16:33 --> Session: Class initialized using 'CodeIgniter\Session\Handlers\FileHandler' driver.
DEBUG - 2025-07-24 17:16:33 --> Session: Class initialized using 'CodeIgniter\Session\Handlers\FileHandler' driver.
DEBUG - 2025-07-24 17:17:49 --> Session: Class initialized using 'CodeIgniter\Session\Handlers\FileHandler' driver.
DEBUG - 2025-07-24 17:17:50 --> Session: Class initialized using 'CodeIgniter\Session\Handlers\FileHandler' driver.
DEBUG - 2025-07-24 17:17:50 --> Session: Class initialized using 'CodeIgniter\Session\Handlers\FileHandler' driver.
DEBUG - 2025-07-24 17:17:50 --> Session: Class initialized using 'CodeIgniter\Session\Handlers\FileHandler' driver.
DEBUG - 2025-07-24 17:17:52 --> Session: Class initialized using 'CodeIgniter\Session\Handlers\FileHandler' driver.
DEBUG - 2025-07-24 17:17:58 --> Session: Class initialized using 'CodeIgniter\Session\Handlers\FileHandler' driver.
DEBUG - 2025-07-24 17:17:58 --> Session: Class initialized using 'CodeIgniter\Session\Handlers\FileHandler' driver.
DEBUG - 2025-07-24 17:17:59 --> Session: Class initialized using 'CodeIgniter\Session\Handlers\FileHandler' driver.
DEBUG - 2025-07-24 17:17:59 --> Session: Class initialized using 'CodeIgniter\Session\Handlers\FileHandler' driver.
DEBUG - 2025-07-24 17:18:05 --> Session: Class initialized using 'CodeIgniter\Session\Handlers\FileHandler' driver.
DEBUG - 2025-07-24 17:18:05 --> Session: Class initialized using 'CodeIgniter\Session\Handlers\FileHandler' driver.
DEBUG - 2025-07-24 17:18:12 --> Session: Class initialized using 'CodeIgniter\Session\Handlers\FileHandler' driver.
DEBUG - 2025-07-24 17:18:13 --> Session: Class initialized using 'CodeIgniter\Session\Handlers\FileHandler' driver.
DEBUG - 2025-07-24 17:18:16 --> Session: Class initialized using 'CodeIgniter\Session\Handlers\FileHandler' driver.
DEBUG - 2025-07-24 17:18:16 --> Session: Class initialized using 'CodeIgniter\Session\Handlers\FileHandler' driver.
DEBUG - 2025-07-24 17:18:36 --> Session: Class initialized using 'CodeIgniter\Session\Handlers\FileHandler' driver.
DEBUG - 2025-07-24 17:18:37 --> Session: Class initialized using 'CodeIgniter\Session\Handlers\FileHandler' driver.
DEBUG - 2025-07-24 17:18:39 --> Session: Class initialized using 'CodeIgniter\Session\Handlers\FileHandler' driver.
DEBUG - 2025-07-24 17:18:39 --> Session: Class initialized using 'CodeIgniter\Session\Handlers\FileHandler' driver.
DEBUG - 2025-07-24 17:18:39 --> Session: Class initialized using 'CodeIgniter\Session\Handlers\FileHandler' driver.
DEBUG - 2025-07-24 17:18:46 --> Session: Class initialized using 'CodeIgniter\Session\Handlers\FileHandler' driver.
DEBUG - 2025-07-24 17:18:47 --> Session: Class initialized using 'CodeIgniter\Session\Handlers\FileHandler' driver.
DEBUG - 2025-07-24 17:18:48 --> Session: Class initialized using 'CodeIgniter\Session\Handlers\FileHandler' driver.
DEBUG - 2025-07-24 17:18:48 --> Session: Class initialized using 'CodeIgniter\Session\Handlers\FileHandler' driver.
DEBUG - 2025-07-24 17:18:51 --> Session: Class initialized using 'CodeIgniter\Session\Handlers\FileHandler' driver.
DEBUG - 2025-07-24 17:18:51 --> Session: Class initialized using 'CodeIgniter\Session\Handlers\FileHandler' driver.
CRITICAL - 2025-07-24 17:18:59 --> Error: Class "App\Filters\RoleFilter" not found
[Method: GET, Route: inventorylist]
in SYSTEMPATH\Filters\Filters.php on line 299.
 1 SYSTEMPATH\Filters\Filters.php(239): CodeIgniter\Filters\Filters->createFilter('App\\Filters\\RoleFilter')
 2 SYSTEMPATH\Filters\Filters.php(221): CodeIgniter\Filters\Filters->runBefore([...])
 3 SYSTEMPATH\CodeIgniter.php(479): CodeIgniter\Filters\Filters->run('inventorylist', 'before')
 4 SYSTEMPATH\CodeIgniter.php(354): CodeIgniter\CodeIgniter->handleRequest(null, Object(Config\Cache), false)
 5 SYSTEMPATH\Boot.php(334): CodeIgniter\CodeIgniter->run()
 6 SYSTEMPATH\Boot.php(67): CodeIgniter\Boot::runCodeIgniter(Object(CodeIgniter\CodeIgniter))
 7 FCPATH\index.php(56): CodeIgniter\Boot::bootWeb(Object(Config\Paths))
CRITICAL - 2025-07-24 17:19:00 --> Error: Class "App\Filters\RoleFilter" not found
[Method: GET, Route: inventorylist]
in SYSTEMPATH\Filters\Filters.php on line 299.
 1 SYSTEMPATH\Filters\Filters.php(239): CodeIgniter\Filters\Filters->createFilter('App\\Filters\\RoleFilter')
 2 SYSTEMPATH\Filters\Filters.php(221): CodeIgniter\Filters\Filters->runBefore([...])
 3 SYSTEMPATH\CodeIgniter.php(479): CodeIgniter\Filters\Filters->run('inventorylist', 'before')
 4 SYSTEMPATH\CodeIgniter.php(354): CodeIgniter\CodeIgniter->handleRequest(null, Object(Config\Cache), false)
 5 SYSTEMPATH\Boot.php(334): CodeIgniter\CodeIgniter->run()
 6 SYSTEMPATH\Boot.php(67): CodeIgniter\Boot::runCodeIgniter(Object(CodeIgniter\CodeIgniter))
 7 FCPATH\index.php(56): CodeIgniter\Boot::bootWeb(Object(Config\Paths))
CRITICAL - 2025-07-24 17:19:00 --> Error: Class "App\Filters\RoleFilter" not found
[Method: GET, Route: inventorylist]
in SYSTEMPATH\Filters\Filters.php on line 299.
 1 SYSTEMPATH\Filters\Filters.php(239): CodeIgniter\Filters\Filters->createFilter('App\\Filters\\RoleFilter')
 2 SYSTEMPATH\Filters\Filters.php(221): CodeIgniter\Filters\Filters->runBefore([...])
 3 SYSTEMPATH\CodeIgniter.php(479): CodeIgniter\Filters\Filters->run('inventorylist', 'before')
 4 SYSTEMPATH\CodeIgniter.php(354): CodeIgniter\CodeIgniter->handleRequest(null, Object(Config\Cache), false)
 5 SYSTEMPATH\Boot.php(334): CodeIgniter\CodeIgniter->run()
 6 SYSTEMPATH\Boot.php(67): CodeIgniter\Boot::runCodeIgniter(Object(CodeIgniter\CodeIgniter))
 7 FCPATH\index.php(56): CodeIgniter\Boot::bootWeb(Object(Config\Paths))
CRITICAL - 2025-07-24 17:19:00 --> Error: Class "App\Filters\RoleFilter" not found
[Method: GET, Route: inventorylist]
in SYSTEMPATH\Filters\Filters.php on line 299.
 1 SYSTEMPATH\Filters\Filters.php(239): CodeIgniter\Filters\Filters->createFilter('App\\Filters\\RoleFilter')
 2 SYSTEMPATH\Filters\Filters.php(221): CodeIgniter\Filters\Filters->runBefore([...])
 3 SYSTEMPATH\CodeIgniter.php(479): CodeIgniter\Filters\Filters->run('inventorylist', 'before')
 4 SYSTEMPATH\CodeIgniter.php(354): CodeIgniter\CodeIgniter->handleRequest(null, Object(Config\Cache), false)
 5 SYSTEMPATH\Boot.php(334): CodeIgniter\CodeIgniter->run()
 6 SYSTEMPATH\Boot.php(67): CodeIgniter\Boot::runCodeIgniter(Object(CodeIgniter\CodeIgniter))
 7 FCPATH\index.php(56): CodeIgniter\Boot::bootWeb(Object(Config\Paths))
CRITICAL - 2025-07-24 17:19:01 --> Error: Class "App\Filters\RoleFilter" not found
[Method: GET, Route: inventorylist]
in SYSTEMPATH\Filters\Filters.php on line 299.
 1 SYSTEMPATH\Filters\Filters.php(239): CodeIgniter\Filters\Filters->createFilter('App\\Filters\\RoleFilter')
 2 SYSTEMPATH\Filters\Filters.php(221): CodeIgniter\Filters\Filters->runBefore([...])
 3 SYSTEMPATH\CodeIgniter.php(479): CodeIgniter\Filters\Filters->run('inventorylist', 'before')
 4 SYSTEMPATH\CodeIgniter.php(354): CodeIgniter\CodeIgniter->handleRequest(null, Object(Config\Cache), false)
 5 SYSTEMPATH\Boot.php(334): CodeIgniter\CodeIgniter->run()
 6 SYSTEMPATH\Boot.php(67): CodeIgniter\Boot::runCodeIgniter(Object(CodeIgniter\CodeIgniter))
 7 FCPATH\index.php(56): CodeIgniter\Boot::bootWeb(Object(Config\Paths))
CRITICAL - 2025-07-24 17:19:01 --> Error: Class "App\Filters\RoleFilter" not found
[Method: GET, Route: inventorylist]
in SYSTEMPATH\Filters\Filters.php on line 299.
 1 SYSTEMPATH\Filters\Filters.php(239): CodeIgniter\Filters\Filters->createFilter('App\\Filters\\RoleFilter')
 2 SYSTEMPATH\Filters\Filters.php(221): CodeIgniter\Filters\Filters->runBefore([...])
 3 SYSTEMPATH\CodeIgniter.php(479): CodeIgniter\Filters\Filters->run('inventorylist', 'before')
 4 SYSTEMPATH\CodeIgniter.php(354): CodeIgniter\CodeIgniter->handleRequest(null, Object(Config\Cache), false)
 5 SYSTEMPATH\Boot.php(334): CodeIgniter\CodeIgniter->run()
 6 SYSTEMPATH\Boot.php(67): CodeIgniter\Boot::runCodeIgniter(Object(CodeIgniter\CodeIgniter))
 7 FCPATH\index.php(56): CodeIgniter\Boot::bootWeb(Object(Config\Paths))
CRITICAL - 2025-07-24 17:19:01 --> Error: Class "App\Filters\RoleFilter" not found
[Method: GET, Route: inventorylist]
in SYSTEMPATH\Filters\Filters.php on line 299.
 1 SYSTEMPATH\Filters\Filters.php(239): CodeIgniter\Filters\Filters->createFilter('App\\Filters\\RoleFilter')
 2 SYSTEMPATH\Filters\Filters.php(221): CodeIgniter\Filters\Filters->runBefore([...])
 3 SYSTEMPATH\CodeIgniter.php(479): CodeIgniter\Filters\Filters->run('inventorylist', 'before')
 4 SYSTEMPATH\CodeIgniter.php(354): CodeIgniter\CodeIgniter->handleRequest(null, Object(Config\Cache), false)
 5 SYSTEMPATH\Boot.php(334): CodeIgniter\CodeIgniter->run()
 6 SYSTEMPATH\Boot.php(67): CodeIgniter\Boot::runCodeIgniter(Object(CodeIgniter\CodeIgniter))
 7 FCPATH\index.php(56): CodeIgniter\Boot::bootWeb(Object(Config\Paths))
CRITICAL - 2025-07-24 17:19:01 --> Error: Class "App\Filters\RoleFilter" not found
[Method: GET, Route: inventorylist]
in SYSTEMPATH\Filters\Filters.php on line 299.
 1 SYSTEMPATH\Filters\Filters.php(239): CodeIgniter\Filters\Filters->createFilter('App\\Filters\\RoleFilter')
 2 SYSTEMPATH\Filters\Filters.php(221): CodeIgniter\Filters\Filters->runBefore([...])
 3 SYSTEMPATH\CodeIgniter.php(479): CodeIgniter\Filters\Filters->run('inventorylist', 'before')
 4 SYSTEMPATH\CodeIgniter.php(354): CodeIgniter\CodeIgniter->handleRequest(null, Object(Config\Cache), false)
 5 SYSTEMPATH\Boot.php(334): CodeIgniter\CodeIgniter->run()
 6 SYSTEMPATH\Boot.php(67): CodeIgniter\Boot::runCodeIgniter(Object(CodeIgniter\CodeIgniter))
 7 FCPATH\index.php(56): CodeIgniter\Boot::bootWeb(Object(Config\Paths))
CRITICAL - 2025-07-24 17:21:25 --> Error: Class "App\Filters\RoleFilter" not found
[Method: GET, Route: inventorylist]
in SYSTEMPATH\Filters\Filters.php on line 299.
 1 SYSTEMPATH\Filters\Filters.php(239): CodeIgniter\Filters\Filters->createFilter('App\\Filters\\RoleFilter')
 2 SYSTEMPATH\Filters\Filters.php(221): CodeIgniter\Filters\Filters->runBefore([...])
 3 SYSTEMPATH\CodeIgniter.php(479): CodeIgniter\Filters\Filters->run('inventorylist', 'before')
 4 SYSTEMPATH\CodeIgniter.php(354): CodeIgniter\CodeIgniter->handleRequest(null, Object(Config\Cache), false)
 5 SYSTEMPATH\Boot.php(334): CodeIgniter\CodeIgniter->run()
 6 SYSTEMPATH\Boot.php(67): CodeIgniter\Boot::runCodeIgniter(Object(CodeIgniter\CodeIgniter))
 7 FCPATH\index.php(56): CodeIgniter\Boot::bootWeb(Object(Config\Paths))
CRITICAL - 2025-07-24 17:21:26 --> Error: Class "App\Filters\RoleFilter" not found
[Method: GET, Route: inventorylist]
in SYSTEMPATH\Filters\Filters.php on line 299.
 1 SYSTEMPATH\Filters\Filters.php(239): CodeIgniter\Filters\Filters->createFilter('App\\Filters\\RoleFilter')
 2 SYSTEMPATH\Filters\Filters.php(221): CodeIgniter\Filters\Filters->runBefore([...])
 3 SYSTEMPATH\CodeIgniter.php(479): CodeIgniter\Filters\Filters->run('inventorylist', 'before')
 4 SYSTEMPATH\CodeIgniter.php(354): CodeIgniter\CodeIgniter->handleRequest(null, Object(Config\Cache), false)
 5 SYSTEMPATH\Boot.php(334): CodeIgniter\CodeIgniter->run()
 6 SYSTEMPATH\Boot.php(67): CodeIgniter\Boot::runCodeIgniter(Object(CodeIgniter\CodeIgniter))
 7 FCPATH\index.php(56): CodeIgniter\Boot::bootWeb(Object(Config\Paths))
CRITICAL - 2025-07-24 17:21:26 --> Error: Class "App\Filters\RoleFilter" not found
[Method: GET, Route: inventorylist]
in SYSTEMPATH\Filters\Filters.php on line 299.
 1 SYSTEMPATH\Filters\Filters.php(239): CodeIgniter\Filters\Filters->createFilter('App\\Filters\\RoleFilter')
 2 SYSTEMPATH\Filters\Filters.php(221): CodeIgniter\Filters\Filters->runBefore([...])
 3 SYSTEMPATH\CodeIgniter.php(479): CodeIgniter\Filters\Filters->run('inventorylist', 'before')
 4 SYSTEMPATH\CodeIgniter.php(354): CodeIgniter\CodeIgniter->handleRequest(null, Object(Config\Cache), false)
 5 SYSTEMPATH\Boot.php(334): CodeIgniter\CodeIgniter->run()
 6 SYSTEMPATH\Boot.php(67): CodeIgniter\Boot::runCodeIgniter(Object(CodeIgniter\CodeIgniter))
 7 FCPATH\index.php(56): CodeIgniter\Boot::bootWeb(Object(Config\Paths))
CRITICAL - 2025-07-24 17:21:26 --> Error: Class "App\Filters\RoleFilter" not found
[Method: GET, Route: inventorylist]
in SYSTEMPATH\Filters\Filters.php on line 299.
 1 SYSTEMPATH\Filters\Filters.php(239): CodeIgniter\Filters\Filters->createFilter('App\\Filters\\RoleFilter')
 2 SYSTEMPATH\Filters\Filters.php(221): CodeIgniter\Filters\Filters->runBefore([...])
 3 SYSTEMPATH\CodeIgniter.php(479): CodeIgniter\Filters\Filters->run('inventorylist', 'before')
 4 SYSTEMPATH\CodeIgniter.php(354): CodeIgniter\CodeIgniter->handleRequest(null, Object(Config\Cache), false)
 5 SYSTEMPATH\Boot.php(334): CodeIgniter\CodeIgniter->run()
 6 SYSTEMPATH\Boot.php(67): CodeIgniter\Boot::runCodeIgniter(Object(CodeIgniter\CodeIgniter))
 7 FCPATH\index.php(56): CodeIgniter\Boot::bootWeb(Object(Config\Paths))
DEBUG - 2025-07-24 17:22:47 --> Session: Class initialized using 'CodeIgniter\Session\Handlers\FileHandler' driver.
DEBUG - 2025-07-24 17:22:47 --> Session: Class initialized using 'CodeIgniter\Session\Handlers\FileHandler' driver.
DEBUG - 2025-07-24 17:22:49 --> Session: Class initialized using 'CodeIgniter\Session\Handlers\FileHandler' driver.
DEBUG - 2025-07-24 17:22:49 --> Session: Class initialized using 'CodeIgniter\Session\Handlers\FileHandler' driver.
DEBUG - 2025-07-24 17:22:49 --> Session: Class initialized using 'CodeIgniter\Session\Handlers\FileHandler' driver.
DEBUG - 2025-07-24 17:22:59 --> Session: Class initialized using 'CodeIgniter\Session\Handlers\FileHandler' driver.
DEBUG - 2025-07-24 17:22:59 --> Session: Class initialized using 'CodeIgniter\Session\Handlers\FileHandler' driver.
DEBUG - 2025-07-24 17:23:00 --> Session: Class initialized using 'CodeIgniter\Session\Handlers\FileHandler' driver.
DEBUG - 2025-07-24 17:23:00 --> Session: Class initialized using 'CodeIgniter\Session\Handlers\FileHandler' driver.
DEBUG - 2025-07-24 17:23:00 --> Session: Class initialized using 'CodeIgniter\Session\Handlers\FileHandler' driver.
DEBUG - 2025-07-24 17:23:00 --> Session: Class initialized using 'CodeIgniter\Session\Handlers\FileHandler' driver.
DEBUG - 2025-07-24 17:23:00 --> Session: Class initialized using 'CodeIgniter\Session\Handlers\FileHandler' driver.
DEBUG - 2025-07-24 17:23:01 --> Session: Class initialized using 'CodeIgniter\Session\Handlers\FileHandler' driver.
DEBUG - 2025-07-24 17:23:01 --> Session: Class initialized using 'CodeIgniter\Session\Handlers\FileHandler' driver.
DEBUG - 2025-07-24 17:23:01 --> Session: Class initialized using 'CodeIgniter\Session\Handlers\FileHandler' driver.
DEBUG - 2025-07-24 17:23:01 --> Session: Class initialized using 'CodeIgniter\Session\Handlers\FileHandler' driver.
DEBUG - 2025-07-24 17:23:02 --> Session: Class initialized using 'CodeIgniter\Session\Handlers\FileHandler' driver.
DEBUG - 2025-07-24 17:23:12 --> Session: Class initialized using 'CodeIgniter\Session\Handlers\FileHandler' driver.
DEBUG - 2025-07-24 17:23:12 --> Session: Class initialized using 'CodeIgniter\Session\Handlers\FileHandler' driver.
DEBUG - 2025-07-24 17:23:31 --> Session: Class initialized using 'CodeIgniter\Session\Handlers\FileHandler' driver.
DEBUG - 2025-07-24 17:23:39 --> Session: Class initialized using 'CodeIgniter\Session\Handlers\FileHandler' driver.
DEBUG - 2025-07-24 17:23:39 --> Session: Class initialized using 'CodeIgniter\Session\Handlers\FileHandler' driver.
DEBUG - 2025-07-24 17:23:40 --> Session: Class initialized using 'CodeIgniter\Session\Handlers\FileHandler' driver.
DEBUG - 2025-07-24 17:23:40 --> Session: Class initialized using 'CodeIgniter\Session\Handlers\FileHandler' driver.
DEBUG - 2025-07-24 17:23:45 --> Session: Class initialized using 'CodeIgniter\Session\Handlers\FileHandler' driver.
DEBUG - 2025-07-24 17:23:46 --> Session: Class initialized using 'CodeIgniter\Session\Handlers\FileHandler' driver.
DEBUG - 2025-07-24 17:23:46 --> Session: Class initialized using 'CodeIgniter\Session\Handlers\FileHandler' driver.
DEBUG - 2025-07-24 17:23:48 --> Session: Class initialized using 'CodeIgniter\Session\Handlers\FileHandler' driver.
DEBUG - 2025-07-24 17:23:48 --> Session: Class initialized using 'CodeIgniter\Session\Handlers\FileHandler' driver.
DEBUG - 2025-07-24 17:23:49 --> Session: Class initialized using 'CodeIgniter\Session\Handlers\FileHandler' driver.
DEBUG - 2025-07-24 17:23:49 --> Session: Class initialized using 'CodeIgniter\Session\Handlers\FileHandler' driver.
DEBUG - 2025-07-24 17:23:49 --> Session: Class initialized using 'CodeIgniter\Session\Handlers\FileHandler' driver.
DEBUG - 2025-07-24 17:23:50 --> Session: Class initialized using 'CodeIgniter\Session\Handlers\FileHandler' driver.
DEBUG - 2025-07-24 17:23:50 --> Session: Class initialized using 'CodeIgniter\Session\Handlers\FileHandler' driver.
DEBUG - 2025-07-24 17:23:51 --> Session: Class initialized using 'CodeIgniter\Session\Handlers\FileHandler' driver.
DEBUG - 2025-07-24 17:24:04 --> Session: Class initialized using 'CodeIgniter\Session\Handlers\FileHandler' driver.
DEBUG - 2025-07-24 17:24:07 --> Session: Class initialized using 'CodeIgniter\Session\Handlers\FileHandler' driver.
DEBUG - 2025-07-24 17:24:09 --> Session: Class initialized using 'CodeIgniter\Session\Handlers\FileHandler' driver.
DEBUG - 2025-07-24 17:24:09 --> Session: Class initialized using 'CodeIgniter\Session\Handlers\FileHandler' driver.
DEBUG - 2025-07-24 17:24:09 --> Session: Class initialized using 'CodeIgniter\Session\Handlers\FileHandler' driver.
DEBUG - 2025-07-24 17:24:13 --> Session: Class initialized using 'CodeIgniter\Session\Handlers\FileHandler' driver.
DEBUG - 2025-07-24 17:24:13 --> Session: Class initialized using 'CodeIgniter\Session\Handlers\FileHandler' driver.
DEBUG - 2025-07-24 17:24:16 --> Session: Class initialized using 'CodeIgniter\Session\Handlers\FileHandler' driver.
DEBUG - 2025-07-24 17:24:16 --> Session: Class initialized using 'CodeIgniter\Session\Handlers\FileHandler' driver.
DEBUG - 2025-07-24 17:24:16 --> Session: Class initialized using 'CodeIgniter\Session\Handlers\FileHandler' driver.
DEBUG - 2025-07-24 17:24:26 --> Session: Class initialized using 'CodeIgniter\Session\Handlers\FileHandler' driver.
DEBUG - 2025-07-24 17:24:26 --> Session: Class initialized using 'CodeIgniter\Session\Handlers\FileHandler' driver.
DEBUG - 2025-07-24 17:25:10 --> Session: Class initialized using 'CodeIgniter\Session\Handlers\FileHandler' driver.
DEBUG - 2025-07-24 17:25:11 --> Session: Class initialized using 'CodeIgniter\Session\Handlers\FileHandler' driver.
DEBUG - 2025-07-24 17:25:21 --> Session: Class initialized using 'CodeIgniter\Session\Handlers\FileHandler' driver.
DEBUG - 2025-07-24 17:25:21 --> Session: Class initialized using 'CodeIgniter\Session\Handlers\FileHandler' driver.
DEBUG - 2025-07-24 17:25:22 --> Session: Class initialized using 'CodeIgniter\Session\Handlers\FileHandler' driver.
DEBUG - 2025-07-24 17:25:22 --> Session: Class initialized using 'CodeIgniter\Session\Handlers\FileHandler' driver.
DEBUG - 2025-07-24 17:25:24 --> Session: Class initialized using 'CodeIgniter\Session\Handlers\FileHandler' driver.
DEBUG - 2025-07-24 17:25:32 --> Session: Class initialized using 'CodeIgniter\Session\Handlers\FileHandler' driver.
DEBUG - 2025-07-24 17:25:32 --> Session: Class initialized using 'CodeIgniter\Session\Handlers\FileHandler' driver.
DEBUG - 2025-07-24 17:25:32 --> Session: Class initialized using 'CodeIgniter\Session\Handlers\FileHandler' driver.
DEBUG - 2025-07-24 17:25:33 --> Session: Class initialized using 'CodeIgniter\Session\Handlers\FileHandler' driver.
DEBUG - 2025-07-24 17:25:40 --> Session: Class initialized using 'CodeIgniter\Session\Handlers\FileHandler' driver.
DEBUG - 2025-07-24 17:26:08 --> Session: Class initialized using 'CodeIgniter\Session\Handlers\FileHandler' driver.
DEBUG - 2025-07-24 17:26:18 --> Session: Class initialized using 'CodeIgniter\Session\Handlers\FileHandler' driver.
DEBUG - 2025-07-24 17:26:19 --> Session: Class initialized using 'CodeIgniter\Session\Handlers\FileHandler' driver.
DEBUG - 2025-07-24 17:26:19 --> Session: Class initialized using 'CodeIgniter\Session\Handlers\FileHandler' driver.
DEBUG - 2025-07-24 17:26:20 --> Session: Class initialized using 'CodeIgniter\Session\Handlers\FileHandler' driver.
DEBUG - 2025-07-24 17:26:21 --> Session: Class initialized using 'CodeIgniter\Session\Handlers\FileHandler' driver.
DEBUG - 2025-07-24 17:26:21 --> Session: Class initialized using 'CodeIgniter\Session\Handlers\FileHandler' driver.
DEBUG - 2025-07-24 17:26:22 --> Session: Class initialized using 'CodeIgniter\Session\Handlers\FileHandler' driver.
DEBUG - 2025-07-24 17:26:23 --> Session: Class initialized using 'CodeIgniter\Session\Handlers\FileHandler' driver.
DEBUG - 2025-07-24 17:26:23 --> Session: Class initialized using 'CodeIgniter\Session\Handlers\FileHandler' driver.
DEBUG - 2025-07-24 17:26:25 --> Session: Class initialized using 'CodeIgniter\Session\Handlers\FileHandler' driver.
DEBUG - 2025-07-24 17:26:25 --> Session: Class initialized using 'CodeIgniter\Session\Handlers\FileHandler' driver.
DEBUG - 2025-07-24 17:26:26 --> Session: Class initialized using 'CodeIgniter\Session\Handlers\FileHandler' driver.
DEBUG - 2025-07-24 17:26:27 --> Session: Class initialized using 'CodeIgniter\Session\Handlers\FileHandler' driver.
DEBUG - 2025-07-24 17:26:28 --> Session: Class initialized using 'CodeIgniter\Session\Handlers\FileHandler' driver.
DEBUG - 2025-07-24 17:26:29 --> Session: Class initialized using 'CodeIgniter\Session\Handlers\FileHandler' driver.
DEBUG - 2025-07-24 17:26:29 --> Session: Class initialized using 'CodeIgniter\Session\Handlers\FileHandler' driver.
DEBUG - 2025-07-24 17:26:30 --> Session: Class initialized using 'CodeIgniter\Session\Handlers\FileHandler' driver.
DEBUG - 2025-07-24 17:26:31 --> Session: Class initialized using 'CodeIgniter\Session\Handlers\FileHandler' driver.
DEBUG - 2025-07-24 17:26:31 --> Session: Class initialized using 'CodeIgniter\Session\Handlers\FileHandler' driver.
DEBUG - 2025-07-24 17:26:32 --> Session: Class initialized using 'CodeIgniter\Session\Handlers\FileHandler' driver.
DEBUG - 2025-07-24 17:26:32 --> Session: Class initialized using 'CodeIgniter\Session\Handlers\FileHandler' driver.
DEBUG - 2025-07-24 17:26:32 --> Session: Class initialized using 'CodeIgniter\Session\Handlers\FileHandler' driver.
DEBUG - 2025-07-24 17:26:34 --> Session: Class initialized using 'CodeIgniter\Session\Handlers\FileHandler' driver.
DEBUG - 2025-07-24 17:26:35 --> Session: Class initialized using 'CodeIgniter\Session\Handlers\FileHandler' driver.
DEBUG - 2025-07-24 17:26:35 --> Session: Class initialized using 'CodeIgniter\Session\Handlers\FileHandler' driver.
DEBUG - 2025-07-24 17:26:35 --> Session: Class initialized using 'CodeIgniter\Session\Handlers\FileHandler' driver.
DEBUG - 2025-07-24 17:26:36 --> Session: Class initialized using 'CodeIgniter\Session\Handlers\FileHandler' driver.
DEBUG - 2025-07-24 17:26:37 --> Session: Class initialized using 'CodeIgniter\Session\Handlers\FileHandler' driver.
DEBUG - 2025-07-24 17:26:38 --> Session: Class initialized using 'CodeIgniter\Session\Handlers\FileHandler' driver.
DEBUG - 2025-07-24 17:26:40 --> Session: Class initialized using 'CodeIgniter\Session\Handlers\FileHandler' driver.
DEBUG - 2025-07-24 17:26:41 --> Session: Class initialized using 'CodeIgniter\Session\Handlers\FileHandler' driver.
DEBUG - 2025-07-24 17:26:41 --> Session: Class initialized using 'CodeIgniter\Session\Handlers\FileHandler' driver.
DEBUG - 2025-07-24 17:27:00 --> Session: Class initialized using 'CodeIgniter\Session\Handlers\FileHandler' driver.
DEBUG - 2025-07-24 17:27:09 --> Session: Class initialized using 'CodeIgniter\Session\Handlers\FileHandler' driver.
DEBUG - 2025-07-24 17:27:09 --> Session: Class initialized using 'CodeIgniter\Session\Handlers\FileHandler' driver.
DEBUG - 2025-07-24 17:27:09 --> Session: Class initialized using 'CodeIgniter\Session\Handlers\FileHandler' driver.
DEBUG - 2025-07-24 17:27:10 --> Session: Class initialized using 'CodeIgniter\Session\Handlers\FileHandler' driver.
DEBUG - 2025-07-24 17:27:14 --> Session: Class initialized using 'CodeIgniter\Session\Handlers\FileHandler' driver.
DEBUG - 2025-07-24 17:27:15 --> Session: Class initialized using 'CodeIgniter\Session\Handlers\FileHandler' driver.
DEBUG - 2025-07-24 17:27:18 --> Session: Class initialized using 'CodeIgniter\Session\Handlers\FileHandler' driver.
DEBUG - 2025-07-24 17:27:20 --> Session: Class initialized using 'CodeIgniter\Session\Handlers\FileHandler' driver.
DEBUG - 2025-07-24 17:27:20 --> Session: Class initialized using 'CodeIgniter\Session\Handlers\FileHandler' driver.
DEBUG - 2025-07-24 17:27:21 --> Session: Class initialized using 'CodeIgniter\Session\Handlers\FileHandler' driver.
DEBUG - 2025-07-24 17:27:22 --> Session: Class initialized using 'CodeIgniter\Session\Handlers\FileHandler' driver.
DEBUG - 2025-07-24 17:27:36 --> Session: Class initialized using 'CodeIgniter\Session\Handlers\FileHandler' driver.
DEBUG - 2025-07-24 17:27:36 --> Session: Class initialized using 'CodeIgniter\Session\Handlers\FileHandler' driver.
DEBUG - 2025-07-24 17:27:50 --> Session: Class initialized using 'CodeIgniter\Session\Handlers\FileHandler' driver.
DEBUG - 2025-07-24 17:27:50 --> Session: Class initialized using 'CodeIgniter\Session\Handlers\FileHandler' driver.
DEBUG - 2025-07-24 17:27:51 --> Session: Class initialized using 'CodeIgniter\Session\Handlers\FileHandler' driver.
DEBUG - 2025-07-24 17:28:17 --> Session: Class initialized using 'CodeIgniter\Session\Handlers\FileHandler' driver.
DEBUG - 2025-07-24 17:28:17 --> Session: Class initialized using 'CodeIgniter\Session\Handlers\FileHandler' driver.
DEBUG - 2025-07-24 17:28:17 --> Session: Class initialized using 'CodeIgniter\Session\Handlers\FileHandler' driver.
DEBUG - 2025-07-24 17:28:17 --> Session: Class initialized using 'CodeIgniter\Session\Handlers\FileHandler' driver.
DEBUG - 2025-07-24 17:28:20 --> Session: Class initialized using 'CodeIgniter\Session\Handlers\FileHandler' driver.
DEBUG - 2025-07-24 17:28:21 --> Session: Class initialized using 'CodeIgniter\Session\Handlers\FileHandler' driver.
DEBUG - 2025-07-24 17:28:22 --> Session: Class initialized using 'CodeIgniter\Session\Handlers\FileHandler' driver.
DEBUG - 2025-07-24 17:28:22 --> Session: Class initialized using 'CodeIgniter\Session\Handlers\FileHandler' driver.
DEBUG - 2025-07-24 17:28:22 --> Session: Class initialized using 'CodeIgniter\Session\Handlers\FileHandler' driver.
DEBUG - 2025-07-24 17:28:23 --> Session: Class initialized using 'CodeIgniter\Session\Handlers\FileHandler' driver.
DEBUG - 2025-07-24 17:28:24 --> Session: Class initialized using 'CodeIgniter\Session\Handlers\FileHandler' driver.
DEBUG - 2025-07-24 17:28:26 --> Session: Class initialized using 'CodeIgniter\Session\Handlers\FileHandler' driver.
DEBUG - 2025-07-24 17:28:26 --> Session: Class initialized using 'CodeIgniter\Session\Handlers\FileHandler' driver.
DEBUG - 2025-07-24 17:28:27 --> Session: Class initialized using 'CodeIgniter\Session\Handlers\FileHandler' driver.
DEBUG - 2025-07-24 17:28:33 --> Session: Class initialized using 'CodeIgniter\Session\Handlers\FileHandler' driver.
DEBUG - 2025-07-24 17:28:35 --> Session: Class initialized using 'CodeIgniter\Session\Handlers\FileHandler' driver.
DEBUG - 2025-07-24 17:28:42 --> Session: Class initialized using 'CodeIgniter\Session\Handlers\FileHandler' driver.
DEBUG - 2025-07-24 17:28:42 --> Session: Class initialized using 'CodeIgniter\Session\Handlers\FileHandler' driver.
DEBUG - 2025-07-24 17:28:43 --> Session: Class initialized using 'CodeIgniter\Session\Handlers\FileHandler' driver.
DEBUG - 2025-07-24 17:28:43 --> Session: Class initialized using 'CodeIgniter\Session\Handlers\FileHandler' driver.
DEBUG - 2025-07-24 17:28:43 --> Session: Class initialized using 'CodeIgniter\Session\Handlers\FileHandler' driver.
DEBUG - 2025-07-24 17:28:44 --> Session: Class initialized using 'CodeIgniter\Session\Handlers\FileHandler' driver.
DEBUG - 2025-07-24 17:28:46 --> Session: Class initialized using 'CodeIgniter\Session\Handlers\FileHandler' driver.
DEBUG - 2025-07-24 17:29:02 --> Session: Class initialized using 'CodeIgniter\Session\Handlers\FileHandler' driver.
DEBUG - 2025-07-24 17:29:02 --> Session: Class initialized using 'CodeIgniter\Session\Handlers\FileHandler' driver.
DEBUG - 2025-07-24 17:29:05 --> Session: Class initialized using 'CodeIgniter\Session\Handlers\FileHandler' driver.
DEBUG - 2025-07-24 17:29:06 --> Session: Class initialized using 'CodeIgniter\Session\Handlers\FileHandler' driver.
DEBUG - 2025-07-24 17:29:06 --> Session: Class initialized using 'CodeIgniter\Session\Handlers\FileHandler' driver.
DEBUG - 2025-07-24 17:29:06 --> Session: Class initialized using 'CodeIgniter\Session\Handlers\FileHandler' driver.
DEBUG - 2025-07-24 17:29:07 --> Session: Class initialized using 'CodeIgniter\Session\Handlers\FileHandler' driver.
DEBUG - 2025-07-24 17:34:59 --> Session: Class initialized using 'CodeIgniter\Session\Handlers\FileHandler' driver.
DEBUG - 2025-07-24 17:35:22 --> Session: Class initialized using 'CodeIgniter\Session\Handlers\FileHandler' driver.
DEBUG - 2025-07-24 17:35:22 --> Session: Class initialized using 'CodeIgniter\Session\Handlers\FileHandler' driver.
DEBUG - 2025-07-24 17:35:22 --> Session: Class initialized using 'CodeIgniter\Session\Handlers\FileHandler' driver.
DEBUG - 2025-07-24 17:35:23 --> Session: Class initialized using 'CodeIgniter\Session\Handlers\FileHandler' driver.
DEBUG - 2025-07-24 17:35:29 --> Session: Class initialized using 'CodeIgniter\Session\Handlers\FileHandler' driver.
DEBUG - 2025-07-24 17:35:33 --> Session: Class initialized using 'CodeIgniter\Session\Handlers\FileHandler' driver.
DEBUG - 2025-07-24 17:35:34 --> Session: Class initialized using 'CodeIgniter\Session\Handlers\FileHandler' driver.
DEBUG - 2025-07-24 17:35:34 --> Session: Class initialized using 'CodeIgniter\Session\Handlers\FileHandler' driver.
DEBUG - 2025-07-24 17:35:41 --> Session: Class initialized using 'CodeIgniter\Session\Handlers\FileHandler' driver.
DEBUG - 2025-07-24 17:35:41 --> Session: Class initialized using 'CodeIgniter\Session\Handlers\FileHandler' driver.
DEBUG - 2025-07-24 17:35:47 --> Session: Class initialized using 'CodeIgniter\Session\Handlers\FileHandler' driver.
DEBUG - 2025-07-24 17:35:47 --> Session: Class initialized using 'CodeIgniter\Session\Handlers\FileHandler' driver.
DEBUG - 2025-07-24 17:35:54 --> Session: Class initialized using 'CodeIgniter\Session\Handlers\FileHandler' driver.
DEBUG - 2025-07-24 17:35:55 --> Session: Class initialized using 'CodeIgniter\Session\Handlers\FileHandler' driver.
DEBUG - 2025-07-24 17:36:03 --> Session: Class initialized using 'CodeIgniter\Session\Handlers\FileHandler' driver.
DEBUG - 2025-07-24 17:36:07 --> Session: Class initialized using 'CodeIgniter\Session\Handlers\FileHandler' driver.
DEBUG - 2025-07-24 17:36:07 --> Session: Class initialized using 'CodeIgniter\Session\Handlers\FileHandler' driver.
DEBUG - 2025-07-24 17:36:10 --> Session: Class initialized using 'CodeIgniter\Session\Handlers\FileHandler' driver.
DEBUG - 2025-07-24 17:36:10 --> Session: Class initialized using 'CodeIgniter\Session\Handlers\FileHandler' driver.
DEBUG - 2025-07-24 17:36:46 --> Session: Class initialized using 'CodeIgniter\Session\Handlers\FileHandler' driver.
DEBUG - 2025-07-24 17:36:46 --> Session: Class initialized using 'CodeIgniter\Session\Handlers\FileHandler' driver.
DEBUG - 2025-07-24 17:37:30 --> Session: Class initialized using 'CodeIgniter\Session\Handlers\FileHandler' driver.
DEBUG - 2025-07-24 17:37:30 --> Session: Class initialized using 'CodeIgniter\Session\Handlers\FileHandler' driver.
DEBUG - 2025-07-24 17:37:30 --> Session: Class initialized using 'CodeIgniter\Session\Handlers\FileHandler' driver.
DEBUG - 2025-07-24 17:37:31 --> Session: Class initialized using 'CodeIgniter\Session\Handlers\FileHandler' driver.
DEBUG - 2025-07-24 17:37:31 --> Session: Class initialized using 'CodeIgniter\Session\Handlers\FileHandler' driver.
DEBUG - 2025-07-24 17:37:32 --> Session: Class initialized using 'CodeIgniter\Session\Handlers\FileHandler' driver.
DEBUG - 2025-07-24 17:37:32 --> Session: Class initialized using 'CodeIgniter\Session\Handlers\FileHandler' driver.
DEBUG - 2025-07-24 17:37:34 --> Session: Class initialized using 'CodeIgniter\Session\Handlers\FileHandler' driver.
DEBUG - 2025-07-24 17:37:34 --> Session: Class initialized using 'CodeIgniter\Session\Handlers\FileHandler' driver.
DEBUG - 2025-07-24 17:37:35 --> Session: Class initialized using 'CodeIgniter\Session\Handlers\FileHandler' driver.
DEBUG - 2025-07-24 17:37:35 --> Session: Class initialized using 'CodeIgniter\Session\Handlers\FileHandler' driver.
DEBUG - 2025-07-24 17:41:25 --> Session: Class initialized using 'CodeIgniter\Session\Handlers\FileHandler' driver.
DEBUG - 2025-07-24 17:41:25 --> Session: Class initialized using 'CodeIgniter\Session\Handlers\FileHandler' driver.
DEBUG - 2025-07-24 17:41:25 --> Session: Class initialized using 'CodeIgniter\Session\Handlers\FileHandler' driver.
DEBUG - 2025-07-24 17:41:27 --> Session: Class initialized using 'CodeIgniter\Session\Handlers\FileHandler' driver.
DEBUG - 2025-07-24 17:41:27 --> Session: Class initialized using 'CodeIgniter\Session\Handlers\FileHandler' driver.
DEBUG - 2025-07-24 17:42:22 --> Session: Class initialized using 'CodeIgniter\Session\Handlers\FileHandler' driver.
DEBUG - 2025-07-24 17:42:27 --> Session: Class initialized using 'CodeIgniter\Session\Handlers\FileHandler' driver.
DEBUG - 2025-07-24 17:42:27 --> Session: Class initialized using 'CodeIgniter\Session\Handlers\FileHandler' driver.
DEBUG - 2025-07-24 17:42:27 --> Session: Class initialized using 'CodeIgniter\Session\Handlers\FileHandler' driver.
DEBUG - 2025-07-24 17:42:28 --> Session: Class initialized using 'CodeIgniter\Session\Handlers\FileHandler' driver.
DEBUG - 2025-07-24 17:45:30 --> Session: Class initialized using 'CodeIgniter\Session\Handlers\FileHandler' driver.
DEBUG - 2025-07-24 17:45:47 --> Session: Class initialized using 'CodeIgniter\Session\Handlers\FileHandler' driver.
DEBUG - 2025-07-24 17:45:47 --> Session: Class initialized using 'CodeIgniter\Session\Handlers\FileHandler' driver.
DEBUG - 2025-07-24 17:45:48 --> Session: Class initialized using 'CodeIgniter\Session\Handlers\FileHandler' driver.
DEBUG - 2025-07-24 17:45:51 --> Session: Class initialized using 'CodeIgniter\Session\Handlers\FileHandler' driver.
DEBUG - 2025-07-24 17:45:51 --> Session: Class initialized using 'CodeIgniter\Session\Handlers\FileHandler' driver.
DEBUG - 2025-07-24 17:46:04 --> Session: Class initialized using 'CodeIgniter\Session\Handlers\FileHandler' driver.
DEBUG - 2025-07-24 17:46:05 --> Session: Class initialized using 'CodeIgniter\Session\Handlers\FileHandler' driver.
DEBUG - 2025-07-24 17:48:09 --> Session: Class initialized using 'CodeIgniter\Session\Handlers\FileHandler' driver.
DEBUG - 2025-07-24 17:48:10 --> Session: Class initialized using 'CodeIgniter\Session\Handlers\FileHandler' driver.
DEBUG - 2025-07-24 17:48:25 --> Session: Class initialized using 'CodeIgniter\Session\Handlers\FileHandler' driver.
DEBUG - 2025-07-24 17:48:25 --> Session: Class initialized using 'CodeIgniter\Session\Handlers\FileHandler' driver.
DEBUG - 2025-07-24 17:48:26 --> Session: Class initialized using 'CodeIgniter\Session\Handlers\FileHandler' driver.
DEBUG - 2025-07-24 17:48:26 --> Session: Class initialized using 'CodeIgniter\Session\Handlers\FileHandler' driver.
DEBUG - 2025-07-24 17:48:27 --> Session: Class initialized using 'CodeIgniter\Session\Handlers\FileHandler' driver.
DEBUG - 2025-07-24 17:48:27 --> Session: Class initialized using 'CodeIgniter\Session\Handlers\FileHandler' driver.
DEBUG - 2025-07-24 17:48:31 --> Session: Class initialized using 'CodeIgniter\Session\Handlers\FileHandler' driver.
DEBUG - 2025-07-24 17:48:31 --> Session: Class initialized using 'CodeIgniter\Session\Handlers\FileHandler' driver.
DEBUG - 2025-07-24 17:48:34 --> Session: Class initialized using 'CodeIgniter\Session\Handlers\FileHandler' driver.
DEBUG - 2025-07-24 17:48:35 --> Session: Class initialized using 'CodeIgniter\Session\Handlers\FileHandler' driver.
DEBUG - 2025-07-24 17:50:20 --> Session: Class initialized using 'CodeIgniter\Session\Handlers\FileHandler' driver.
DEBUG - 2025-07-24 17:50:20 --> Session: Class initialized using 'CodeIgniter\Session\Handlers\FileHandler' driver.
DEBUG - 2025-07-24 17:50:23 --> Session: Class initialized using 'CodeIgniter\Session\Handlers\FileHandler' driver.
ERROR - 2025-07-24 17:50:23 --> mysqli_sql_exception: Table 'infosmart.manager_assigned_locations' doesn't exist in C:\xampp\htdocs\pinestore\system\Database\MySQLi\Connection.php:327
Stack trace:
#0 C:\xampp\htdocs\pinestore\system\Database\MySQLi\Connection.php(327): mysqli->query('SELECT `city_id...', 0)
#1 C:\xampp\htdocs\pinestore\system\Database\BaseConnection.php(738): CodeIgniter\Database\MySQLi\Connection->execute('SELECT `city_id...')
#2 C:\xampp\htdocs\pinestore\system\Database\BaseConnection.php(652): CodeIgniter\Database\BaseConnection->simpleQuery('SELECT `city_id...')
#3 C:\xampp\htdocs\pinestore\system\Database\BaseBuilder.php(1649): CodeIgniter\Database\BaseConnection->query('SELECT `city_id...', Array, false)
#4 C:\xampp\htdocs\pinestore\app\Controllers\ManagerLeads.php(70): CodeIgniter\Database\BaseBuilder->get()
#5 C:\xampp\htdocs\pinestore\system\CodeIgniter.php(933): App\Controllers\ManagerLeads->managerBarcodeList()
#6 C:\xampp\htdocs\pinestore\system\CodeIgniter.php(507): CodeIgniter\CodeIgniter->runController(Object(App\Controllers\ManagerLeads))
#7 C:\xampp\htdocs\pinestore\system\CodeIgniter.php(354): CodeIgniter\CodeIgniter->handleRequest(NULL, Object(Config\Cache), false)
#8 C:\xampp\htdocs\pinestore\system\Boot.php(334): CodeIgniter\CodeIgniter->run()
#9 C:\xampp\htdocs\pinestore\system\Boot.php(67): CodeIgniter\Boot::runCodeIgniter(Object(CodeIgniter\CodeIgniter))
#10 C:\xampp\htdocs\pinestore\index.php(56): CodeIgniter\Boot::bootWeb(Object(Config\Paths))
#11 {main}
CRITICAL - 2025-07-24 17:50:23 --> CodeIgniter\Database\Exceptions\DatabaseException: Table 'infosmart.manager_assigned_locations' doesn't exist
[Method: GET, Route: manager/barcodes]
in SYSTEMPATH\Database\BaseConnection.php on line 692.
 1 SYSTEMPATH\Database\BaseBuilder.php(1649): CodeIgniter\Database\BaseConnection->query('SELECT `city_id`
FROM `manager_assigned_locations`
WHERE `manager_id` = :manager_id:', [...], false)
 2 APPPATH\Controllers\ManagerLeads.php(70): CodeIgniter\Database\BaseBuilder->get()
 3 SYSTEMPATH\CodeIgniter.php(933): App\Controllers\ManagerLeads->managerBarcodeList()
 4 SYSTEMPATH\CodeIgniter.php(507): CodeIgniter\CodeIgniter->runController(Object(App\Controllers\ManagerLeads))
 5 SYSTEMPATH\CodeIgniter.php(354): CodeIgniter\CodeIgniter->handleRequest(null, Object(Config\Cache), false)
 6 SYSTEMPATH\Boot.php(334): CodeIgniter\CodeIgniter->run()
 7 SYSTEMPATH\Boot.php(67): CodeIgniter\Boot::runCodeIgniter(Object(CodeIgniter\CodeIgniter))
 8 FCPATH\index.php(56): CodeIgniter\Boot::bootWeb(Object(Config\Paths))
CRITICAL - 2025-07-24 17:50:23 --> [Caused by] CodeIgniter\Database\Exceptions\DatabaseException: Table 'infosmart.manager_assigned_locations' doesn't exist
in SYSTEMPATH\Database\MySQLi\Connection.php on line 332.
 1 SYSTEMPATH\Database\BaseConnection.php(738): CodeIgniter\Database\MySQLi\Connection->execute('SELECT `city_id`
FROM `manager_assigned_locations`
WHERE `manager_id` = \'30\'')
 2 SYSTEMPATH\Database\BaseConnection.php(652): CodeIgniter\Database\BaseConnection->simpleQuery('SELECT `city_id`
FROM `manager_assigned_locations`
WHERE `manager_id` = \'30\'')
 3 SYSTEMPATH\Database\BaseBuilder.php(1649): CodeIgniter\Database\BaseConnection->query('SELECT `city_id`
FROM `manager_assigned_locations`
WHERE `manager_id` = :manager_id:', [...], false)
 4 APPPATH\Controllers\ManagerLeads.php(70): CodeIgniter\Database\BaseBuilder->get()
 5 SYSTEMPATH\CodeIgniter.php(933): App\Controllers\ManagerLeads->managerBarcodeList()
 6 SYSTEMPATH\CodeIgniter.php(507): CodeIgniter\CodeIgniter->runController(Object(App\Controllers\ManagerLeads))
 7 SYSTEMPATH\CodeIgniter.php(354): CodeIgniter\CodeIgniter->handleRequest(null, Object(Config\Cache), false)
 8 SYSTEMPATH\Boot.php(334): CodeIgniter\CodeIgniter->run()
 9 SYSTEMPATH\Boot.php(67): CodeIgniter\Boot::runCodeIgniter(Object(CodeIgniter\CodeIgniter))
10 FCPATH\index.php(56): CodeIgniter\Boot::bootWeb(Object(Config\Paths))
CRITICAL - 2025-07-24 17:50:23 --> [Caused by] mysqli_sql_exception: Table 'infosmart.manager_assigned_locations' doesn't exist
in SYSTEMPATH\Database\MySQLi\Connection.php on line 327.
 1 SYSTEMPATH\Database\MySQLi\Connection.php(327): mysqli->query('SELECT `city_id`
FROM `manager_assigned_locations`
WHERE `manager_id` = \'30\'', 0)
 2 SYSTEMPATH\Database\BaseConnection.php(738): CodeIgniter\Database\MySQLi\Connection->execute('SELECT `city_id`
FROM `manager_assigned_locations`
WHERE `manager_id` = \'30\'')
 3 SYSTEMPATH\Database\BaseConnection.php(652): CodeIgniter\Database\BaseConnection->simpleQuery('SELECT `city_id`
FROM `manager_assigned_locations`
WHERE `manager_id` = \'30\'')
 4 SYSTEMPATH\Database\BaseBuilder.php(1649): CodeIgniter\Database\BaseConnection->query('SELECT `city_id`
FROM `manager_assigned_locations`
WHERE `manager_id` = :manager_id:', [...], false)
 5 APPPATH\Controllers\ManagerLeads.php(70): CodeIgniter\Database\BaseBuilder->get()
 6 SYSTEMPATH\CodeIgniter.php(933): App\Controllers\ManagerLeads->managerBarcodeList()
 7 SYSTEMPATH\CodeIgniter.php(507): CodeIgniter\CodeIgniter->runController(Object(App\Controllers\ManagerLeads))
 8 SYSTEMPATH\CodeIgniter.php(354): CodeIgniter\CodeIgniter->handleRequest(null, Object(Config\Cache), false)
 9 SYSTEMPATH\Boot.php(334): CodeIgniter\CodeIgniter->run()
10 SYSTEMPATH\Boot.php(67): CodeIgniter\Boot::runCodeIgniter(Object(CodeIgniter\CodeIgniter))
11 FCPATH\index.php(56): CodeIgniter\Boot::bootWeb(Object(Config\Paths))
DEBUG - 2025-07-24 17:52:22 --> Session: Class initialized using 'CodeIgniter\Session\Handlers\FileHandler' driver.
DEBUG - 2025-07-24 17:52:24 --> Session: Class initialized using 'CodeIgniter\Session\Handlers\FileHandler' driver.
DEBUG - 2025-07-24 17:52:24 --> Session: Class initialized using 'CodeIgniter\Session\Handlers\FileHandler' driver.
DEBUG - 2025-07-24 17:52:25 --> Session: Class initialized using 'CodeIgniter\Session\Handlers\FileHandler' driver.
DEBUG - 2025-07-24 17:52:26 --> Session: Class initialized using 'CodeIgniter\Session\Handlers\FileHandler' driver.
DEBUG - 2025-07-24 17:52:26 --> Session: Class initialized using 'CodeIgniter\Session\Handlers\FileHandler' driver.
DEBUG - 2025-07-24 17:52:56 --> Session: Class initialized using 'CodeIgniter\Session\Handlers\FileHandler' driver.
DEBUG - 2025-07-24 17:52:56 --> Session: Class initialized using 'CodeIgniter\Session\Handlers\FileHandler' driver.
ERROR - 2025-07-24 17:53:19 --> mysqli_sql_exception: Duplicate entry 'noida ' for key 'city_name' in C:\xampp\htdocs\pinestore\system\Database\MySQLi\Connection.php:327
Stack trace:
#0 C:\xampp\htdocs\pinestore\system\Database\MySQLi\Connection.php(327): mysqli->query('INSERT INTO `ci...', 0)
#1 C:\xampp\htdocs\pinestore\system\Database\BaseConnection.php(738): CodeIgniter\Database\MySQLi\Connection->execute('INSERT INTO `ci...')
#2 C:\xampp\htdocs\pinestore\system\Database\BaseConnection.php(652): CodeIgniter\Database\BaseConnection->simpleQuery('INSERT INTO `ci...')
#3 C:\xampp\htdocs\pinestore\system\Database\BaseBuilder.php(2345): CodeIgniter\Database\BaseConnection->query('INSERT INTO `ci...', Array, false)
#4 C:\xampp\htdocs\pinestore\system\Model.php(394): CodeIgniter\Database\BaseBuilder->insert()
#5 C:\xampp\htdocs\pinestore\system\BaseModel.php(839): CodeIgniter\Model->doInsert(Array)
#6 C:\xampp\htdocs\pinestore\system\Model.php(800): CodeIgniter\BaseModel->insert(Array, true)
#7 C:\xampp\htdocs\pinestore\app\Controllers\WarehouseController.php(54): CodeIgniter\Model->insert(Array)
#8 C:\xampp\htdocs\pinestore\system\CodeIgniter.php(933): App\Controllers\WarehouseController->store()
#9 C:\xampp\htdocs\pinestore\system\CodeIgniter.php(507): CodeIgniter\CodeIgniter->runController(Object(App\Controllers\WarehouseController))
#10 C:\xampp\htdocs\pinestore\system\CodeIgniter.php(354): CodeIgniter\CodeIgniter->handleRequest(NULL, Object(Config\Cache), false)
#11 C:\xampp\htdocs\pinestore\system\Boot.php(334): CodeIgniter\CodeIgniter->run()
#12 C:\xampp\htdocs\pinestore\system\Boot.php(67): CodeIgniter\Boot::runCodeIgniter(Object(CodeIgniter\CodeIgniter))
#13 C:\xampp\htdocs\pinestore\index.php(56): CodeIgniter\Boot::bootWeb(Object(Config\Paths))
#14 {main}
CRITICAL - 2025-07-24 17:53:19 --> CodeIgniter\Database\Exceptions\DatabaseException: Duplicate entry 'noida ' for key 'city_name'
[Method: POST, Route: warehouse/store]
in SYSTEMPATH\Database\BaseConnection.php on line 692.
 1 SYSTEMPATH\Database\BaseBuilder.php(2345): CodeIgniter\Database\BaseConnection->query('INSERT INTO `cities` (`city_name`, `slug`, `contact_number`, `email`) VALUES (:city_name:, :slug:, :contact_number:, :email:)', [...], false)
 2 SYSTEMPATH\Model.php(394): CodeIgniter\Database\BaseBuilder->insert()
 3 SYSTEMPATH\BaseModel.php(839): CodeIgniter\Model->doInsert([...])
 4 SYSTEMPATH\Model.php(800): CodeIgniter\BaseModel->insert([...], true)
 5 APPPATH\Controllers\WarehouseController.php(54): CodeIgniter\Model->insert([...])
 6 SYSTEMPATH\CodeIgniter.php(933): App\Controllers\WarehouseController->store()
 7 SYSTEMPATH\CodeIgniter.php(507): CodeIgniter\CodeIgniter->runController(Object(App\Controllers\WarehouseController))
 8 SYSTEMPATH\CodeIgniter.php(354): CodeIgniter\CodeIgniter->handleRequest(null, Object(Config\Cache), false)
 9 SYSTEMPATH\Boot.php(334): CodeIgniter\CodeIgniter->run()
10 SYSTEMPATH\Boot.php(67): CodeIgniter\Boot::runCodeIgniter(Object(CodeIgniter\CodeIgniter))
11 FCPATH\index.php(56): CodeIgniter\Boot::bootWeb(Object(Config\Paths))
CRITICAL - 2025-07-24 17:53:19 --> [Caused by] CodeIgniter\Database\Exceptions\DatabaseException: Duplicate entry 'noida ' for key 'city_name'
in SYSTEMPATH\Database\MySQLi\Connection.php on line 332.
 1 SYSTEMPATH\Database\BaseConnection.php(738): CodeIgniter\Database\MySQLi\Connection->execute('INSERT INTO `cities` (`city_name`, `slug`, `contact_number`, `email`) VALUES (\'noida \', \'noida\', \'7558578967\', \'vaibhavpan7558@gmail.com\')')
 2 SYSTEMPATH\Database\BaseConnection.php(652): CodeIgniter\Database\BaseConnection->simpleQuery('INSERT INTO `cities` (`city_name`, `slug`, `contact_number`, `email`) VALUES (\'noida \', \'noida\', \'7558578967\', \'vaibhavpan7558@gmail.com\')')
 3 SYSTEMPATH\Database\BaseBuilder.php(2345): CodeIgniter\Database\BaseConnection->query('INSERT INTO `cities` (`city_name`, `slug`, `contact_number`, `email`) VALUES (:city_name:, :slug:, :contact_number:, :email:)', [...], false)
 4 SYSTEMPATH\Model.php(394): CodeIgniter\Database\BaseBuilder->insert()
 5 SYSTEMPATH\BaseModel.php(839): CodeIgniter\Model->doInsert([...])
 6 SYSTEMPATH\Model.php(800): CodeIgniter\BaseModel->insert([...], true)
 7 APPPATH\Controllers\WarehouseController.php(54): CodeIgniter\Model->insert([...])
 8 SYSTEMPATH\CodeIgniter.php(933): App\Controllers\WarehouseController->store()
 9 SYSTEMPATH\CodeIgniter.php(507): CodeIgniter\CodeIgniter->runController(Object(App\Controllers\WarehouseController))
10 SYSTEMPATH\CodeIgniter.php(354): CodeIgniter\CodeIgniter->handleRequest(null, Object(Config\Cache), false)
11 SYSTEMPATH\Boot.php(334): CodeIgniter\CodeIgniter->run()
12 SYSTEMPATH\Boot.php(67): CodeIgniter\Boot::runCodeIgniter(Object(CodeIgniter\CodeIgniter))
13 FCPATH\index.php(56): CodeIgniter\Boot::bootWeb(Object(Config\Paths))
CRITICAL - 2025-07-24 17:53:19 --> [Caused by] mysqli_sql_exception: Duplicate entry 'noida ' for key 'city_name'
in SYSTEMPATH\Database\MySQLi\Connection.php on line 327.
 1 SYSTEMPATH\Database\MySQLi\Connection.php(327): mysqli->query('INSERT INTO `cities` (`city_name`, `slug`, `contact_number`, `email`) VALUES (\'noida \', \'noida\', \'7558578967\', \'vaibhavpan7558@gmail.com\')', 0)
 2 SYSTEMPATH\Database\BaseConnection.php(738): CodeIgniter\Database\MySQLi\Connection->execute('INSERT INTO `cities` (`city_name`, `slug`, `contact_number`, `email`) VALUES (\'noida \', \'noida\', \'7558578967\', \'vaibhavpan7558@gmail.com\')')
 3 SYSTEMPATH\Database\BaseConnection.php(652): CodeIgniter\Database\BaseConnection->simpleQuery('INSERT INTO `cities` (`city_name`, `slug`, `contact_number`, `email`) VALUES (\'noida \', \'noida\', \'7558578967\', \'vaibhavpan7558@gmail.com\')')
 4 SYSTEMPATH\Database\BaseBuilder.php(2345): CodeIgniter\Database\BaseConnection->query('INSERT INTO `cities` (`city_name`, `slug`, `contact_number`, `email`) VALUES (:city_name:, :slug:, :contact_number:, :email:)', [...], false)
 5 SYSTEMPATH\Model.php(394): CodeIgniter\Database\BaseBuilder->insert()
 6 SYSTEMPATH\BaseModel.php(839): CodeIgniter\Model->doInsert([...])
 7 SYSTEMPATH\Model.php(800): CodeIgniter\BaseModel->insert([...], true)
 8 APPPATH\Controllers\WarehouseController.php(54): CodeIgniter\Model->insert([...])
 9 SYSTEMPATH\CodeIgniter.php(933): App\Controllers\WarehouseController->store()
10 SYSTEMPATH\CodeIgniter.php(507): CodeIgniter\CodeIgniter->runController(Object(App\Controllers\WarehouseController))
11 SYSTEMPATH\CodeIgniter.php(354): CodeIgniter\CodeIgniter->handleRequest(null, Object(Config\Cache), false)
12 SYSTEMPATH\Boot.php(334): CodeIgniter\CodeIgniter->run()
13 SYSTEMPATH\Boot.php(67): CodeIgniter\Boot::runCodeIgniter(Object(CodeIgniter\CodeIgniter))
14 FCPATH\index.php(56): CodeIgniter\Boot::bootWeb(Object(Config\Paths))
DEBUG - 2025-07-24 17:53:23 --> Session: Class initialized using 'CodeIgniter\Session\Handlers\FileHandler' driver.
DEBUG - 2025-07-24 17:53:23 --> Session: Class initialized using 'CodeIgniter\Session\Handlers\FileHandler' driver.
DEBUG - 2025-07-24 17:53:30 --> Session: Class initialized using 'CodeIgniter\Session\Handlers\FileHandler' driver.
DEBUG - 2025-07-24 17:53:30 --> Session: Class initialized using 'CodeIgniter\Session\Handlers\FileHandler' driver.
DEBUG - 2025-07-24 17:53:30 --> Session: Class initialized using 'CodeIgniter\Session\Handlers\FileHandler' driver.
DEBUG - 2025-07-24 17:53:51 --> Session: Class initialized using 'CodeIgniter\Session\Handlers\FileHandler' driver.
DEBUG - 2025-07-24 17:53:51 --> Session: Class initialized using 'CodeIgniter\Session\Handlers\FileHandler' driver.
DEBUG - 2025-07-24 17:53:57 --> Session: Class initialized using 'CodeIgniter\Session\Handlers\FileHandler' driver.
DEBUG - 2025-07-24 17:53:57 --> Session: Class initialized using 'CodeIgniter\Session\Handlers\FileHandler' driver.
DEBUG - 2025-07-24 17:53:58 --> Session: Class initialized using 'CodeIgniter\Session\Handlers\FileHandler' driver.
DEBUG - 2025-07-24 17:55:26 --> Session: Class initialized using 'CodeIgniter\Session\Handlers\FileHandler' driver.
DEBUG - 2025-07-24 17:55:27 --> Session: Class initialized using 'CodeIgniter\Session\Handlers\FileHandler' driver.
DEBUG - 2025-07-24 17:55:41 --> Session: Class initialized using 'CodeIgniter\Session\Handlers\FileHandler' driver.
DEBUG - 2025-07-24 17:55:41 --> Session: Class initialized using 'CodeIgniter\Session\Handlers\FileHandler' driver.
DEBUG - 2025-07-24 17:56:12 --> Session: Class initialized using 'CodeIgniter\Session\Handlers\FileHandler' driver.
DEBUG - 2025-07-24 17:56:12 --> Session: Class initialized using 'CodeIgniter\Session\Handlers\FileHandler' driver.
DEBUG - 2025-07-24 17:56:12 --> Session: Class initialized using 'CodeIgniter\Session\Handlers\FileHandler' driver.
DEBUG - 2025-07-24 17:57:47 --> Session: Class initialized using 'CodeIgniter\Session\Handlers\FileHandler' driver.
DEBUG - 2025-07-24 17:57:47 --> Session: Class initialized using 'CodeIgniter\Session\Handlers\FileHandler' driver.
DEBUG - 2025-07-24 17:58:11 --> Session: Class initialized using 'CodeIgniter\Session\Handlers\FileHandler' driver.
ERROR - 2025-07-24 17:58:11 --> mysqli_sql_exception: Unknown column 'c.city_id' in 'field list' in C:\xampp\htdocs\pinestore\system\Database\MySQLi\Connection.php:327
Stack trace:
#0 C:\xampp\htdocs\pinestore\system\Database\MySQLi\Connection.php(327): mysqli->query('SELECT `b`.*, `...', 0)
#1 C:\xampp\htdocs\pinestore\system\Database\BaseConnection.php(738): CodeIgniter\Database\MySQLi\Connection->execute('SELECT `b`.*, `...')
#2 C:\xampp\htdocs\pinestore\system\Database\BaseConnection.php(652): CodeIgniter\Database\BaseConnection->simpleQuery('SELECT `b`.*, `...')
#3 C:\xampp\htdocs\pinestore\system\Database\BaseBuilder.php(1649): CodeIgniter\Database\BaseConnection->query('SELECT `b`.*, `...', Array, false)
#4 C:\xampp\htdocs\pinestore\app\Controllers\ManagerLeads.php(101): CodeIgniter\Database\BaseBuilder->get()
#5 C:\xampp\htdocs\pinestore\system\CodeIgniter.php(933): App\Controllers\ManagerLeads->managerBarcodeList()
#6 C:\xampp\htdocs\pinestore\system\CodeIgniter.php(507): CodeIgniter\CodeIgniter->runController(Object(App\Controllers\ManagerLeads))
#7 C:\xampp\htdocs\pinestore\system\CodeIgniter.php(354): CodeIgniter\CodeIgniter->handleRequest(NULL, Object(Config\Cache), false)
#8 C:\xampp\htdocs\pinestore\system\Boot.php(334): CodeIgniter\CodeIgniter->run()
#9 C:\xampp\htdocs\pinestore\system\Boot.php(67): CodeIgniter\Boot::runCodeIgniter(Object(CodeIgniter\CodeIgniter))
#10 C:\xampp\htdocs\pinestore\index.php(56): CodeIgniter\Boot::bootWeb(Object(Config\Paths))
#11 {main}
CRITICAL - 2025-07-24 17:58:11 --> CodeIgniter\Database\Exceptions\DatabaseException: Unknown column 'c.city_id' in 'field list'
[Method: GET, Route: manager/barcodes]
in SYSTEMPATH\Database\BaseConnection.php on line 692.
 1 SYSTEMPATH\Database\BaseBuilder.php(1649): CodeIgniter\Database\BaseConnection->query('SELECT `b`.*, `i`.`item_name`, `c`.`id` AS `customer_id`, `c`.`customer_name`, `c`.`city_id`
FROM `pine_store_warehouse_barcodes` `b`
LEFT JOIN `customer_inventory` `i` ON `i`.`id` = `b`.`rack_product_id`
LEFT JOIN `pine_upload_inventory` `c` ON `c`.`id` = `i`.`upload_inventory_id`
WHERE `c`.`city_id` IN :c.city_id:
ORDER BY `b`.`generated_at` DESC', [...], false)
 2 APPPATH\Controllers\ManagerLeads.php(101): CodeIgniter\Database\BaseBuilder->get()
 3 SYSTEMPATH\CodeIgniter.php(933): App\Controllers\ManagerLeads->managerBarcodeList()
 4 SYSTEMPATH\CodeIgniter.php(507): CodeIgniter\CodeIgniter->runController(Object(App\Controllers\ManagerLeads))
 5 SYSTEMPATH\CodeIgniter.php(354): CodeIgniter\CodeIgniter->handleRequest(null, Object(Config\Cache), false)
 6 SYSTEMPATH\Boot.php(334): CodeIgniter\CodeIgniter->run()
 7 SYSTEMPATH\Boot.php(67): CodeIgniter\Boot::runCodeIgniter(Object(CodeIgniter\CodeIgniter))
 8 FCPATH\index.php(56): CodeIgniter\Boot::bootWeb(Object(Config\Paths))
CRITICAL - 2025-07-24 17:58:11 --> [Caused by] CodeIgniter\Database\Exceptions\DatabaseException: Unknown column 'c.city_id' in 'field list'
in SYSTEMPATH\Database\MySQLi\Connection.php on line 332.
 1 SYSTEMPATH\Database\BaseConnection.php(738): CodeIgniter\Database\MySQLi\Connection->execute('SELECT `b`.*, `i`.`item_name`, `c`.`id` AS `customer_id`, `c`.`customer_name`, `c`.`city_id`
FROM `pine_store_warehouse_barcodes` `b`
LEFT JOIN `customer_inventory` `i` ON `i`.`id` = `b`.`rack_product_id`
LEFT JOIN `pine_upload_inventory` `c` ON `c`.`id` = `i`.`upload_inventory_id`
WHERE `c`.`city_id` IN (\'Gurgaon Warehouse\')
ORDER BY `b`.`generated_at` DESC')
 2 SYSTEMPATH\Database\BaseConnection.php(652): CodeIgniter\Database\BaseConnection->simpleQuery('SELECT `b`.*, `i`.`item_name`, `c`.`id` AS `customer_id`, `c`.`customer_name`, `c`.`city_id`
FROM `pine_store_warehouse_barcodes` `b`
LEFT JOIN `customer_inventory` `i` ON `i`.`id` = `b`.`rack_product_id`
LEFT JOIN `pine_upload_inventory` `c` ON `c`.`id` = `i`.`upload_inventory_id`
WHERE `c`.`city_id` IN (\'Gurgaon Warehouse\')
ORDER BY `b`.`generated_at` DESC')
 3 SYSTEMPATH\Database\BaseBuilder.php(1649): CodeIgniter\Database\BaseConnection->query('SELECT `b`.*, `i`.`item_name`, `c`.`id` AS `customer_id`, `c`.`customer_name`, `c`.`city_id`
FROM `pine_store_warehouse_barcodes` `b`
LEFT JOIN `customer_inventory` `i` ON `i`.`id` = `b`.`rack_product_id`
LEFT JOIN `pine_upload_inventory` `c` ON `c`.`id` = `i`.`upload_inventory_id`
WHERE `c`.`city_id` IN :c.city_id:
ORDER BY `b`.`generated_at` DESC', [...], false)
 4 APPPATH\Controllers\ManagerLeads.php(101): CodeIgniter\Database\BaseBuilder->get()
 5 SYSTEMPATH\CodeIgniter.php(933): App\Controllers\ManagerLeads->managerBarcodeList()
 6 SYSTEMPATH\CodeIgniter.php(507): CodeIgniter\CodeIgniter->runController(Object(App\Controllers\ManagerLeads))
 7 SYSTEMPATH\CodeIgniter.php(354): CodeIgniter\CodeIgniter->handleRequest(null, Object(Config\Cache), false)
 8 SYSTEMPATH\Boot.php(334): CodeIgniter\CodeIgniter->run()
 9 SYSTEMPATH\Boot.php(67): CodeIgniter\Boot::runCodeIgniter(Object(CodeIgniter\CodeIgniter))
10 FCPATH\index.php(56): CodeIgniter\Boot::bootWeb(Object(Config\Paths))
CRITICAL - 2025-07-24 17:58:11 --> [Caused by] mysqli_sql_exception: Unknown column 'c.city_id' in 'field list'
in SYSTEMPATH\Database\MySQLi\Connection.php on line 327.
 1 SYSTEMPATH\Database\MySQLi\Connection.php(327): mysqli->query('SELECT `b`.*, `i`.`item_name`, `c`.`id` AS `customer_id`, `c`.`customer_name`, `c`.`city_id`
FROM `pine_store_warehouse_barcodes` `b`
LEFT JOIN `customer_inventory` `i` ON `i`.`id` = `b`.`rack_product_id`
LEFT JOIN `pine_upload_inventory` `c` ON `c`.`id` = `i`.`upload_inventory_id`
WHERE `c`.`city_id` IN (\'Gurgaon Warehouse\')
ORDER BY `b`.`generated_at` DESC', 0)
 2 SYSTEMPATH\Database\BaseConnection.php(738): CodeIgniter\Database\MySQLi\Connection->execute('SELECT `b`.*, `i`.`item_name`, `c`.`id` AS `customer_id`, `c`.`customer_name`, `c`.`city_id`
FROM `pine_store_warehouse_barcodes` `b`
LEFT JOIN `customer_inventory` `i` ON `i`.`id` = `b`.`rack_product_id`
LEFT JOIN `pine_upload_inventory` `c` ON `c`.`id` = `i`.`upload_inventory_id`
WHERE `c`.`city_id` IN (\'Gurgaon Warehouse\')
ORDER BY `b`.`generated_at` DESC')
 3 SYSTEMPATH\Database\BaseConnection.php(652): CodeIgniter\Database\BaseConnection->simpleQuery('SELECT `b`.*, `i`.`item_name`, `c`.`id` AS `customer_id`, `c`.`customer_name`, `c`.`city_id`
FROM `pine_store_warehouse_barcodes` `b`
LEFT JOIN `customer_inventory` `i` ON `i`.`id` = `b`.`rack_product_id`
LEFT JOIN `pine_upload_inventory` `c` ON `c`.`id` = `i`.`upload_inventory_id`
WHERE `c`.`city_id` IN (\'Gurgaon Warehouse\')
ORDER BY `b`.`generated_at` DESC')
 4 SYSTEMPATH\Database\BaseBuilder.php(1649): CodeIgniter\Database\BaseConnection->query('SELECT `b`.*, `i`.`item_name`, `c`.`id` AS `customer_id`, `c`.`customer_name`, `c`.`city_id`
FROM `pine_store_warehouse_barcodes` `b`
LEFT JOIN `customer_inventory` `i` ON `i`.`id` = `b`.`rack_product_id`
LEFT JOIN `pine_upload_inventory` `c` ON `c`.`id` = `i`.`upload_inventory_id`
WHERE `c`.`city_id` IN :c.city_id:
ORDER BY `b`.`generated_at` DESC', [...], false)
 5 APPPATH\Controllers\ManagerLeads.php(101): CodeIgniter\Database\BaseBuilder->get()
 6 SYSTEMPATH\CodeIgniter.php(933): App\Controllers\ManagerLeads->managerBarcodeList()
 7 SYSTEMPATH\CodeIgniter.php(507): CodeIgniter\CodeIgniter->runController(Object(App\Controllers\ManagerLeads))
 8 SYSTEMPATH\CodeIgniter.php(354): CodeIgniter\CodeIgniter->handleRequest(null, Object(Config\Cache), false)
 9 SYSTEMPATH\Boot.php(334): CodeIgniter\CodeIgniter->run()
10 SYSTEMPATH\Boot.php(67): CodeIgniter\Boot::runCodeIgniter(Object(CodeIgniter\CodeIgniter))
11 FCPATH\index.php(56): CodeIgniter\Boot::bootWeb(Object(Config\Paths))
DEBUG - 2025-07-24 17:59:25 --> Session: Class initialized using 'CodeIgniter\Session\Handlers\FileHandler' driver.
ERROR - 2025-07-24 17:59:25 --> mysqli_sql_exception: Unknown column 'c.assign_location' in 'field list' in C:\xampp\htdocs\pinestore\system\Database\MySQLi\Connection.php:327
Stack trace:
#0 C:\xampp\htdocs\pinestore\system\Database\MySQLi\Connection.php(327): mysqli->query('SELECT `b`.*, `...', 0)
#1 C:\xampp\htdocs\pinestore\system\Database\BaseConnection.php(738): CodeIgniter\Database\MySQLi\Connection->execute('SELECT `b`.*, `...')
#2 C:\xampp\htdocs\pinestore\system\Database\BaseConnection.php(652): CodeIgniter\Database\BaseConnection->simpleQuery('SELECT `b`.*, `...')
#3 C:\xampp\htdocs\pinestore\system\Database\BaseBuilder.php(1649): CodeIgniter\Database\BaseConnection->query('SELECT `b`.*, `...', Array, false)
#4 C:\xampp\htdocs\pinestore\app\Controllers\ManagerLeads.php(101): CodeIgniter\Database\BaseBuilder->get()
#5 C:\xampp\htdocs\pinestore\system\CodeIgniter.php(933): App\Controllers\ManagerLeads->managerBarcodeList()
#6 C:\xampp\htdocs\pinestore\system\CodeIgniter.php(507): CodeIgniter\CodeIgniter->runController(Object(App\Controllers\ManagerLeads))
#7 C:\xampp\htdocs\pinestore\system\CodeIgniter.php(354): CodeIgniter\CodeIgniter->handleRequest(NULL, Object(Config\Cache), false)
#8 C:\xampp\htdocs\pinestore\system\Boot.php(334): CodeIgniter\CodeIgniter->run()
#9 C:\xampp\htdocs\pinestore\system\Boot.php(67): CodeIgniter\Boot::runCodeIgniter(Object(CodeIgniter\CodeIgniter))
#10 C:\xampp\htdocs\pinestore\index.php(56): CodeIgniter\Boot::bootWeb(Object(Config\Paths))
#11 {main}
CRITICAL - 2025-07-24 17:59:25 --> CodeIgniter\Database\Exceptions\DatabaseException: Unknown column 'c.assign_location' in 'field list'
[Method: GET, Route: manager/barcodes]
in SYSTEMPATH\Database\BaseConnection.php on line 692.
 1 SYSTEMPATH\Database\BaseBuilder.php(1649): CodeIgniter\Database\BaseConnection->query('SELECT `b`.*, `i`.`item_name`, `c`.`id` AS `customer_id`, `c`.`customer_name`, `c`.`assign_location`
FROM `pine_store_warehouse_barcodes` `b`
LEFT JOIN `customer_inventory` `i` ON `i`.`id` = `b`.`rack_product_id`
LEFT JOIN `pine_upload_inventory` `c` ON `c`.`id` = `i`.`upload_inventory_id`
WHERE `c`.`city_id` IN :c.city_id:
ORDER BY `b`.`generated_at` DESC', [...], false)
 2 APPPATH\Controllers\ManagerLeads.php(101): CodeIgniter\Database\BaseBuilder->get()
 3 SYSTEMPATH\CodeIgniter.php(933): App\Controllers\ManagerLeads->managerBarcodeList()
 4 SYSTEMPATH\CodeIgniter.php(507): CodeIgniter\CodeIgniter->runController(Object(App\Controllers\ManagerLeads))
 5 SYSTEMPATH\CodeIgniter.php(354): CodeIgniter\CodeIgniter->handleRequest(null, Object(Config\Cache), false)
 6 SYSTEMPATH\Boot.php(334): CodeIgniter\CodeIgniter->run()
 7 SYSTEMPATH\Boot.php(67): CodeIgniter\Boot::runCodeIgniter(Object(CodeIgniter\CodeIgniter))
 8 FCPATH\index.php(56): CodeIgniter\Boot::bootWeb(Object(Config\Paths))
CRITICAL - 2025-07-24 17:59:25 --> [Caused by] CodeIgniter\Database\Exceptions\DatabaseException: Unknown column 'c.assign_location' in 'field list'
in SYSTEMPATH\Database\MySQLi\Connection.php on line 332.
 1 SYSTEMPATH\Database\BaseConnection.php(738): CodeIgniter\Database\MySQLi\Connection->execute('SELECT `b`.*, `i`.`item_name`, `c`.`id` AS `customer_id`, `c`.`customer_name`, `c`.`assign_location`
FROM `pine_store_warehouse_barcodes` `b`
LEFT JOIN `customer_inventory` `i` ON `i`.`id` = `b`.`rack_product_id`
LEFT JOIN `pine_upload_inventory` `c` ON `c`.`id` = `i`.`upload_inventory_id`
WHERE `c`.`city_id` IN (\'Gurgaon Warehouse\')
ORDER BY `b`.`generated_at` DESC')
 2 SYSTEMPATH\Database\BaseConnection.php(652): CodeIgniter\Database\BaseConnection->simpleQuery('SELECT `b`.*, `i`.`item_name`, `c`.`id` AS `customer_id`, `c`.`customer_name`, `c`.`assign_location`
FROM `pine_store_warehouse_barcodes` `b`
LEFT JOIN `customer_inventory` `i` ON `i`.`id` = `b`.`rack_product_id`
LEFT JOIN `pine_upload_inventory` `c` ON `c`.`id` = `i`.`upload_inventory_id`
WHERE `c`.`city_id` IN (\'Gurgaon Warehouse\')
ORDER BY `b`.`generated_at` DESC')
 3 SYSTEMPATH\Database\BaseBuilder.php(1649): CodeIgniter\Database\BaseConnection->query('SELECT `b`.*, `i`.`item_name`, `c`.`id` AS `customer_id`, `c`.`customer_name`, `c`.`assign_location`
FROM `pine_store_warehouse_barcodes` `b`
LEFT JOIN `customer_inventory` `i` ON `i`.`id` = `b`.`rack_product_id`
LEFT JOIN `pine_upload_inventory` `c` ON `c`.`id` = `i`.`upload_inventory_id`
WHERE `c`.`city_id` IN :c.city_id:
ORDER BY `b`.`generated_at` DESC', [...], false)
 4 APPPATH\Controllers\ManagerLeads.php(101): CodeIgniter\Database\BaseBuilder->get()
 5 SYSTEMPATH\CodeIgniter.php(933): App\Controllers\ManagerLeads->managerBarcodeList()
 6 SYSTEMPATH\CodeIgniter.php(507): CodeIgniter\CodeIgniter->runController(Object(App\Controllers\ManagerLeads))
 7 SYSTEMPATH\CodeIgniter.php(354): CodeIgniter\CodeIgniter->handleRequest(null, Object(Config\Cache), false)
 8 SYSTEMPATH\Boot.php(334): CodeIgniter\CodeIgniter->run()
 9 SYSTEMPATH\Boot.php(67): CodeIgniter\Boot::runCodeIgniter(Object(CodeIgniter\CodeIgniter))
10 FCPATH\index.php(56): CodeIgniter\Boot::bootWeb(Object(Config\Paths))
CRITICAL - 2025-07-24 17:59:25 --> [Caused by] mysqli_sql_exception: Unknown column 'c.assign_location' in 'field list'
in SYSTEMPATH\Database\MySQLi\Connection.php on line 327.
 1 SYSTEMPATH\Database\MySQLi\Connection.php(327): mysqli->query('SELECT `b`.*, `i`.`item_name`, `c`.`id` AS `customer_id`, `c`.`customer_name`, `c`.`assign_location`
FROM `pine_store_warehouse_barcodes` `b`
LEFT JOIN `customer_inventory` `i` ON `i`.`id` = `b`.`rack_product_id`
LEFT JOIN `pine_upload_inventory` `c` ON `c`.`id` = `i`.`upload_inventory_id`
WHERE `c`.`city_id` IN (\'Gurgaon Warehouse\')
ORDER BY `b`.`generated_at` DESC', 0)
 2 SYSTEMPATH\Database\BaseConnection.php(738): CodeIgniter\Database\MySQLi\Connection->execute('SELECT `b`.*, `i`.`item_name`, `c`.`id` AS `customer_id`, `c`.`customer_name`, `c`.`assign_location`
FROM `pine_store_warehouse_barcodes` `b`
LEFT JOIN `customer_inventory` `i` ON `i`.`id` = `b`.`rack_product_id`
LEFT JOIN `pine_upload_inventory` `c` ON `c`.`id` = `i`.`upload_inventory_id`
WHERE `c`.`city_id` IN (\'Gurgaon Warehouse\')
ORDER BY `b`.`generated_at` DESC')
 3 SYSTEMPATH\Database\BaseConnection.php(652): CodeIgniter\Database\BaseConnection->simpleQuery('SELECT `b`.*, `i`.`item_name`, `c`.`id` AS `customer_id`, `c`.`customer_name`, `c`.`assign_location`
FROM `pine_store_warehouse_barcodes` `b`
LEFT JOIN `customer_inventory` `i` ON `i`.`id` = `b`.`rack_product_id`
LEFT JOIN `pine_upload_inventory` `c` ON `c`.`id` = `i`.`upload_inventory_id`
WHERE `c`.`city_id` IN (\'Gurgaon Warehouse\')
ORDER BY `b`.`generated_at` DESC')
 4 SYSTEMPATH\Database\BaseBuilder.php(1649): CodeIgniter\Database\BaseConnection->query('SELECT `b`.*, `i`.`item_name`, `c`.`id` AS `customer_id`, `c`.`customer_name`, `c`.`assign_location`
FROM `pine_store_warehouse_barcodes` `b`
LEFT JOIN `customer_inventory` `i` ON `i`.`id` = `b`.`rack_product_id`
LEFT JOIN `pine_upload_inventory` `c` ON `c`.`id` = `i`.`upload_inventory_id`
WHERE `c`.`city_id` IN :c.city_id:
ORDER BY `b`.`generated_at` DESC', [...], false)
 5 APPPATH\Controllers\ManagerLeads.php(101): CodeIgniter\Database\BaseBuilder->get()
 6 SYSTEMPATH\CodeIgniter.php(933): App\Controllers\ManagerLeads->managerBarcodeList()
 7 SYSTEMPATH\CodeIgniter.php(507): CodeIgniter\CodeIgniter->runController(Object(App\Controllers\ManagerLeads))
 8 SYSTEMPATH\CodeIgniter.php(354): CodeIgniter\CodeIgniter->handleRequest(null, Object(Config\Cache), false)
 9 SYSTEMPATH\Boot.php(334): CodeIgniter\CodeIgniter->run()
10 SYSTEMPATH\Boot.php(67): CodeIgniter\Boot::runCodeIgniter(Object(CodeIgniter\CodeIgniter))
11 FCPATH\index.php(56): CodeIgniter\Boot::bootWeb(Object(Config\Paths))
DEBUG - 2025-07-24 17:59:59 --> Session: Class initialized using 'CodeIgniter\Session\Handlers\FileHandler' driver.
ERROR - 2025-07-24 17:59:59 --> mysqli_sql_exception: Unknown column 'c.city_id' in 'where clause' in C:\xampp\htdocs\pinestore\system\Database\MySQLi\Connection.php:327
Stack trace:
#0 C:\xampp\htdocs\pinestore\system\Database\MySQLi\Connection.php(327): mysqli->query('SELECT `b`.*, `...', 0)
#1 C:\xampp\htdocs\pinestore\system\Database\BaseConnection.php(738): CodeIgniter\Database\MySQLi\Connection->execute('SELECT `b`.*, `...')
#2 C:\xampp\htdocs\pinestore\system\Database\BaseConnection.php(652): CodeIgniter\Database\BaseConnection->simpleQuery('SELECT `b`.*, `...')
#3 C:\xampp\htdocs\pinestore\system\Database\BaseBuilder.php(1649): CodeIgniter\Database\BaseConnection->query('SELECT `b`.*, `...', Array, false)
#4 C:\xampp\htdocs\pinestore\app\Controllers\ManagerLeads.php(101): CodeIgniter\Database\BaseBuilder->get()
#5 C:\xampp\htdocs\pinestore\system\CodeIgniter.php(933): App\Controllers\ManagerLeads->managerBarcodeList()
#6 C:\xampp\htdocs\pinestore\system\CodeIgniter.php(507): CodeIgniter\CodeIgniter->runController(Object(App\Controllers\ManagerLeads))
#7 C:\xampp\htdocs\pinestore\system\CodeIgniter.php(354): CodeIgniter\CodeIgniter->handleRequest(NULL, Object(Config\Cache), false)
#8 C:\xampp\htdocs\pinestore\system\Boot.php(334): CodeIgniter\CodeIgniter->run()
#9 C:\xampp\htdocs\pinestore\system\Boot.php(67): CodeIgniter\Boot::runCodeIgniter(Object(CodeIgniter\CodeIgniter))
#10 C:\xampp\htdocs\pinestore\index.php(56): CodeIgniter\Boot::bootWeb(Object(Config\Paths))
#11 {main}
CRITICAL - 2025-07-24 17:59:59 --> CodeIgniter\Database\Exceptions\DatabaseException: Unknown column 'c.city_id' in 'where clause'
[Method: GET, Route: manager/barcodes]
in SYSTEMPATH\Database\BaseConnection.php on line 692.
 1 SYSTEMPATH\Database\BaseBuilder.php(1649): CodeIgniter\Database\BaseConnection->query('SELECT `b`.*, `i`.`item_name`, `c`.`id` AS `customer_id`, `c`.`customer_name`, `c`.`moving_from`
FROM `pine_store_warehouse_barcodes` `b`
LEFT JOIN `customer_inventory` `i` ON `i`.`id` = `b`.`rack_product_id`
LEFT JOIN `pine_upload_inventory` `c` ON `c`.`id` = `i`.`upload_inventory_id`
WHERE `c`.`city_id` IN :c.city_id:
ORDER BY `b`.`generated_at` DESC', [...], false)
 2 APPPATH\Controllers\ManagerLeads.php(101): CodeIgniter\Database\BaseBuilder->get()
 3 SYSTEMPATH\CodeIgniter.php(933): App\Controllers\ManagerLeads->managerBarcodeList()
 4 SYSTEMPATH\CodeIgniter.php(507): CodeIgniter\CodeIgniter->runController(Object(App\Controllers\ManagerLeads))
 5 SYSTEMPATH\CodeIgniter.php(354): CodeIgniter\CodeIgniter->handleRequest(null, Object(Config\Cache), false)
 6 SYSTEMPATH\Boot.php(334): CodeIgniter\CodeIgniter->run()
 7 SYSTEMPATH\Boot.php(67): CodeIgniter\Boot::runCodeIgniter(Object(CodeIgniter\CodeIgniter))
 8 FCPATH\index.php(56): CodeIgniter\Boot::bootWeb(Object(Config\Paths))
CRITICAL - 2025-07-24 17:59:59 --> [Caused by] CodeIgniter\Database\Exceptions\DatabaseException: Unknown column 'c.city_id' in 'where clause'
in SYSTEMPATH\Database\MySQLi\Connection.php on line 332.
 1 SYSTEMPATH\Database\BaseConnection.php(738): CodeIgniter\Database\MySQLi\Connection->execute('SELECT `b`.*, `i`.`item_name`, `c`.`id` AS `customer_id`, `c`.`customer_name`, `c`.`moving_from`
FROM `pine_store_warehouse_barcodes` `b`
LEFT JOIN `customer_inventory` `i` ON `i`.`id` = `b`.`rack_product_id`
LEFT JOIN `pine_upload_inventory` `c` ON `c`.`id` = `i`.`upload_inventory_id`
WHERE `c`.`city_id` IN (\'Gurgaon Warehouse\')
ORDER BY `b`.`generated_at` DESC')
 2 SYSTEMPATH\Database\BaseConnection.php(652): CodeIgniter\Database\BaseConnection->simpleQuery('SELECT `b`.*, `i`.`item_name`, `c`.`id` AS `customer_id`, `c`.`customer_name`, `c`.`moving_from`
FROM `pine_store_warehouse_barcodes` `b`
LEFT JOIN `customer_inventory` `i` ON `i`.`id` = `b`.`rack_product_id`
LEFT JOIN `pine_upload_inventory` `c` ON `c`.`id` = `i`.`upload_inventory_id`
WHERE `c`.`city_id` IN (\'Gurgaon Warehouse\')
ORDER BY `b`.`generated_at` DESC')
 3 SYSTEMPATH\Database\BaseBuilder.php(1649): CodeIgniter\Database\BaseConnection->query('SELECT `b`.*, `i`.`item_name`, `c`.`id` AS `customer_id`, `c`.`customer_name`, `c`.`moving_from`
FROM `pine_store_warehouse_barcodes` `b`
LEFT JOIN `customer_inventory` `i` ON `i`.`id` = `b`.`rack_product_id`
LEFT JOIN `pine_upload_inventory` `c` ON `c`.`id` = `i`.`upload_inventory_id`
WHERE `c`.`city_id` IN :c.city_id:
ORDER BY `b`.`generated_at` DESC', [...], false)
 4 APPPATH\Controllers\ManagerLeads.php(101): CodeIgniter\Database\BaseBuilder->get()
 5 SYSTEMPATH\CodeIgniter.php(933): App\Controllers\ManagerLeads->managerBarcodeList()
 6 SYSTEMPATH\CodeIgniter.php(507): CodeIgniter\CodeIgniter->runController(Object(App\Controllers\ManagerLeads))
 7 SYSTEMPATH\CodeIgniter.php(354): CodeIgniter\CodeIgniter->handleRequest(null, Object(Config\Cache), false)
 8 SYSTEMPATH\Boot.php(334): CodeIgniter\CodeIgniter->run()
 9 SYSTEMPATH\Boot.php(67): CodeIgniter\Boot::runCodeIgniter(Object(CodeIgniter\CodeIgniter))
10 FCPATH\index.php(56): CodeIgniter\Boot::bootWeb(Object(Config\Paths))
CRITICAL - 2025-07-24 17:59:59 --> [Caused by] mysqli_sql_exception: Unknown column 'c.city_id' in 'where clause'
in SYSTEMPATH\Database\MySQLi\Connection.php on line 327.
 1 SYSTEMPATH\Database\MySQLi\Connection.php(327): mysqli->query('SELECT `b`.*, `i`.`item_name`, `c`.`id` AS `customer_id`, `c`.`customer_name`, `c`.`moving_from`
FROM `pine_store_warehouse_barcodes` `b`
LEFT JOIN `customer_inventory` `i` ON `i`.`id` = `b`.`rack_product_id`
LEFT JOIN `pine_upload_inventory` `c` ON `c`.`id` = `i`.`upload_inventory_id`
WHERE `c`.`city_id` IN (\'Gurgaon Warehouse\')
ORDER BY `b`.`generated_at` DESC', 0)
 2 SYSTEMPATH\Database\BaseConnection.php(738): CodeIgniter\Database\MySQLi\Connection->execute('SELECT `b`.*, `i`.`item_name`, `c`.`id` AS `customer_id`, `c`.`customer_name`, `c`.`moving_from`
FROM `pine_store_warehouse_barcodes` `b`
LEFT JOIN `customer_inventory` `i` ON `i`.`id` = `b`.`rack_product_id`
LEFT JOIN `pine_upload_inventory` `c` ON `c`.`id` = `i`.`upload_inventory_id`
WHERE `c`.`city_id` IN (\'Gurgaon Warehouse\')
ORDER BY `b`.`generated_at` DESC')
 3 SYSTEMPATH\Database\BaseConnection.php(652): CodeIgniter\Database\BaseConnection->simpleQuery('SELECT `b`.*, `i`.`item_name`, `c`.`id` AS `customer_id`, `c`.`customer_name`, `c`.`moving_from`
FROM `pine_store_warehouse_barcodes` `b`
LEFT JOIN `customer_inventory` `i` ON `i`.`id` = `b`.`rack_product_id`
LEFT JOIN `pine_upload_inventory` `c` ON `c`.`id` = `i`.`upload_inventory_id`
WHERE `c`.`city_id` IN (\'Gurgaon Warehouse\')
ORDER BY `b`.`generated_at` DESC')
 4 SYSTEMPATH\Database\BaseBuilder.php(1649): CodeIgniter\Database\BaseConnection->query('SELECT `b`.*, `i`.`item_name`, `c`.`id` AS `customer_id`, `c`.`customer_name`, `c`.`moving_from`
FROM `pine_store_warehouse_barcodes` `b`
LEFT JOIN `customer_inventory` `i` ON `i`.`id` = `b`.`rack_product_id`
LEFT JOIN `pine_upload_inventory` `c` ON `c`.`id` = `i`.`upload_inventory_id`
WHERE `c`.`city_id` IN :c.city_id:
ORDER BY `b`.`generated_at` DESC', [...], false)
 5 APPPATH\Controllers\ManagerLeads.php(101): CodeIgniter\Database\BaseBuilder->get()
 6 SYSTEMPATH\CodeIgniter.php(933): App\Controllers\ManagerLeads->managerBarcodeList()
 7 SYSTEMPATH\CodeIgniter.php(507): CodeIgniter\CodeIgniter->runController(Object(App\Controllers\ManagerLeads))
 8 SYSTEMPATH\CodeIgniter.php(354): CodeIgniter\CodeIgniter->handleRequest(null, Object(Config\Cache), false)
 9 SYSTEMPATH\Boot.php(334): CodeIgniter\CodeIgniter->run()
10 SYSTEMPATH\Boot.php(67): CodeIgniter\Boot::runCodeIgniter(Object(CodeIgniter\CodeIgniter))
11 FCPATH\index.php(56): CodeIgniter\Boot::bootWeb(Object(Config\Paths))
DEBUG - 2025-07-24 18:00:56 --> Session: Class initialized using 'CodeIgniter\Session\Handlers\FileHandler' driver.
DEBUG - 2025-07-24 18:00:57 --> Session: Class initialized using 'CodeIgniter\Session\Handlers\FileHandler' driver.
DEBUG - 2025-07-24 18:01:00 --> Session: Class initialized using 'CodeIgniter\Session\Handlers\FileHandler' driver.
DEBUG - 2025-07-24 18:01:00 --> Session: Class initialized using 'CodeIgniter\Session\Handlers\FileHandler' driver.
DEBUG - 2025-07-24 18:01:01 --> Session: Class initialized using 'CodeIgniter\Session\Handlers\FileHandler' driver.
DEBUG - 2025-07-24 18:01:01 --> Session: Class initialized using 'CodeIgniter\Session\Handlers\FileHandler' driver.
DEBUG - 2025-07-24 18:01:01 --> Session: Class initialized using 'CodeIgniter\Session\Handlers\FileHandler' driver.
DEBUG - 2025-07-24 18:02:26 --> Session: Class initialized using 'CodeIgniter\Session\Handlers\FileHandler' driver.
DEBUG - 2025-07-24 18:02:27 --> Session: Class initialized using 'CodeIgniter\Session\Handlers\FileHandler' driver.
DEBUG - 2025-07-24 18:02:27 --> Session: Class initialized using 'CodeIgniter\Session\Handlers\FileHandler' driver.
DEBUG - 2025-07-24 18:02:28 --> Session: Class initialized using 'CodeIgniter\Session\Handlers\FileHandler' driver.
DEBUG - 2025-07-24 18:02:28 --> Session: Class initialized using 'CodeIgniter\Session\Handlers\FileHandler' driver.
DEBUG - 2025-07-24 18:02:28 --> Session: Class initialized using 'CodeIgniter\Session\Handlers\FileHandler' driver.
DEBUG - 2025-07-24 18:02:28 --> Session: Class initialized using 'CodeIgniter\Session\Handlers\FileHandler' driver.
DEBUG - 2025-07-24 18:02:28 --> Session: Class initialized using 'CodeIgniter\Session\Handlers\FileHandler' driver.
DEBUG - 2025-07-24 18:02:28 --> Session: Class initialized using 'CodeIgniter\Session\Handlers\FileHandler' driver.
DEBUG - 2025-07-24 18:02:28 --> Session: Class initialized using 'CodeIgniter\Session\Handlers\FileHandler' driver.
DEBUG - 2025-07-24 18:02:29 --> Session: Class initialized using 'CodeIgniter\Session\Handlers\FileHandler' driver.
DEBUG - 2025-07-24 18:02:29 --> Session: Class initialized using 'CodeIgniter\Session\Handlers\FileHandler' driver.
DEBUG - 2025-07-24 18:02:29 --> Session: Class initialized using 'CodeIgniter\Session\Handlers\FileHandler' driver.
DEBUG - 2025-07-24 18:03:48 --> Session: Class initialized using 'CodeIgniter\Session\Handlers\FileHandler' driver.
DEBUG - 2025-07-24 18:03:48 --> Session: Class initialized using 'CodeIgniter\Session\Handlers\FileHandler' driver.
DEBUG - 2025-07-24 18:03:48 --> Session: Class initialized using 'CodeIgniter\Session\Handlers\FileHandler' driver.
DEBUG - 2025-07-24 18:03:51 --> Session: Class initialized using 'CodeIgniter\Session\Handlers\FileHandler' driver.
DEBUG - 2025-07-24 18:03:51 --> Session: Class initialized using 'CodeIgniter\Session\Handlers\FileHandler' driver.
DEBUG - 2025-07-24 18:03:52 --> Session: Class initialized using 'CodeIgniter\Session\Handlers\FileHandler' driver.
DEBUG - 2025-07-24 18:03:52 --> Session: Class initialized using 'CodeIgniter\Session\Handlers\FileHandler' driver.
DEBUG - 2025-07-24 18:03:52 --> Session: Class initialized using 'CodeIgniter\Session\Handlers\FileHandler' driver.
DEBUG - 2025-07-24 18:03:55 --> Session: Class initialized using 'CodeIgniter\Session\Handlers\FileHandler' driver.
DEBUG - 2025-07-24 18:03:55 --> Session: Class initialized using 'CodeIgniter\Session\Handlers\FileHandler' driver.
DEBUG - 2025-07-24 18:07:53 --> Session: Class initialized using 'CodeIgniter\Session\Handlers\FileHandler' driver.
DEBUG - 2025-07-24 18:07:53 --> Session: Class initialized using 'CodeIgniter\Session\Handlers\FileHandler' driver.
DEBUG - 2025-07-24 18:07:53 --> Session: Class initialized using 'CodeIgniter\Session\Handlers\FileHandler' driver.
DEBUG - 2025-07-24 18:08:35 --> Session: Class initialized using 'CodeIgniter\Session\Handlers\FileHandler' driver.
DEBUG - 2025-07-24 18:08:36 --> Session: Class initialized using 'CodeIgniter\Session\Handlers\FileHandler' driver.
DEBUG - 2025-07-24 18:08:37 --> Session: Class initialized using 'CodeIgniter\Session\Handlers\FileHandler' driver.
DEBUG - 2025-07-24 18:08:37 --> Session: Class initialized using 'CodeIgniter\Session\Handlers\FileHandler' driver.
DEBUG - 2025-07-24 18:08:38 --> Session: Class initialized using 'CodeIgniter\Session\Handlers\FileHandler' driver.
DEBUG - 2025-07-24 18:08:38 --> Session: Class initialized using 'CodeIgniter\Session\Handlers\FileHandler' driver.
DEBUG - 2025-07-24 18:08:39 --> Session: Class initialized using 'CodeIgniter\Session\Handlers\FileHandler' driver.
DEBUG - 2025-07-24 18:08:39 --> Session: Class initialized using 'CodeIgniter\Session\Handlers\FileHandler' driver.
DEBUG - 2025-07-24 18:08:39 --> Session: Class initialized using 'CodeIgniter\Session\Handlers\FileHandler' driver.
DEBUG - 2025-07-24 18:09:51 --> Session: Class initialized using 'CodeIgniter\Session\Handlers\FileHandler' driver.
DEBUG - 2025-07-24 18:09:51 --> Session: Class initialized using 'CodeIgniter\Session\Handlers\FileHandler' driver.
DEBUG - 2025-07-24 18:11:03 --> Session: Class initialized using 'CodeIgniter\Session\Handlers\FileHandler' driver.
DEBUG - 2025-07-24 18:11:03 --> Session: Class initialized using 'CodeIgniter\Session\Handlers\FileHandler' driver.
DEBUG - 2025-07-24 18:11:03 --> Session: Class initialized using 'CodeIgniter\Session\Handlers\FileHandler' driver.
DEBUG - 2025-07-24 18:13:24 --> Session: Class initialized using 'CodeIgniter\Session\Handlers\FileHandler' driver.
DEBUG - 2025-07-24 18:13:24 --> Session: Class initialized using 'CodeIgniter\Session\Handlers\FileHandler' driver.
DEBUG - 2025-07-24 18:13:26 --> Session: Class initialized using 'CodeIgniter\Session\Handlers\FileHandler' driver.
DEBUG - 2025-07-24 18:13:26 --> Session: Class initialized using 'CodeIgniter\Session\Handlers\FileHandler' driver.
DEBUG - 2025-07-24 18:14:36 --> Session: Class initialized using 'CodeIgniter\Session\Handlers\FileHandler' driver.
DEBUG - 2025-07-24 18:14:37 --> Session: Class initialized using 'CodeIgniter\Session\Handlers\FileHandler' driver.
DEBUG - 2025-07-24 18:14:37 --> Session: Class initialized using 'CodeIgniter\Session\Handlers\FileHandler' driver.
DEBUG - 2025-07-24 18:14:42 --> Session: Class initialized using 'CodeIgniter\Session\Handlers\FileHandler' driver.
DEBUG - 2025-07-24 18:14:42 --> Session: Class initialized using 'CodeIgniter\Session\Handlers\FileHandler' driver.
DEBUG - 2025-07-24 18:14:43 --> Session: Class initialized using 'CodeIgniter\Session\Handlers\FileHandler' driver.
DEBUG - 2025-07-24 18:14:43 --> Session: Class initialized using 'CodeIgniter\Session\Handlers\FileHandler' driver.
DEBUG - 2025-07-24 18:14:44 --> Session: Class initialized using 'CodeIgniter\Session\Handlers\FileHandler' driver.
DEBUG - 2025-07-24 18:14:47 --> Session: Class initialized using 'CodeIgniter\Session\Handlers\FileHandler' driver.
DEBUG - 2025-07-24 18:14:47 --> Session: Class initialized using 'CodeIgniter\Session\Handlers\FileHandler' driver.
DEBUG - 2025-07-24 18:14:50 --> Session: Class initialized using 'CodeIgniter\Session\Handlers\FileHandler' driver.
DEBUG - 2025-07-24 18:14:50 --> Session: Class initialized using 'CodeIgniter\Session\Handlers\FileHandler' driver.
DEBUG - 2025-07-24 18:14:57 --> Session: Class initialized using 'CodeIgniter\Session\Handlers\FileHandler' driver.
DEBUG - 2025-07-24 18:14:57 --> Session: Class initialized using 'CodeIgniter\Session\Handlers\FileHandler' driver.
DEBUG - 2025-07-24 18:15:32 --> Session: Class initialized using 'CodeIgniter\Session\Handlers\FileHandler' driver.
DEBUG - 2025-07-24 18:15:33 --> Session: Class initialized using 'CodeIgniter\Session\Handlers\FileHandler' driver.
DEBUG - 2025-07-24 18:18:24 --> Session: Class initialized using 'CodeIgniter\Session\Handlers\FileHandler' driver.
DEBUG - 2025-07-24 18:18:25 --> Session: Class initialized using 'CodeIgniter\Session\Handlers\FileHandler' driver.
DEBUG - 2025-07-24 18:18:26 --> Session: Class initialized using 'CodeIgniter\Session\Handlers\FileHandler' driver.
DEBUG - 2025-07-24 18:18:26 --> Session: Class initialized using 'CodeIgniter\Session\Handlers\FileHandler' driver.
DEBUG - 2025-07-24 18:18:26 --> Session: Class initialized using 'CodeIgniter\Session\Handlers\FileHandler' driver.
DEBUG - 2025-07-24 18:18:30 --> Session: Class initialized using 'CodeIgniter\Session\Handlers\FileHandler' driver.
DEBUG - 2025-07-24 18:18:30 --> Session: Class initialized using 'CodeIgniter\Session\Handlers\FileHandler' driver.
DEBUG - 2025-07-24 18:18:31 --> Session: Class initialized using 'CodeIgniter\Session\Handlers\FileHandler' driver.
DEBUG - 2025-07-24 18:18:56 --> Session: Class initialized using 'CodeIgniter\Session\Handlers\FileHandler' driver.
DEBUG - 2025-07-24 18:18:56 --> Session: Class initialized using 'CodeIgniter\Session\Handlers\FileHandler' driver.
DEBUG - 2025-07-24 18:25:28 --> Session: Class initialized using 'CodeIgniter\Session\Handlers\FileHandler' driver.
DEBUG - 2025-07-24 18:25:30 --> Session: Class initialized using 'CodeIgniter\Session\Handlers\FileHandler' driver.
DEBUG - 2025-07-24 18:25:30 --> Session: Class initialized using 'CodeIgniter\Session\Handlers\FileHandler' driver.
DEBUG - 2025-07-24 18:25:31 --> Session: Class initialized using 'CodeIgniter\Session\Handlers\FileHandler' driver.
DEBUG - 2025-07-24 18:25:32 --> Session: Class initialized using 'CodeIgniter\Session\Handlers\FileHandler' driver.
DEBUG - 2025-07-24 18:25:32 --> Session: Class initialized using 'CodeIgniter\Session\Handlers\FileHandler' driver.
DEBUG - 2025-07-24 18:25:33 --> Session: Class initialized using 'CodeIgniter\Session\Handlers\FileHandler' driver.
DEBUG - 2025-07-24 18:25:33 --> Session: Class initialized using 'CodeIgniter\Session\Handlers\FileHandler' driver.
DEBUG - 2025-07-24 18:25:36 --> Session: Class initialized using 'CodeIgniter\Session\Handlers\FileHandler' driver.
DEBUG - 2025-07-24 18:25:37 --> Session: Class initialized using 'CodeIgniter\Session\Handlers\FileHandler' driver.
DEBUG - 2025-07-24 18:25:49 --> Session: Class initialized using 'CodeIgniter\Session\Handlers\FileHandler' driver.
DEBUG - 2025-07-24 18:25:49 --> Session: Class initialized using 'CodeIgniter\Session\Handlers\FileHandler' driver.
DEBUG - 2025-07-24 18:25:49 --> Session: Class initialized using 'CodeIgniter\Session\Handlers\FileHandler' driver.
DEBUG - 2025-07-24 18:25:59 --> Session: Class initialized using 'CodeIgniter\Session\Handlers\FileHandler' driver.
DEBUG - 2025-07-24 18:25:59 --> Session: Class initialized using 'CodeIgniter\Session\Handlers\FileHandler' driver.
DEBUG - 2025-07-24 18:26:02 --> Session: Class initialized using 'CodeIgniter\Session\Handlers\FileHandler' driver.
DEBUG - 2025-07-24 18:26:03 --> Session: Class initialized using 'CodeIgniter\Session\Handlers\FileHandler' driver.
DEBUG - 2025-07-24 18:26:03 --> Session: Class initialized using 'CodeIgniter\Session\Handlers\FileHandler' driver.
DEBUG - 2025-07-24 18:27:00 --> Session: Class initialized using 'CodeIgniter\Session\Handlers\FileHandler' driver.
DEBUG - 2025-07-24 18:27:01 --> Session: Class initialized using 'CodeIgniter\Session\Handlers\FileHandler' driver.
DEBUG - 2025-07-24 18:27:02 --> Session: Class initialized using 'CodeIgniter\Session\Handlers\FileHandler' driver.
DEBUG - 2025-07-24 18:27:02 --> Session: Class initialized using 'CodeIgniter\Session\Handlers\FileHandler' driver.
DEBUG - 2025-07-24 18:27:05 --> Session: Class initialized using 'CodeIgniter\Session\Handlers\FileHandler' driver.
DEBUG - 2025-07-24 18:27:05 --> Session: Class initialized using 'CodeIgniter\Session\Handlers\FileHandler' driver.
DEBUG - 2025-07-24 18:27:06 --> Session: Class initialized using 'CodeIgniter\Session\Handlers\FileHandler' driver.
DEBUG - 2025-07-24 18:27:12 --> Session: Class initialized using 'CodeIgniter\Session\Handlers\FileHandler' driver.
DEBUG - 2025-07-24 18:27:12 --> Session: Class initialized using 'CodeIgniter\Session\Handlers\FileHandler' driver.
DEBUG - 2025-07-24 18:27:12 --> Session: Class initialized using 'CodeIgniter\Session\Handlers\FileHandler' driver.
DEBUG - 2025-07-24 18:29:06 --> Session: Class initialized using 'CodeIgniter\Session\Handlers\FileHandler' driver.
DEBUG - 2025-07-24 18:29:07 --> Session: Class initialized using 'CodeIgniter\Session\Handlers\FileHandler' driver.
DEBUG - 2025-07-24 18:29:08 --> Session: Class initialized using 'CodeIgniter\Session\Handlers\FileHandler' driver.
DEBUG - 2025-07-24 18:29:09 --> Session: Class initialized using 'CodeIgniter\Session\Handlers\FileHandler' driver.
DEBUG - 2025-07-24 18:30:05 --> Session: Class initialized using 'CodeIgniter\Session\Handlers\FileHandler' driver.
DEBUG - 2025-07-24 18:30:05 --> Session: Class initialized using 'CodeIgniter\Session\Handlers\FileHandler' driver.
DEBUG - 2025-07-24 18:30:07 --> Session: Class initialized using 'CodeIgniter\Session\Handlers\FileHandler' driver.
DEBUG - 2025-07-24 18:30:07 --> Session: Class initialized using 'CodeIgniter\Session\Handlers\FileHandler' driver.
DEBUG - 2025-07-24 18:33:41 --> Session: Class initialized using 'CodeIgniter\Session\Handlers\FileHandler' driver.
DEBUG - 2025-07-24 18:33:41 --> Session: Class initialized using 'CodeIgniter\Session\Handlers\FileHandler' driver.
DEBUG - 2025-07-24 18:33:41 --> Session: Class initialized using 'CodeIgniter\Session\Handlers\FileHandler' driver.
DEBUG - 2025-07-24 18:33:45 --> Session: Class initialized using 'CodeIgniter\Session\Handlers\FileHandler' driver.
DEBUG - 2025-07-24 18:33:45 --> Session: Class initialized using 'CodeIgniter\Session\Handlers\FileHandler' driver.
DEBUG - 2025-07-24 18:43:32 --> Session: Class initialized using 'CodeIgniter\Session\Handlers\FileHandler' driver.
DEBUG - 2025-07-24 18:43:32 --> Session: Class initialized using 'CodeIgniter\Session\Handlers\FileHandler' driver.
DEBUG - 2025-07-24 18:43:32 --> Session: Class initialized using 'CodeIgniter\Session\Handlers\FileHandler' driver.
DEBUG - 2025-07-24 18:43:35 --> Session: Class initialized using 'CodeIgniter\Session\Handlers\FileHandler' driver.
DEBUG - 2025-07-24 18:43:35 --> Session: Class initialized using 'CodeIgniter\Session\Handlers\FileHandler' driver.
DEBUG - 2025-07-24 18:43:37 --> Session: Class initialized using 'CodeIgniter\Session\Handlers\FileHandler' driver.
DEBUG - 2025-07-24 18:43:38 --> Session: Class initialized using 'CodeIgniter\Session\Handlers\FileHandler' driver.
DEBUG - 2025-07-24 18:43:38 --> Session: Class initialized using 'CodeIgniter\Session\Handlers\FileHandler' driver.
DEBUG - 2025-07-24 18:59:11 --> Session: Class initialized using 'CodeIgniter\Session\Handlers\FileHandler' driver.
DEBUG - 2025-07-24 18:59:13 --> Session: Class initialized using 'CodeIgniter\Session\Handlers\FileHandler' driver.
DEBUG - 2025-07-24 18:59:13 --> Session: Class initialized using 'CodeIgniter\Session\Handlers\FileHandler' driver.
DEBUG - 2025-07-24 18:59:14 --> Session: Class initialized using 'CodeIgniter\Session\Handlers\FileHandler' driver.
DEBUG - 2025-07-24 18:59:53 --> Session: Class initialized using 'CodeIgniter\Session\Handlers\FileHandler' driver.
DEBUG - 2025-07-24 18:59:53 --> Session: Class initialized using 'CodeIgniter\Session\Handlers\FileHandler' driver.
DEBUG - 2025-07-24 19:00:06 --> Session: Class initialized using 'CodeIgniter\Session\Handlers\FileHandler' driver.
DEBUG - 2025-07-24 19:00:06 --> Session: Class initialized using 'CodeIgniter\Session\Handlers\FileHandler' driver.
DEBUG - 2025-07-24 19:03:22 --> Session: Class initialized using 'CodeIgniter\Session\Handlers\FileHandler' driver.
DEBUG - 2025-07-24 19:03:23 --> Session: Class initialized using 'CodeIgniter\Session\Handlers\FileHandler' driver.
DEBUG - 2025-07-24 19:03:28 --> Session: Class initialized using 'CodeIgniter\Session\Handlers\FileHandler' driver.
DEBUG - 2025-07-24 19:03:29 --> Session: Class initialized using 'CodeIgniter\Session\Handlers\FileHandler' driver.
DEBUG - 2025-07-24 19:05:46 --> Session: Class initialized using 'CodeIgniter\Session\Handlers\FileHandler' driver.
DEBUG - 2025-07-24 19:05:48 --> Session: Class initialized using 'CodeIgniter\Session\Handlers\FileHandler' driver.
DEBUG - 2025-07-24 19:06:14 --> Session: Class initialized using 'CodeIgniter\Session\Handlers\FileHandler' driver.
DEBUG - 2025-07-24 19:06:15 --> Session: Class initialized using 'CodeIgniter\Session\Handlers\FileHandler' driver.
DEBUG - 2025-07-24 19:06:21 --> Session: Class initialized using 'CodeIgniter\Session\Handlers\FileHandler' driver.
DEBUG - 2025-07-24 19:06:21 --> Session: Class initialized using 'CodeIgniter\Session\Handlers\FileHandler' driver.
DEBUG - 2025-07-24 19:06:29 --> Session: Class initialized using 'CodeIgniter\Session\Handlers\FileHandler' driver.
DEBUG - 2025-07-24 19:06:29 --> Session: Class initialized using 'CodeIgniter\Session\Handlers\FileHandler' driver.
DEBUG - 2025-07-24 19:07:00 --> Session: Class initialized using 'CodeIgniter\Session\Handlers\FileHandler' driver.
DEBUG - 2025-07-24 19:07:01 --> Session: Class initialized using 'CodeIgniter\Session\Handlers\FileHandler' driver.
DEBUG - 2025-07-24 19:07:10 --> Session: Class initialized using 'CodeIgniter\Session\Handlers\FileHandler' driver.
DEBUG - 2025-07-24 19:07:11 --> Session: Class initialized using 'CodeIgniter\Session\Handlers\FileHandler' driver.
DEBUG - 2025-07-24 19:07:20 --> Session: Class initialized using 'CodeIgniter\Session\Handlers\FileHandler' driver.
DEBUG - 2025-07-24 19:07:20 --> Session: Class initialized using 'CodeIgniter\Session\Handlers\FileHandler' driver.
DEBUG - 2025-07-24 19:07:27 --> Session: Class initialized using 'CodeIgniter\Session\Handlers\FileHandler' driver.
DEBUG - 2025-07-24 19:07:27 --> Session: Class initialized using 'CodeIgniter\Session\Handlers\FileHandler' driver.
DEBUG - 2025-07-24 19:07:27 --> Session: Class initialized using 'CodeIgniter\Session\Handlers\FileHandler' driver.
DEBUG - 2025-07-24 19:07:27 --> Session: Class initialized using 'CodeIgniter\Session\Handlers\FileHandler' driver.
DEBUG - 2025-07-24 19:07:27 --> Session: Class initialized using 'CodeIgniter\Session\Handlers\FileHandler' driver.
DEBUG - 2025-07-24 19:07:27 --> Session: Class initialized using 'CodeIgniter\Session\Handlers\FileHandler' driver.
DEBUG - 2025-07-24 19:07:28 --> Session: Class initialized using 'CodeIgniter\Session\Handlers\FileHandler' driver.
DEBUG - 2025-07-24 19:07:29 --> Session: Class initialized using 'CodeIgniter\Session\Handlers\FileHandler' driver.
DEBUG - 2025-07-24 19:07:29 --> Session: Class initialized using 'CodeIgniter\Session\Handlers\FileHandler' driver.
DEBUG - 2025-07-24 19:07:29 --> Session: Class initialized using 'CodeIgniter\Session\Handlers\FileHandler' driver.
DEBUG - 2025-07-24 19:07:29 --> Session: Class initialized using 'CodeIgniter\Session\Handlers\FileHandler' driver.
DEBUG - 2025-07-24 19:07:29 --> Session: Class initialized using 'CodeIgniter\Session\Handlers\FileHandler' driver.
DEBUG - 2025-07-24 19:08:35 --> Session: Class initialized using 'CodeIgniter\Session\Handlers\FileHandler' driver.
DEBUG - 2025-07-24 19:08:36 --> Session: Class initialized using 'CodeIgniter\Session\Handlers\FileHandler' driver.
DEBUG - 2025-07-24 19:08:45 --> Session: Class initialized using 'CodeIgniter\Session\Handlers\FileHandler' driver.
DEBUG - 2025-07-24 19:08:45 --> Session: Class initialized using 'CodeIgniter\Session\Handlers\FileHandler' driver.
DEBUG - 2025-07-24 19:08:49 --> Session: Class initialized using 'CodeIgniter\Session\Handlers\FileHandler' driver.
DEBUG - 2025-07-24 19:08:51 --> Session: Class initialized using 'CodeIgniter\Session\Handlers\FileHandler' driver.
DEBUG - 2025-07-24 19:08:51 --> Session: Class initialized using 'CodeIgniter\Session\Handlers\FileHandler' driver.
DEBUG - 2025-07-24 19:08:51 --> Session: Class initialized using 'CodeIgniter\Session\Handlers\FileHandler' driver.
DEBUG - 2025-07-24 19:08:52 --> Session: Class initialized using 'CodeIgniter\Session\Handlers\FileHandler' driver.
DEBUG - 2025-07-24 19:09:06 --> Session: Class initialized using 'CodeIgniter\Session\Handlers\FileHandler' driver.
DEBUG - 2025-07-24 19:09:06 --> Session: Class initialized using 'CodeIgniter\Session\Handlers\FileHandler' driver.
DEBUG - 2025-07-24 19:09:26 --> Session: Class initialized using 'CodeIgniter\Session\Handlers\FileHandler' driver.
DEBUG - 2025-07-24 19:09:26 --> Session: Class initialized using 'CodeIgniter\Session\Handlers\FileHandler' driver.
DEBUG - 2025-07-24 19:09:42 --> Session: Class initialized using 'CodeIgniter\Session\Handlers\FileHandler' driver.
DEBUG - 2025-07-24 19:10:06 --> Session: Class initialized using 'CodeIgniter\Session\Handlers\FileHandler' driver.
DEBUG - 2025-07-24 19:10:06 --> Session: Class initialized using 'CodeIgniter\Session\Handlers\FileHandler' driver.
DEBUG - 2025-07-24 19:12:30 --> Session: Class initialized using 'CodeIgniter\Session\Handlers\FileHandler' driver.
DEBUG - 2025-07-24 19:12:30 --> Session: Class initialized using 'CodeIgniter\Session\Handlers\FileHandler' driver.
DEBUG - 2025-07-24 19:13:02 --> Session: Class initialized using 'CodeIgniter\Session\Handlers\FileHandler' driver.
DEBUG - 2025-07-24 19:13:02 --> Session: Class initialized using 'CodeIgniter\Session\Handlers\FileHandler' driver.
DEBUG - 2025-07-24 19:13:04 --> Session: Class initialized using 'CodeIgniter\Session\Handlers\FileHandler' driver.
DEBUG - 2025-07-24 19:13:04 --> Session: Class initialized using 'CodeIgniter\Session\Handlers\FileHandler' driver.
DEBUG - 2025-07-24 19:21:33 --> Session: Class initialized using 'CodeIgniter\Session\Handlers\FileHandler' driver.
DEBUG - 2025-07-24 19:21:34 --> Session: Class initialized using 'CodeIgniter\Session\Handlers\FileHandler' driver.
DEBUG - 2025-07-24 19:21:40 --> Session: Class initialized using 'CodeIgniter\Session\Handlers\FileHandler' driver.
DEBUG - 2025-07-24 19:21:41 --> Session: Class initialized using 'CodeIgniter\Session\Handlers\FileHandler' driver.
DEBUG - 2025-07-24 19:21:46 --> Session: Class initialized using 'CodeIgniter\Session\Handlers\FileHandler' driver.
DEBUG - 2025-07-24 19:21:46 --> Session: Class initialized using 'CodeIgniter\Session\Handlers\FileHandler' driver.
DEBUG - 2025-07-24 19:21:50 --> Session: Class initialized using 'CodeIgniter\Session\Handlers\FileHandler' driver.
DEBUG - 2025-07-24 19:21:50 --> Session: Class initialized using 'CodeIgniter\Session\Handlers\FileHandler' driver.
ERROR - 2025-07-24 19:22:04 --> mysqli_sql_exception: Duplicate entry 'mumbai' for key 'city_name' in C:\xampp\htdocs\pinestore\system\Database\MySQLi\Connection.php:327
Stack trace:
#0 C:\xampp\htdocs\pinestore\system\Database\MySQLi\Connection.php(327): mysqli->query('INSERT INTO `ci...', 0)
#1 C:\xampp\htdocs\pinestore\system\Database\BaseConnection.php(738): CodeIgniter\Database\MySQLi\Connection->execute('INSERT INTO `ci...')
#2 C:\xampp\htdocs\pinestore\system\Database\BaseConnection.php(652): CodeIgniter\Database\BaseConnection->simpleQuery('INSERT INTO `ci...')
#3 C:\xampp\htdocs\pinestore\system\Database\BaseBuilder.php(2345): CodeIgniter\Database\BaseConnection->query('INSERT INTO `ci...', Array, false)
#4 C:\xampp\htdocs\pinestore\system\Model.php(394): CodeIgniter\Database\BaseBuilder->insert()
#5 C:\xampp\htdocs\pinestore\system\BaseModel.php(839): CodeIgniter\Model->doInsert(Array)
#6 C:\xampp\htdocs\pinestore\system\Model.php(800): CodeIgniter\BaseModel->insert(Array, true)
#7 C:\xampp\htdocs\pinestore\app\Controllers\WarehouseController.php(54): CodeIgniter\Model->insert(Array)
#8 C:\xampp\htdocs\pinestore\system\CodeIgniter.php(933): App\Controllers\WarehouseController->store()
#9 C:\xampp\htdocs\pinestore\system\CodeIgniter.php(507): CodeIgniter\CodeIgniter->runController(Object(App\Controllers\WarehouseController))
#10 C:\xampp\htdocs\pinestore\system\CodeIgniter.php(354): CodeIgniter\CodeIgniter->handleRequest(NULL, Object(Config\Cache), false)
#11 C:\xampp\htdocs\pinestore\system\Boot.php(334): CodeIgniter\CodeIgniter->run()
#12 C:\xampp\htdocs\pinestore\system\Boot.php(67): CodeIgniter\Boot::runCodeIgniter(Object(CodeIgniter\CodeIgniter))
#13 C:\xampp\htdocs\pinestore\index.php(56): CodeIgniter\Boot::bootWeb(Object(Config\Paths))
#14 {main}
CRITICAL - 2025-07-24 19:22:04 --> CodeIgniter\Database\Exceptions\DatabaseException: Duplicate entry 'mumbai' for key 'city_name'
[Method: POST, Route: warehouse/store]
in SYSTEMPATH\Database\BaseConnection.php on line 692.
 1 SYSTEMPATH\Database\BaseBuilder.php(2345): CodeIgniter\Database\BaseConnection->query('INSERT INTO `cities` (`city_name`, `slug`, `contact_number`, `email`) VALUES (:city_name:, :slug:, :contact_number:, :email:)', [...], false)
 2 SYSTEMPATH\Model.php(394): CodeIgniter\Database\BaseBuilder->insert()
 3 SYSTEMPATH\BaseModel.php(839): CodeIgniter\Model->doInsert([...])
 4 SYSTEMPATH\Model.php(800): CodeIgniter\BaseModel->insert([...], true)
 5 APPPATH\Controllers\WarehouseController.php(54): CodeIgniter\Model->insert([...])
 6 SYSTEMPATH\CodeIgniter.php(933): App\Controllers\WarehouseController->store()
 7 SYSTEMPATH\CodeIgniter.php(507): CodeIgniter\CodeIgniter->runController(Object(App\Controllers\WarehouseController))
 8 SYSTEMPATH\CodeIgniter.php(354): CodeIgniter\CodeIgniter->handleRequest(null, Object(Config\Cache), false)
 9 SYSTEMPATH\Boot.php(334): CodeIgniter\CodeIgniter->run()
10 SYSTEMPATH\Boot.php(67): CodeIgniter\Boot::runCodeIgniter(Object(CodeIgniter\CodeIgniter))
11 FCPATH\index.php(56): CodeIgniter\Boot::bootWeb(Object(Config\Paths))
CRITICAL - 2025-07-24 19:22:04 --> [Caused by] CodeIgniter\Database\Exceptions\DatabaseException: Duplicate entry 'mumbai' for key 'city_name'
in SYSTEMPATH\Database\MySQLi\Connection.php on line 332.
 1 SYSTEMPATH\Database\BaseConnection.php(738): CodeIgniter\Database\MySQLi\Connection->execute('INSERT INTO `cities` (`city_name`, `slug`, `contact_number`, `email`) VALUES (\'mumbai\', \'mumbai\', \'7558578967\', \'vaibhavpan7558@gmail.com\')')
 2 SYSTEMPATH\Database\BaseConnection.php(652): CodeIgniter\Database\BaseConnection->simpleQuery('INSERT INTO `cities` (`city_name`, `slug`, `contact_number`, `email`) VALUES (\'mumbai\', \'mumbai\', \'7558578967\', \'vaibhavpan7558@gmail.com\')')
 3 SYSTEMPATH\Database\BaseBuilder.php(2345): CodeIgniter\Database\BaseConnection->query('INSERT INTO `cities` (`city_name`, `slug`, `contact_number`, `email`) VALUES (:city_name:, :slug:, :contact_number:, :email:)', [...], false)
 4 SYSTEMPATH\Model.php(394): CodeIgniter\Database\BaseBuilder->insert()
 5 SYSTEMPATH\BaseModel.php(839): CodeIgniter\Model->doInsert([...])
 6 SYSTEMPATH\Model.php(800): CodeIgniter\BaseModel->insert([...], true)
 7 APPPATH\Controllers\WarehouseController.php(54): CodeIgniter\Model->insert([...])
 8 SYSTEMPATH\CodeIgniter.php(933): App\Controllers\WarehouseController->store()
 9 SYSTEMPATH\CodeIgniter.php(507): CodeIgniter\CodeIgniter->runController(Object(App\Controllers\WarehouseController))
10 SYSTEMPATH\CodeIgniter.php(354): CodeIgniter\CodeIgniter->handleRequest(null, Object(Config\Cache), false)
11 SYSTEMPATH\Boot.php(334): CodeIgniter\CodeIgniter->run()
12 SYSTEMPATH\Boot.php(67): CodeIgniter\Boot::runCodeIgniter(Object(CodeIgniter\CodeIgniter))
13 FCPATH\index.php(56): CodeIgniter\Boot::bootWeb(Object(Config\Paths))
CRITICAL - 2025-07-24 19:22:04 --> [Caused by] mysqli_sql_exception: Duplicate entry 'mumbai' for key 'city_name'
in SYSTEMPATH\Database\MySQLi\Connection.php on line 327.
 1 SYSTEMPATH\Database\MySQLi\Connection.php(327): mysqli->query('INSERT INTO `cities` (`city_name`, `slug`, `contact_number`, `email`) VALUES (\'mumbai\', \'mumbai\', \'7558578967\', \'vaibhavpan7558@gmail.com\')', 0)
 2 SYSTEMPATH\Database\BaseConnection.php(738): CodeIgniter\Database\MySQLi\Connection->execute('INSERT INTO `cities` (`city_name`, `slug`, `contact_number`, `email`) VALUES (\'mumbai\', \'mumbai\', \'7558578967\', \'vaibhavpan7558@gmail.com\')')
 3 SYSTEMPATH\Database\BaseConnection.php(652): CodeIgniter\Database\BaseConnection->simpleQuery('INSERT INTO `cities` (`city_name`, `slug`, `contact_number`, `email`) VALUES (\'mumbai\', \'mumbai\', \'7558578967\', \'vaibhavpan7558@gmail.com\')')
 4 SYSTEMPATH\Database\BaseBuilder.php(2345): CodeIgniter\Database\BaseConnection->query('INSERT INTO `cities` (`city_name`, `slug`, `contact_number`, `email`) VALUES (:city_name:, :slug:, :contact_number:, :email:)', [...], false)
 5 SYSTEMPATH\Model.php(394): CodeIgniter\Database\BaseBuilder->insert()
 6 SYSTEMPATH\BaseModel.php(839): CodeIgniter\Model->doInsert([...])
 7 SYSTEMPATH\Model.php(800): CodeIgniter\BaseModel->insert([...], true)
 8 APPPATH\Controllers\WarehouseController.php(54): CodeIgniter\Model->insert([...])
 9 SYSTEMPATH\CodeIgniter.php(933): App\Controllers\WarehouseController->store()
10 SYSTEMPATH\CodeIgniter.php(507): CodeIgniter\CodeIgniter->runController(Object(App\Controllers\WarehouseController))
11 SYSTEMPATH\CodeIgniter.php(354): CodeIgniter\CodeIgniter->handleRequest(null, Object(Config\Cache), false)
12 SYSTEMPATH\Boot.php(334): CodeIgniter\CodeIgniter->run()
13 SYSTEMPATH\Boot.php(67): CodeIgniter\Boot::runCodeIgniter(Object(CodeIgniter\CodeIgniter))
14 FCPATH\index.php(56): CodeIgniter\Boot::bootWeb(Object(Config\Paths))
DEBUG - 2025-07-24 19:22:07 --> Session: Class initialized using 'CodeIgniter\Session\Handlers\FileHandler' driver.
DEBUG - 2025-07-24 19:22:07 --> Session: Class initialized using 'CodeIgniter\Session\Handlers\FileHandler' driver.
DEBUG - 2025-07-24 19:22:18 --> Session: Class initialized using 'CodeIgniter\Session\Handlers\FileHandler' driver.
DEBUG - 2025-07-24 19:22:18 --> Session: Class initialized using 'CodeIgniter\Session\Handlers\FileHandler' driver.
DEBUG - 2025-07-24 19:22:18 --> Session: Class initialized using 'CodeIgniter\Session\Handlers\FileHandler' driver.
DEBUG - 2025-07-24 19:22:35 --> Session: Class initialized using 'CodeIgniter\Session\Handlers\FileHandler' driver.
DEBUG - 2025-07-24 19:22:35 --> Session: Class initialized using 'CodeIgniter\Session\Handlers\FileHandler' driver.
DEBUG - 2025-07-24 19:22:44 --> Session: Class initialized using 'CodeIgniter\Session\Handlers\FileHandler' driver.
DEBUG - 2025-07-24 19:22:44 --> Session: Class initialized using 'CodeIgniter\Session\Handlers\FileHandler' driver.
DEBUG - 2025-07-24 19:22:45 --> Session: Class initialized using 'CodeIgniter\Session\Handlers\FileHandler' driver.
DEBUG - 2025-07-24 19:22:59 --> Session: Class initialized using 'CodeIgniter\Session\Handlers\FileHandler' driver.
DEBUG - 2025-07-24 19:22:59 --> Session: Class initialized using 'CodeIgniter\Session\Handlers\FileHandler' driver.
DEBUG - 2025-07-24 19:23:04 --> Session: Class initialized using 'CodeIgniter\Session\Handlers\FileHandler' driver.
DEBUG - 2025-07-24 19:23:04 --> Session: Class initialized using 'CodeIgniter\Session\Handlers\FileHandler' driver.
DEBUG - 2025-07-24 19:23:04 --> Session: Class initialized using 'CodeIgniter\Session\Handlers\FileHandler' driver.
DEBUG - 2025-07-24 19:25:17 --> Session: Class initialized using 'CodeIgniter\Session\Handlers\FileHandler' driver.
DEBUG - 2025-07-24 19:25:18 --> Session: Class initialized using 'CodeIgniter\Session\Handlers\FileHandler' driver.
DEBUG - 2025-07-24 19:25:54 --> Session: Class initialized using 'CodeIgniter\Session\Handlers\FileHandler' driver.
DEBUG - 2025-07-24 19:25:54 --> Session: Class initialized using 'CodeIgniter\Session\Handlers\FileHandler' driver.
DEBUG - 2025-07-24 19:25:56 --> Session: Class initialized using 'CodeIgniter\Session\Handlers\FileHandler' driver.
DEBUG - 2025-07-24 19:25:56 --> Session: Class initialized using 'CodeIgniter\Session\Handlers\FileHandler' driver.
DEBUG - 2025-07-24 19:25:57 --> Session: Class initialized using 'CodeIgniter\Session\Handlers\FileHandler' driver.
DEBUG - 2025-07-24 19:25:58 --> Session: Class initialized using 'CodeIgniter\Session\Handlers\FileHandler' driver.
DEBUG - 2025-07-24 19:27:06 --> Session: Class initialized using 'CodeIgniter\Session\Handlers\FileHandler' driver.
DEBUG - 2025-07-24 19:27:06 --> Session: Class initialized using 'CodeIgniter\Session\Handlers\FileHandler' driver.
DEBUG - 2025-07-24 19:27:07 --> Session: Class initialized using 'CodeIgniter\Session\Handlers\FileHandler' driver.
DEBUG - 2025-07-24 19:27:08 --> Session: Class initialized using 'CodeIgniter\Session\Handlers\FileHandler' driver.
DEBUG - 2025-07-24 19:27:14 --> Session: Class initialized using 'CodeIgniter\Session\Handlers\FileHandler' driver.
DEBUG - 2025-07-24 19:27:15 --> Session: Class initialized using 'CodeIgniter\Session\Handlers\FileHandler' driver.
DEBUG - 2025-07-24 19:27:21 --> Session: Class initialized using 'CodeIgniter\Session\Handlers\FileHandler' driver.
DEBUG - 2025-07-24 19:27:21 --> Session: Class initialized using 'CodeIgniter\Session\Handlers\FileHandler' driver.
DEBUG - 2025-07-24 19:27:26 --> Session: Class initialized using 'CodeIgniter\Session\Handlers\FileHandler' driver.
DEBUG - 2025-07-24 19:27:26 --> Session: Class initialized using 'CodeIgniter\Session\Handlers\FileHandler' driver.
DEBUG - 2025-07-24 19:27:28 --> Session: Class initialized using 'CodeIgniter\Session\Handlers\FileHandler' driver.
DEBUG - 2025-07-24 19:27:28 --> Session: Class initialized using 'CodeIgniter\Session\Handlers\FileHandler' driver.
DEBUG - 2025-07-24 19:27:36 --> Session: Class initialized using 'CodeIgniter\Session\Handlers\FileHandler' driver.
DEBUG - 2025-07-24 19:27:36 --> Session: Class initialized using 'CodeIgniter\Session\Handlers\FileHandler' driver.
DEBUG - 2025-07-24 19:27:37 --> Session: Class initialized using 'CodeIgniter\Session\Handlers\FileHandler' driver.
DEBUG - 2025-07-24 19:27:43 --> Session: Class initialized using 'CodeIgniter\Session\Handlers\FileHandler' driver.
DEBUG - 2025-07-24 19:27:44 --> Session: Class initialized using 'CodeIgniter\Session\Handlers\FileHandler' driver.
DEBUG - 2025-07-24 19:27:57 --> Session: Class initialized using 'CodeIgniter\Session\Handlers\FileHandler' driver.
DEBUG - 2025-07-24 19:27:58 --> Session: Class initialized using 'CodeIgniter\Session\Handlers\FileHandler' driver.
DEBUG - 2025-07-24 19:28:28 --> Session: Class initialized using 'CodeIgniter\Session\Handlers\FileHandler' driver.
DEBUG - 2025-07-24 19:28:29 --> Session: Class initialized using 'CodeIgniter\Session\Handlers\FileHandler' driver.
DEBUG - 2025-07-24 19:28:30 --> Session: Class initialized using 'CodeIgniter\Session\Handlers\FileHandler' driver.
DEBUG - 2025-07-24 19:28:30 --> Session: Class initialized using 'CodeIgniter\Session\Handlers\FileHandler' driver.
DEBUG - 2025-07-24 19:28:33 --> Session: Class initialized using 'CodeIgniter\Session\Handlers\FileHandler' driver.
DEBUG - 2025-07-24 19:28:33 --> Session: Class initialized using 'CodeIgniter\Session\Handlers\FileHandler' driver.
DEBUG - 2025-07-24 19:28:34 --> Session: Class initialized using 'CodeIgniter\Session\Handlers\FileHandler' driver.
DEBUG - 2025-07-24 19:28:34 --> Session: Class initialized using 'CodeIgniter\Session\Handlers\FileHandler' driver.
DEBUG - 2025-07-24 19:28:37 --> Session: Class initialized using 'CodeIgniter\Session\Handlers\FileHandler' driver.
DEBUG - 2025-07-24 19:28:37 --> Session: Class initialized using 'CodeIgniter\Session\Handlers\FileHandler' driver.
DEBUG - 2025-07-24 19:28:39 --> Session: Class initialized using 'CodeIgniter\Session\Handlers\FileHandler' driver.
DEBUG - 2025-07-24 19:28:39 --> Session: Class initialized using 'CodeIgniter\Session\Handlers\FileHandler' driver.
DEBUG - 2025-07-24 19:28:41 --> Session: Class initialized using 'CodeIgniter\Session\Handlers\FileHandler' driver.
DEBUG - 2025-07-24 19:28:41 --> Session: Class initialized using 'CodeIgniter\Session\Handlers\FileHandler' driver.
DEBUG - 2025-07-24 19:28:44 --> Session: Class initialized using 'CodeIgniter\Session\Handlers\FileHandler' driver.
DEBUG - 2025-07-24 19:28:44 --> Session: Class initialized using 'CodeIgniter\Session\Handlers\FileHandler' driver.
DEBUG - 2025-07-24 19:28:50 --> Session: Class initialized using 'CodeIgniter\Session\Handlers\FileHandler' driver.
DEBUG - 2025-07-24 19:28:50 --> Session: Class initialized using 'CodeIgniter\Session\Handlers\FileHandler' driver.
DEBUG - 2025-07-24 19:28:55 --> Session: Class initialized using 'CodeIgniter\Session\Handlers\FileHandler' driver.
DEBUG - 2025-07-24 19:28:55 --> Session: Class initialized using 'CodeIgniter\Session\Handlers\FileHandler' driver.
DEBUG - 2025-07-24 19:28:59 --> Session: Class initialized using 'CodeIgniter\Session\Handlers\FileHandler' driver.
DEBUG - 2025-07-24 19:29:00 --> Session: Class initialized using 'CodeIgniter\Session\Handlers\FileHandler' driver.
DEBUG - 2025-07-24 19:29:02 --> Session: Class initialized using 'CodeIgniter\Session\Handlers\FileHandler' driver.
DEBUG - 2025-07-24 19:29:03 --> Session: Class initialized using 'CodeIgniter\Session\Handlers\FileHandler' driver.
DEBUG - 2025-07-24 19:29:10 --> Session: Class initialized using 'CodeIgniter\Session\Handlers\FileHandler' driver.
DEBUG - 2025-07-24 19:29:10 --> Session: Class initialized using 'CodeIgniter\Session\Handlers\FileHandler' driver.
DEBUG - 2025-07-24 19:29:18 --> Session: Class initialized using 'CodeIgniter\Session\Handlers\FileHandler' driver.
DEBUG - 2025-07-24 19:29:18 --> Session: Class initialized using 'CodeIgniter\Session\Handlers\FileHandler' driver.
DEBUG - 2025-07-24 19:29:20 --> Session: Class initialized using 'CodeIgniter\Session\Handlers\FileHandler' driver.
DEBUG - 2025-07-24 19:29:21 --> Session: Class initialized using 'CodeIgniter\Session\Handlers\FileHandler' driver.
DEBUG - 2025-07-24 19:29:25 --> Session: Class initialized using 'CodeIgniter\Session\Handlers\FileHandler' driver.
DEBUG - 2025-07-24 19:29:26 --> Session: Class initialized using 'CodeIgniter\Session\Handlers\FileHandler' driver.
DEBUG - 2025-07-24 19:29:26 --> Session: Class initialized using 'CodeIgniter\Session\Handlers\FileHandler' driver.
DEBUG - 2025-07-24 19:29:26 --> Session: Class initialized using 'CodeIgniter\Session\Handlers\FileHandler' driver.
DEBUG - 2025-07-24 19:29:27 --> Session: Class initialized using 'CodeIgniter\Session\Handlers\FileHandler' driver.
DEBUG - 2025-07-24 19:29:27 --> Session: Class initialized using 'CodeIgniter\Session\Handlers\FileHandler' driver.
DEBUG - 2025-07-24 19:29:30 --> Session: Class initialized using 'CodeIgniter\Session\Handlers\FileHandler' driver.
DEBUG - 2025-07-24 19:29:30 --> Session: Class initialized using 'CodeIgniter\Session\Handlers\FileHandler' driver.
DEBUG - 2025-07-24 19:29:55 --> Session: Class initialized using 'CodeIgniter\Session\Handlers\FileHandler' driver.
DEBUG - 2025-07-24 19:29:56 --> Session: Class initialized using 'CodeIgniter\Session\Handlers\FileHandler' driver.
DEBUG - 2025-07-24 19:29:56 --> Session: Class initialized using 'CodeIgniter\Session\Handlers\FileHandler' driver.
DEBUG - 2025-07-24 19:29:57 --> Session: Class initialized using 'CodeIgniter\Session\Handlers\FileHandler' driver.
DEBUG - 2025-07-24 19:29:58 --> Session: Class initialized using 'CodeIgniter\Session\Handlers\FileHandler' driver.
DEBUG - 2025-07-24 19:29:58 --> Session: Class initialized using 'CodeIgniter\Session\Handlers\FileHandler' driver.
DEBUG - 2025-07-24 19:30:00 --> Session: Class initialized using 'CodeIgniter\Session\Handlers\FileHandler' driver.
DEBUG - 2025-07-24 19:30:00 --> Session: Class initialized using 'CodeIgniter\Session\Handlers\FileHandler' driver.
DEBUG - 2025-07-24 19:30:02 --> Session: Class initialized using 'CodeIgniter\Session\Handlers\FileHandler' driver.
DEBUG - 2025-07-24 19:30:02 --> Session: Class initialized using 'CodeIgniter\Session\Handlers\FileHandler' driver.
DEBUG - 2025-07-24 19:30:10 --> Session: Class initialized using 'CodeIgniter\Session\Handlers\FileHandler' driver.
DEBUG - 2025-07-24 19:30:10 --> Session: Class initialized using 'CodeIgniter\Session\Handlers\FileHandler' driver.
DEBUG - 2025-07-24 19:36:41 --> Session: Class initialized using 'CodeIgniter\Session\Handlers\FileHandler' driver.
DEBUG - 2025-07-24 19:36:42 --> Session: Class initialized using 'CodeIgniter\Session\Handlers\FileHandler' driver.
DEBUG - 2025-07-24 19:36:45 --> Session: Class initialized using 'CodeIgniter\Session\Handlers\FileHandler' driver.
DEBUG - 2025-07-24 19:36:46 --> Session: Class initialized using 'CodeIgniter\Session\Handlers\FileHandler' driver.
DEBUG - 2025-07-24 19:36:48 --> Session: Class initialized using 'CodeIgniter\Session\Handlers\FileHandler' driver.
DEBUG - 2025-07-24 19:36:48 --> Session: Class initialized using 'CodeIgniter\Session\Handlers\FileHandler' driver.
DEBUG - 2025-07-24 19:37:12 --> Session: Class initialized using 'CodeIgniter\Session\Handlers\FileHandler' driver.
DEBUG - 2025-07-24 19:37:12 --> Session: Class initialized using 'CodeIgniter\Session\Handlers\FileHandler' driver.
DEBUG - 2025-07-24 19:38:20 --> Session: Class initialized using 'CodeIgniter\Session\Handlers\FileHandler' driver.
DEBUG - 2025-07-24 19:38:20 --> Session: Class initialized using 'CodeIgniter\Session\Handlers\FileHandler' driver.
DEBUG - 2025-07-24 19:38:22 --> Session: Class initialized using 'CodeIgniter\Session\Handlers\FileHandler' driver.
DEBUG - 2025-07-24 19:38:23 --> Session: Class initialized using 'CodeIgniter\Session\Handlers\FileHandler' driver.
DEBUG - 2025-07-24 19:38:24 --> Session: Class initialized using 'CodeIgniter\Session\Handlers\FileHandler' driver.
DEBUG - 2025-07-24 19:38:24 --> Session: Class initialized using 'CodeIgniter\Session\Handlers\FileHandler' driver.
DEBUG - 2025-07-24 19:38:25 --> Session: Class initialized using 'CodeIgniter\Session\Handlers\FileHandler' driver.
DEBUG - 2025-07-24 19:38:25 --> Session: Class initialized using 'CodeIgniter\Session\Handlers\FileHandler' driver.
DEBUG - 2025-07-24 19:38:25 --> Session: Class initialized using 'CodeIgniter\Session\Handlers\FileHandler' driver.
DEBUG - 2025-07-24 19:38:26 --> Session: Class initialized using 'CodeIgniter\Session\Handlers\FileHandler' driver.
DEBUG - 2025-07-24 19:38:27 --> Session: Class initialized using 'CodeIgniter\Session\Handlers\FileHandler' driver.
DEBUG - 2025-07-24 19:38:27 --> Session: Class initialized using 'CodeIgniter\Session\Handlers\FileHandler' driver.
DEBUG - 2025-07-24 19:38:39 --> Session: Class initialized using 'CodeIgniter\Session\Handlers\FileHandler' driver.
DEBUG - 2025-07-24 19:38:39 --> Session: Class initialized using 'CodeIgniter\Session\Handlers\FileHandler' driver.
DEBUG - 2025-07-24 19:38:41 --> Session: Class initialized using 'CodeIgniter\Session\Handlers\FileHandler' driver.
DEBUG - 2025-07-24 19:38:42 --> Session: Class initialized using 'CodeIgniter\Session\Handlers\FileHandler' driver.
DEBUG - 2025-07-24 19:38:50 --> Session: Class initialized using 'CodeIgniter\Session\Handlers\FileHandler' driver.
DEBUG - 2025-07-24 19:38:50 --> Session: Class initialized using 'CodeIgniter\Session\Handlers\FileHandler' driver.
DEBUG - 2025-07-24 19:38:52 --> Session: Class initialized using 'CodeIgniter\Session\Handlers\FileHandler' driver.
DEBUG - 2025-07-24 19:38:53 --> Session: Class initialized using 'CodeIgniter\Session\Handlers\FileHandler' driver.
DEBUG - 2025-07-24 19:38:55 --> Session: Class initialized using 'CodeIgniter\Session\Handlers\FileHandler' driver.
DEBUG - 2025-07-24 19:38:56 --> Session: Class initialized using 'CodeIgniter\Session\Handlers\FileHandler' driver.
DEBUG - 2025-07-24 19:39:03 --> Session: Class initialized using 'CodeIgniter\Session\Handlers\FileHandler' driver.
DEBUG - 2025-07-24 19:39:03 --> Session: Class initialized using 'CodeIgniter\Session\Handlers\FileHandler' driver.
