DEBUG - 2025-07-23 04:21:16 --> Session: Class initialized using 'CodeIgniter\Session\Handlers\FileHandler' driver.
DEBUG - 2025-07-23 04:22:50 --> Session: Class initialized using 'CodeIgniter\Session\Handlers\FileHandler' driver.
DEBUG - 2025-07-23 04:22:51 --> Session: Class initialized using 'CodeIgniter\Session\Handlers\FileHandler' driver.
DEBUG - 2025-07-23 04:22:52 --> Session: Class initialized using 'CodeIgniter\Session\Handlers\FileHandler' driver.
DEBUG - 2025-07-23 04:25:36 --> Session: Class initialized using 'CodeIgniter\Session\Handlers\FileHandler' driver.
DEBUG - 2025-07-23 04:25:36 --> Session: Class initialized using 'CodeIgniter\Session\Handlers\FileHandler' driver.
DEBUG - 2025-07-23 04:25:36 --> Session: Class initialized using 'CodeIgniter\Session\Handlers\FileHandler' driver.
DEBUG - 2025-07-23 04:25:37 --> Session: Class initialized using 'CodeIgniter\Session\Handlers\FileHandler' driver.
DEBUG - 2025-07-23 04:25:46 --> Session: Class initialized using 'CodeIgniter\Session\Handlers\FileHandler' driver.
DEBUG - 2025-07-23 04:26:10 --> Session: Class initialized using 'CodeIgniter\Session\Handlers\FileHandler' driver.
DEBUG - 2025-07-23 04:26:11 --> Session: Class initialized using 'CodeIgniter\Session\Handlers\FileHandler' driver.
DEBUG - 2025-07-23 04:26:12 --> Session: Class initialized using 'CodeIgniter\Session\Handlers\FileHandler' driver.
DEBUG - 2025-07-23 04:26:13 --> Session: Class initialized using 'CodeIgniter\Session\Handlers\FileHandler' driver.
DEBUG - 2025-07-23 04:28:25 --> Session: Class initialized using 'CodeIgniter\Session\Handlers\FileHandler' driver.
DEBUG - 2025-07-23 04:28:26 --> Session: Class initialized using 'CodeIgniter\Session\Handlers\FileHandler' driver.
DEBUG - 2025-07-23 04:51:16 --> Session: Class initialized using 'CodeIgniter\Session\Handlers\FileHandler' driver.
DEBUG - 2025-07-23 04:51:18 --> Session: Class initialized using 'CodeIgniter\Session\Handlers\FileHandler' driver.
DEBUG - 2025-07-23 04:51:24 --> Session: Class initialized using 'CodeIgniter\Session\Handlers\FileHandler' driver.
DEBUG - 2025-07-23 04:51:24 --> Session: Class initialized using 'CodeIgniter\Session\Handlers\FileHandler' driver.
DEBUG - 2025-07-23 04:51:36 --> Session: Class initialized using 'CodeIgniter\Session\Handlers\FileHandler' driver.
DEBUG - 2025-07-23 04:51:37 --> Session: Class initialized using 'CodeIgniter\Session\Handlers\FileHandler' driver.
DEBUG - 2025-07-23 04:52:39 --> Session: Class initialized using 'CodeIgniter\Session\Handlers\FileHandler' driver.
DEBUG - 2025-07-23 04:52:39 --> Session: Class initialized using 'CodeIgniter\Session\Handlers\FileHandler' driver.
DEBUG - 2025-07-23 04:53:33 --> Session: Class initialized using 'CodeIgniter\Session\Handlers\FileHandler' driver.
DEBUG - 2025-07-23 04:53:34 --> Session: Class initialized using 'CodeIgniter\Session\Handlers\FileHandler' driver.
DEBUG - 2025-07-23 04:54:54 --> Session: Class initialized using 'CodeIgniter\Session\Handlers\FileHandler' driver.
DEBUG - 2025-07-23 04:54:55 --> Session: Class initialized using 'CodeIgniter\Session\Handlers\FileHandler' driver.
DEBUG - 2025-07-23 04:55:07 --> Session: Class initialized using 'CodeIgniter\Session\Handlers\FileHandler' driver.
DEBUG - 2025-07-23 04:55:08 --> Session: Class initialized using 'CodeIgniter\Session\Handlers\FileHandler' driver.
DEBUG - 2025-07-23 04:55:14 --> Session: Class initialized using 'CodeIgniter\Session\Handlers\FileHandler' driver.
DEBUG - 2025-07-23 04:55:14 --> Session: Class initialized using 'CodeIgniter\Session\Handlers\FileHandler' driver.
DEBUG - 2025-07-23 04:55:17 --> Session: Class initialized using 'CodeIgniter\Session\Handlers\FileHandler' driver.
DEBUG - 2025-07-23 04:55:18 --> Session: Class initialized using 'CodeIgniter\Session\Handlers\FileHandler' driver.
DEBUG - 2025-07-23 04:55:47 --> Session: Class initialized using 'CodeIgniter\Session\Handlers\FileHandler' driver.
DEBUG - 2025-07-23 04:55:48 --> Session: Class initialized using 'CodeIgniter\Session\Handlers\FileHandler' driver.
DEBUG - 2025-07-23 05:31:31 --> Session: Class initialized using 'CodeIgniter\Session\Handlers\FileHandler' driver.
DEBUG - 2025-07-23 05:31:31 --> Session: Class initialized using 'CodeIgniter\Session\Handlers\FileHandler' driver.
DEBUG - 2025-07-23 05:36:31 --> Session: Class initialized using 'CodeIgniter\Session\Handlers\FileHandler' driver.
DEBUG - 2025-07-23 05:36:32 --> Session: Class initialized using 'CodeIgniter\Session\Handlers\FileHandler' driver.
DEBUG - 2025-07-23 05:37:52 --> Session: Class initialized using 'CodeIgniter\Session\Handlers\FileHandler' driver.
DEBUG - 2025-07-23 05:37:52 --> Session: Class initialized using 'CodeIgniter\Session\Handlers\FileHandler' driver.
DEBUG - 2025-07-23 05:38:19 --> Session: Class initialized using 'CodeIgniter\Session\Handlers\FileHandler' driver.
DEBUG - 2025-07-23 05:38:19 --> Session: Class initialized using 'CodeIgniter\Session\Handlers\FileHandler' driver.
DEBUG - 2025-07-23 05:39:52 --> Session: Class initialized using 'CodeIgniter\Session\Handlers\FileHandler' driver.
DEBUG - 2025-07-23 05:39:53 --> Session: Class initialized using 'CodeIgniter\Session\Handlers\FileHandler' driver.
DEBUG - 2025-07-23 06:00:55 --> Session: Class initialized using 'CodeIgniter\Session\Handlers\FileHandler' driver.
DEBUG - 2025-07-23 06:00:56 --> Session: Class initialized using 'CodeIgniter\Session\Handlers\FileHandler' driver.
DEBUG - 2025-07-23 06:00:59 --> Session: Class initialized using 'CodeIgniter\Session\Handlers\FileHandler' driver.
DEBUG - 2025-07-23 06:01:00 --> Session: Class initialized using 'CodeIgniter\Session\Handlers\FileHandler' driver.
DEBUG - 2025-07-23 06:02:02 --> Session: Class initialized using 'CodeIgniter\Session\Handlers\FileHandler' driver.
DEBUG - 2025-07-23 06:02:03 --> Session: Class initialized using 'CodeIgniter\Session\Handlers\FileHandler' driver.
DEBUG - 2025-07-23 06:02:39 --> Session: Class initialized using 'CodeIgniter\Session\Handlers\FileHandler' driver.
DEBUG - 2025-07-23 06:02:40 --> Session: Class initialized using 'CodeIgniter\Session\Handlers\FileHandler' driver.
DEBUG - 2025-07-23 06:02:58 --> Session: Class initialized using 'CodeIgniter\Session\Handlers\FileHandler' driver.
DEBUG - 2025-07-23 06:02:59 --> Session: Class initialized using 'CodeIgniter\Session\Handlers\FileHandler' driver.
DEBUG - 2025-07-23 06:03:01 --> Session: Class initialized using 'CodeIgniter\Session\Handlers\FileHandler' driver.
DEBUG - 2025-07-23 06:03:01 --> Session: Class initialized using 'CodeIgniter\Session\Handlers\FileHandler' driver.
DEBUG - 2025-07-23 06:03:02 --> Session: Class initialized using 'CodeIgniter\Session\Handlers\FileHandler' driver.
DEBUG - 2025-07-23 06:03:02 --> Session: Class initialized using 'CodeIgniter\Session\Handlers\FileHandler' driver.
DEBUG - 2025-07-23 06:03:06 --> Session: Class initialized using 'CodeIgniter\Session\Handlers\FileHandler' driver.
DEBUG - 2025-07-23 06:03:07 --> Session: Class initialized using 'CodeIgniter\Session\Handlers\FileHandler' driver.
DEBUG - 2025-07-23 06:03:07 --> Session: Class initialized using 'CodeIgniter\Session\Handlers\FileHandler' driver.
DEBUG - 2025-07-23 06:03:08 --> Session: Class initialized using 'CodeIgniter\Session\Handlers\FileHandler' driver.
DEBUG - 2025-07-23 06:03:18 --> Session: Class initialized using 'CodeIgniter\Session\Handlers\FileHandler' driver.
DEBUG - 2025-07-23 06:03:21 --> Session: Class initialized using 'CodeIgniter\Session\Handlers\FileHandler' driver.
DEBUG - 2025-07-23 06:03:21 --> Session: Class initialized using 'CodeIgniter\Session\Handlers\FileHandler' driver.
DEBUG - 2025-07-23 06:04:43 --> Session: Class initialized using 'CodeIgniter\Session\Handlers\FileHandler' driver.
DEBUG - 2025-07-23 06:04:44 --> Session: Class initialized using 'CodeIgniter\Session\Handlers\FileHandler' driver.
DEBUG - 2025-07-23 06:08:20 --> Session: Class initialized using 'CodeIgniter\Session\Handlers\FileHandler' driver.
DEBUG - 2025-07-23 06:08:21 --> Session: Class initialized using 'CodeIgniter\Session\Handlers\FileHandler' driver.
DEBUG - 2025-07-23 06:08:23 --> Session: Class initialized using 'CodeIgniter\Session\Handlers\FileHandler' driver.
DEBUG - 2025-07-23 06:08:25 --> Session: Class initialized using 'CodeIgniter\Session\Handlers\FileHandler' driver.
DEBUG - 2025-07-23 06:08:25 --> Session: Class initialized using 'CodeIgniter\Session\Handlers\FileHandler' driver.
ERROR - 2025-07-23 06:11:26 --> mysqli_sql_exception: Unknown column 'i.rack_id' in 'where clause' in C:\xampp\htdocs\pinestore\system\Database\MySQLi\Connection.php:327
Stack trace:
#0 C:\xampp\htdocs\pinestore\system\Database\MySQLi\Connection.php(327): mysqli->query('SELECT `cb`.*, ...', 0)
#1 C:\xampp\htdocs\pinestore\system\Database\BaseConnection.php(738): CodeIgniter\Database\MySQLi\Connection->execute('SELECT `cb`.*, ...')
#2 C:\xampp\htdocs\pinestore\system\Database\BaseConnection.php(652): CodeIgniter\Database\BaseConnection->simpleQuery('SELECT `cb`.*, ...')
#3 C:\xampp\htdocs\pinestore\system\Database\BaseBuilder.php(1649): CodeIgniter\Database\BaseConnection->query('SELECT `cb`.*, ...', Array, false)
#4 C:\xampp\htdocs\pinestore\app\Controllers\BarcodeSearchController.php(53): CodeIgniter\Database\BaseBuilder->get()
#5 C:\xampp\htdocs\pinestore\system\CodeIgniter.php(933): App\Controllers\BarcodeSearchController->search('item', '1088')
#6 C:\xampp\htdocs\pinestore\system\CodeIgniter.php(507): CodeIgniter\CodeIgniter->runController(Object(App\Controllers\BarcodeSearchController))
#7 C:\xampp\htdocs\pinestore\system\CodeIgniter.php(354): CodeIgniter\CodeIgniter->handleRequest(NULL, Object(Config\Cache), false)
#8 C:\xampp\htdocs\pinestore\system\Boot.php(334): CodeIgniter\CodeIgniter->run()
#9 C:\xampp\htdocs\pinestore\system\Boot.php(67): CodeIgniter\Boot::runCodeIgniter(Object(CodeIgniter\CodeIgniter))
#10 C:\xampp\htdocs\pinestore\index.php(56): CodeIgniter\Boot::bootWeb(Object(Config\Paths))
#11 {main}
CRITICAL - 2025-07-23 06:11:26 --> CodeIgniter\Database\Exceptions\DatabaseException: Unknown column 'i.rack_id' in 'where clause'
[Method: GET, Route: barcode-search/item/1088]
in SYSTEMPATH\Database\BaseConnection.php on line 692.
 1 SYSTEMPATH\Database\BaseBuilder.php(1649): CodeIgniter\Database\BaseConnection->query('SELECT `cb`.*, `i`.`item_name`, `c`.`customer_name`, `c`.`id` as `customer_id`, `c`.`customer_mobile`, `c`.`customer_email`
FROM `customer_inventory_child_barcodes` `cb`
LEFT JOIN `customer_inventory` `i` ON `i`.`id` = `cb`.`inventory_id`
LEFT JOIN `pine_upload_inventory` `c` ON `c`.`id` = `i`.`upload_inventory_id`
WHERE `i`.`rack_id` = :i.rack_id:', [...], false)
 2 APPPATH\Controllers\BarcodeSearchController.php(53): CodeIgniter\Database\BaseBuilder->get()
 3 SYSTEMPATH\CodeIgniter.php(933): App\Controllers\BarcodeSearchController->search('item', '1088')
 4 SYSTEMPATH\CodeIgniter.php(507): CodeIgniter\CodeIgniter->runController(Object(App\Controllers\BarcodeSearchController))
 5 SYSTEMPATH\CodeIgniter.php(354): CodeIgniter\CodeIgniter->handleRequest(null, Object(Config\Cache), false)
 6 SYSTEMPATH\Boot.php(334): CodeIgniter\CodeIgniter->run()
 7 SYSTEMPATH\Boot.php(67): CodeIgniter\Boot::runCodeIgniter(Object(CodeIgniter\CodeIgniter))
 8 FCPATH\index.php(56): CodeIgniter\Boot::bootWeb(Object(Config\Paths))
CRITICAL - 2025-07-23 06:11:26 --> [Caused by] CodeIgniter\Database\Exceptions\DatabaseException: Unknown column 'i.rack_id' in 'where clause'
in SYSTEMPATH\Database\MySQLi\Connection.php on line 332.
 1 SYSTEMPATH\Database\BaseConnection.php(738): CodeIgniter\Database\MySQLi\Connection->execute('SELECT `cb`.*, `i`.`item_name`, `c`.`customer_name`, `c`.`id` as `customer_id`, `c`.`customer_mobile`, `c`.`customer_email`
FROM `customer_inventory_child_barcodes` `cb`
LEFT JOIN `customer_inventory` `i` ON `i`.`id` = `cb`.`inventory_id`
LEFT JOIN `pine_upload_inventory` `c` ON `c`.`id` = `i`.`upload_inventory_id`
WHERE `i`.`rack_id` = \'1088\'')
 2 SYSTEMPATH\Database\BaseConnection.php(652): CodeIgniter\Database\BaseConnection->simpleQuery('SELECT `cb`.*, `i`.`item_name`, `c`.`customer_name`, `c`.`id` as `customer_id`, `c`.`customer_mobile`, `c`.`customer_email`
FROM `customer_inventory_child_barcodes` `cb`
LEFT JOIN `customer_inventory` `i` ON `i`.`id` = `cb`.`inventory_id`
LEFT JOIN `pine_upload_inventory` `c` ON `c`.`id` = `i`.`upload_inventory_id`
WHERE `i`.`rack_id` = \'1088\'')
 3 SYSTEMPATH\Database\BaseBuilder.php(1649): CodeIgniter\Database\BaseConnection->query('SELECT `cb`.*, `i`.`item_name`, `c`.`customer_name`, `c`.`id` as `customer_id`, `c`.`customer_mobile`, `c`.`customer_email`
FROM `customer_inventory_child_barcodes` `cb`
LEFT JOIN `customer_inventory` `i` ON `i`.`id` = `cb`.`inventory_id`
LEFT JOIN `pine_upload_inventory` `c` ON `c`.`id` = `i`.`upload_inventory_id`
WHERE `i`.`rack_id` = :i.rack_id:', [...], false)
 4 APPPATH\Controllers\BarcodeSearchController.php(53): CodeIgniter\Database\BaseBuilder->get()
 5 SYSTEMPATH\CodeIgniter.php(933): App\Controllers\BarcodeSearchController->search('item', '1088')
 6 SYSTEMPATH\CodeIgniter.php(507): CodeIgniter\CodeIgniter->runController(Object(App\Controllers\BarcodeSearchController))
 7 SYSTEMPATH\CodeIgniter.php(354): CodeIgniter\CodeIgniter->handleRequest(null, Object(Config\Cache), false)
 8 SYSTEMPATH\Boot.php(334): CodeIgniter\CodeIgniter->run()
 9 SYSTEMPATH\Boot.php(67): CodeIgniter\Boot::runCodeIgniter(Object(CodeIgniter\CodeIgniter))
10 FCPATH\index.php(56): CodeIgniter\Boot::bootWeb(Object(Config\Paths))
CRITICAL - 2025-07-23 06:11:26 --> [Caused by] mysqli_sql_exception: Unknown column 'i.rack_id' in 'where clause'
in SYSTEMPATH\Database\MySQLi\Connection.php on line 327.
 1 SYSTEMPATH\Database\MySQLi\Connection.php(327): mysqli->query('SELECT `cb`.*, `i`.`item_name`, `c`.`customer_name`, `c`.`id` as `customer_id`, `c`.`customer_mobile`, `c`.`customer_email`
FROM `customer_inventory_child_barcodes` `cb`
LEFT JOIN `customer_inventory` `i` ON `i`.`id` = `cb`.`inventory_id`
LEFT JOIN `pine_upload_inventory` `c` ON `c`.`id` = `i`.`upload_inventory_id`
WHERE `i`.`rack_id` = \'1088\'', 0)
 2 SYSTEMPATH\Database\BaseConnection.php(738): CodeIgniter\Database\MySQLi\Connection->execute('SELECT `cb`.*, `i`.`item_name`, `c`.`customer_name`, `c`.`id` as `customer_id`, `c`.`customer_mobile`, `c`.`customer_email`
FROM `customer_inventory_child_barcodes` `cb`
LEFT JOIN `customer_inventory` `i` ON `i`.`id` = `cb`.`inventory_id`
LEFT JOIN `pine_upload_inventory` `c` ON `c`.`id` = `i`.`upload_inventory_id`
WHERE `i`.`rack_id` = \'1088\'')
 3 SYSTEMPATH\Database\BaseConnection.php(652): CodeIgniter\Database\BaseConnection->simpleQuery('SELECT `cb`.*, `i`.`item_name`, `c`.`customer_name`, `c`.`id` as `customer_id`, `c`.`customer_mobile`, `c`.`customer_email`
FROM `customer_inventory_child_barcodes` `cb`
LEFT JOIN `customer_inventory` `i` ON `i`.`id` = `cb`.`inventory_id`
LEFT JOIN `pine_upload_inventory` `c` ON `c`.`id` = `i`.`upload_inventory_id`
WHERE `i`.`rack_id` = \'1088\'')
 4 SYSTEMPATH\Database\BaseBuilder.php(1649): CodeIgniter\Database\BaseConnection->query('SELECT `cb`.*, `i`.`item_name`, `c`.`customer_name`, `c`.`id` as `customer_id`, `c`.`customer_mobile`, `c`.`customer_email`
FROM `customer_inventory_child_barcodes` `cb`
LEFT JOIN `customer_inventory` `i` ON `i`.`id` = `cb`.`inventory_id`
LEFT JOIN `pine_upload_inventory` `c` ON `c`.`id` = `i`.`upload_inventory_id`
WHERE `i`.`rack_id` = :i.rack_id:', [...], false)
 5 APPPATH\Controllers\BarcodeSearchController.php(53): CodeIgniter\Database\BaseBuilder->get()
 6 SYSTEMPATH\CodeIgniter.php(933): App\Controllers\BarcodeSearchController->search('item', '1088')
 7 SYSTEMPATH\CodeIgniter.php(507): CodeIgniter\CodeIgniter->runController(Object(App\Controllers\BarcodeSearchController))
 8 SYSTEMPATH\CodeIgniter.php(354): CodeIgniter\CodeIgniter->handleRequest(null, Object(Config\Cache), false)
 9 SYSTEMPATH\Boot.php(334): CodeIgniter\CodeIgniter->run()
10 SYSTEMPATH\Boot.php(67): CodeIgniter\Boot::runCodeIgniter(Object(CodeIgniter\CodeIgniter))
11 FCPATH\index.php(56): CodeIgniter\Boot::bootWeb(Object(Config\Paths))
ERROR - 2025-07-23 06:12:34 --> mysqli_sql_exception: Unknown column 'i.rack_id' in 'where clause' in C:\xampp\htdocs\pinestore\system\Database\MySQLi\Connection.php:327
Stack trace:
#0 C:\xampp\htdocs\pinestore\system\Database\MySQLi\Connection.php(327): mysqli->query('SELECT `cb`.*, ...', 0)
#1 C:\xampp\htdocs\pinestore\system\Database\BaseConnection.php(738): CodeIgniter\Database\MySQLi\Connection->execute('SELECT `cb`.*, ...')
#2 C:\xampp\htdocs\pinestore\system\Database\BaseConnection.php(652): CodeIgniter\Database\BaseConnection->simpleQuery('SELECT `cb`.*, ...')
#3 C:\xampp\htdocs\pinestore\system\Database\BaseBuilder.php(1649): CodeIgniter\Database\BaseConnection->query('SELECT `cb`.*, ...', Array, false)
#4 C:\xampp\htdocs\pinestore\app\Controllers\BarcodeSearchController.php(53): CodeIgniter\Database\BaseBuilder->get()
#5 C:\xampp\htdocs\pinestore\system\CodeIgniter.php(933): App\Controllers\BarcodeSearchController->search('item', '1088')
#6 C:\xampp\htdocs\pinestore\system\CodeIgniter.php(507): CodeIgniter\CodeIgniter->runController(Object(App\Controllers\BarcodeSearchController))
#7 C:\xampp\htdocs\pinestore\system\CodeIgniter.php(354): CodeIgniter\CodeIgniter->handleRequest(NULL, Object(Config\Cache), false)
#8 C:\xampp\htdocs\pinestore\system\Boot.php(334): CodeIgniter\CodeIgniter->run()
#9 C:\xampp\htdocs\pinestore\system\Boot.php(67): CodeIgniter\Boot::runCodeIgniter(Object(CodeIgniter\CodeIgniter))
#10 C:\xampp\htdocs\pinestore\index.php(56): CodeIgniter\Boot::bootWeb(Object(Config\Paths))
#11 {main}
CRITICAL - 2025-07-23 06:12:34 --> CodeIgniter\Database\Exceptions\DatabaseException: Unknown column 'i.rack_id' in 'where clause'
[Method: GET, Route: barcode-search/item/1088]
in SYSTEMPATH\Database\BaseConnection.php on line 692.
 1 SYSTEMPATH\Database\BaseBuilder.php(1649): CodeIgniter\Database\BaseConnection->query('SELECT `cb`.*, `i`.`item_name`, `c`.`customer_name`, `c`.`id` as `customer_id`, `c`.`customer_mobile`, `c`.`customer_email`
FROM `customer_inventory_child_barcodes` `cb`
LEFT JOIN `customer_inventory` `i` ON `i`.`id` = `cb`.`inventory_id`
LEFT JOIN `pine_upload_inventory` `c` ON `c`.`id` = `i`.`upload_inventory_id`
WHERE `i`.`rack_id` = :i.rack_id:', [...], false)
 2 APPPATH\Controllers\BarcodeSearchController.php(53): CodeIgniter\Database\BaseBuilder->get()
 3 SYSTEMPATH\CodeIgniter.php(933): App\Controllers\BarcodeSearchController->search('item', '1088')
 4 SYSTEMPATH\CodeIgniter.php(507): CodeIgniter\CodeIgniter->runController(Object(App\Controllers\BarcodeSearchController))
 5 SYSTEMPATH\CodeIgniter.php(354): CodeIgniter\CodeIgniter->handleRequest(null, Object(Config\Cache), false)
 6 SYSTEMPATH\Boot.php(334): CodeIgniter\CodeIgniter->run()
 7 SYSTEMPATH\Boot.php(67): CodeIgniter\Boot::runCodeIgniter(Object(CodeIgniter\CodeIgniter))
 8 FCPATH\index.php(56): CodeIgniter\Boot::bootWeb(Object(Config\Paths))
CRITICAL - 2025-07-23 06:12:34 --> [Caused by] CodeIgniter\Database\Exceptions\DatabaseException: Unknown column 'i.rack_id' in 'where clause'
in SYSTEMPATH\Database\MySQLi\Connection.php on line 332.
 1 SYSTEMPATH\Database\BaseConnection.php(738): CodeIgniter\Database\MySQLi\Connection->execute('SELECT `cb`.*, `i`.`item_name`, `c`.`customer_name`, `c`.`id` as `customer_id`, `c`.`customer_mobile`, `c`.`customer_email`
FROM `customer_inventory_child_barcodes` `cb`
LEFT JOIN `customer_inventory` `i` ON `i`.`id` = `cb`.`inventory_id`
LEFT JOIN `pine_upload_inventory` `c` ON `c`.`id` = `i`.`upload_inventory_id`
WHERE `i`.`rack_id` = \'1088\'')
 2 SYSTEMPATH\Database\BaseConnection.php(652): CodeIgniter\Database\BaseConnection->simpleQuery('SELECT `cb`.*, `i`.`item_name`, `c`.`customer_name`, `c`.`id` as `customer_id`, `c`.`customer_mobile`, `c`.`customer_email`
FROM `customer_inventory_child_barcodes` `cb`
LEFT JOIN `customer_inventory` `i` ON `i`.`id` = `cb`.`inventory_id`
LEFT JOIN `pine_upload_inventory` `c` ON `c`.`id` = `i`.`upload_inventory_id`
WHERE `i`.`rack_id` = \'1088\'')
 3 SYSTEMPATH\Database\BaseBuilder.php(1649): CodeIgniter\Database\BaseConnection->query('SELECT `cb`.*, `i`.`item_name`, `c`.`customer_name`, `c`.`id` as `customer_id`, `c`.`customer_mobile`, `c`.`customer_email`
FROM `customer_inventory_child_barcodes` `cb`
LEFT JOIN `customer_inventory` `i` ON `i`.`id` = `cb`.`inventory_id`
LEFT JOIN `pine_upload_inventory` `c` ON `c`.`id` = `i`.`upload_inventory_id`
WHERE `i`.`rack_id` = :i.rack_id:', [...], false)
 4 APPPATH\Controllers\BarcodeSearchController.php(53): CodeIgniter\Database\BaseBuilder->get()
 5 SYSTEMPATH\CodeIgniter.php(933): App\Controllers\BarcodeSearchController->search('item', '1088')
 6 SYSTEMPATH\CodeIgniter.php(507): CodeIgniter\CodeIgniter->runController(Object(App\Controllers\BarcodeSearchController))
 7 SYSTEMPATH\CodeIgniter.php(354): CodeIgniter\CodeIgniter->handleRequest(null, Object(Config\Cache), false)
 8 SYSTEMPATH\Boot.php(334): CodeIgniter\CodeIgniter->run()
 9 SYSTEMPATH\Boot.php(67): CodeIgniter\Boot::runCodeIgniter(Object(CodeIgniter\CodeIgniter))
10 FCPATH\index.php(56): CodeIgniter\Boot::bootWeb(Object(Config\Paths))
CRITICAL - 2025-07-23 06:12:34 --> [Caused by] mysqli_sql_exception: Unknown column 'i.rack_id' in 'where clause'
in SYSTEMPATH\Database\MySQLi\Connection.php on line 327.
 1 SYSTEMPATH\Database\MySQLi\Connection.php(327): mysqli->query('SELECT `cb`.*, `i`.`item_name`, `c`.`customer_name`, `c`.`id` as `customer_id`, `c`.`customer_mobile`, `c`.`customer_email`
FROM `customer_inventory_child_barcodes` `cb`
LEFT JOIN `customer_inventory` `i` ON `i`.`id` = `cb`.`inventory_id`
LEFT JOIN `pine_upload_inventory` `c` ON `c`.`id` = `i`.`upload_inventory_id`
WHERE `i`.`rack_id` = \'1088\'', 0)
 2 SYSTEMPATH\Database\BaseConnection.php(738): CodeIgniter\Database\MySQLi\Connection->execute('SELECT `cb`.*, `i`.`item_name`, `c`.`customer_name`, `c`.`id` as `customer_id`, `c`.`customer_mobile`, `c`.`customer_email`
FROM `customer_inventory_child_barcodes` `cb`
LEFT JOIN `customer_inventory` `i` ON `i`.`id` = `cb`.`inventory_id`
LEFT JOIN `pine_upload_inventory` `c` ON `c`.`id` = `i`.`upload_inventory_id`
WHERE `i`.`rack_id` = \'1088\'')
 3 SYSTEMPATH\Database\BaseConnection.php(652): CodeIgniter\Database\BaseConnection->simpleQuery('SELECT `cb`.*, `i`.`item_name`, `c`.`customer_name`, `c`.`id` as `customer_id`, `c`.`customer_mobile`, `c`.`customer_email`
FROM `customer_inventory_child_barcodes` `cb`
LEFT JOIN `customer_inventory` `i` ON `i`.`id` = `cb`.`inventory_id`
LEFT JOIN `pine_upload_inventory` `c` ON `c`.`id` = `i`.`upload_inventory_id`
WHERE `i`.`rack_id` = \'1088\'')
 4 SYSTEMPATH\Database\BaseBuilder.php(1649): CodeIgniter\Database\BaseConnection->query('SELECT `cb`.*, `i`.`item_name`, `c`.`customer_name`, `c`.`id` as `customer_id`, `c`.`customer_mobile`, `c`.`customer_email`
FROM `customer_inventory_child_barcodes` `cb`
LEFT JOIN `customer_inventory` `i` ON `i`.`id` = `cb`.`inventory_id`
LEFT JOIN `pine_upload_inventory` `c` ON `c`.`id` = `i`.`upload_inventory_id`
WHERE `i`.`rack_id` = :i.rack_id:', [...], false)
 5 APPPATH\Controllers\BarcodeSearchController.php(53): CodeIgniter\Database\BaseBuilder->get()
 6 SYSTEMPATH\CodeIgniter.php(933): App\Controllers\BarcodeSearchController->search('item', '1088')
 7 SYSTEMPATH\CodeIgniter.php(507): CodeIgniter\CodeIgniter->runController(Object(App\Controllers\BarcodeSearchController))
 8 SYSTEMPATH\CodeIgniter.php(354): CodeIgniter\CodeIgniter->handleRequest(null, Object(Config\Cache), false)
 9 SYSTEMPATH\Boot.php(334): CodeIgniter\CodeIgniter->run()
10 SYSTEMPATH\Boot.php(67): CodeIgniter\Boot::runCodeIgniter(Object(CodeIgniter\CodeIgniter))
11 FCPATH\index.php(56): CodeIgniter\Boot::bootWeb(Object(Config\Paths))
ERROR - 2025-07-23 06:12:35 --> mysqli_sql_exception: Unknown column 'i.rack_id' in 'where clause' in C:\xampp\htdocs\pinestore\system\Database\MySQLi\Connection.php:327
Stack trace:
#0 C:\xampp\htdocs\pinestore\system\Database\MySQLi\Connection.php(327): mysqli->query('SELECT `cb`.*, ...', 0)
#1 C:\xampp\htdocs\pinestore\system\Database\BaseConnection.php(738): CodeIgniter\Database\MySQLi\Connection->execute('SELECT `cb`.*, ...')
#2 C:\xampp\htdocs\pinestore\system\Database\BaseConnection.php(652): CodeIgniter\Database\BaseConnection->simpleQuery('SELECT `cb`.*, ...')
#3 C:\xampp\htdocs\pinestore\system\Database\BaseBuilder.php(1649): CodeIgniter\Database\BaseConnection->query('SELECT `cb`.*, ...', Array, false)
#4 C:\xampp\htdocs\pinestore\app\Controllers\BarcodeSearchController.php(53): CodeIgniter\Database\BaseBuilder->get()
#5 C:\xampp\htdocs\pinestore\system\CodeIgniter.php(933): App\Controllers\BarcodeSearchController->search('item', '1088')
#6 C:\xampp\htdocs\pinestore\system\CodeIgniter.php(507): CodeIgniter\CodeIgniter->runController(Object(App\Controllers\BarcodeSearchController))
#7 C:\xampp\htdocs\pinestore\system\CodeIgniter.php(354): CodeIgniter\CodeIgniter->handleRequest(NULL, Object(Config\Cache), false)
#8 C:\xampp\htdocs\pinestore\system\Boot.php(334): CodeIgniter\CodeIgniter->run()
#9 C:\xampp\htdocs\pinestore\system\Boot.php(67): CodeIgniter\Boot::runCodeIgniter(Object(CodeIgniter\CodeIgniter))
#10 C:\xampp\htdocs\pinestore\index.php(56): CodeIgniter\Boot::bootWeb(Object(Config\Paths))
#11 {main}
CRITICAL - 2025-07-23 06:12:35 --> CodeIgniter\Database\Exceptions\DatabaseException: Unknown column 'i.rack_id' in 'where clause'
[Method: GET, Route: barcode-search/item/1088]
in SYSTEMPATH\Database\BaseConnection.php on line 692.
 1 SYSTEMPATH\Database\BaseBuilder.php(1649): CodeIgniter\Database\BaseConnection->query('SELECT `cb`.*, `i`.`item_name`, `c`.`customer_name`, `c`.`id` as `customer_id`, `c`.`customer_mobile`, `c`.`customer_email`
FROM `customer_inventory_child_barcodes` `cb`
LEFT JOIN `customer_inventory` `i` ON `i`.`id` = `cb`.`inventory_id`
LEFT JOIN `pine_upload_inventory` `c` ON `c`.`id` = `i`.`upload_inventory_id`
WHERE `i`.`rack_id` = :i.rack_id:', [...], false)
 2 APPPATH\Controllers\BarcodeSearchController.php(53): CodeIgniter\Database\BaseBuilder->get()
 3 SYSTEMPATH\CodeIgniter.php(933): App\Controllers\BarcodeSearchController->search('item', '1088')
 4 SYSTEMPATH\CodeIgniter.php(507): CodeIgniter\CodeIgniter->runController(Object(App\Controllers\BarcodeSearchController))
 5 SYSTEMPATH\CodeIgniter.php(354): CodeIgniter\CodeIgniter->handleRequest(null, Object(Config\Cache), false)
 6 SYSTEMPATH\Boot.php(334): CodeIgniter\CodeIgniter->run()
 7 SYSTEMPATH\Boot.php(67): CodeIgniter\Boot::runCodeIgniter(Object(CodeIgniter\CodeIgniter))
 8 FCPATH\index.php(56): CodeIgniter\Boot::bootWeb(Object(Config\Paths))
CRITICAL - 2025-07-23 06:12:35 --> [Caused by] CodeIgniter\Database\Exceptions\DatabaseException: Unknown column 'i.rack_id' in 'where clause'
in SYSTEMPATH\Database\MySQLi\Connection.php on line 332.
 1 SYSTEMPATH\Database\BaseConnection.php(738): CodeIgniter\Database\MySQLi\Connection->execute('SELECT `cb`.*, `i`.`item_name`, `c`.`customer_name`, `c`.`id` as `customer_id`, `c`.`customer_mobile`, `c`.`customer_email`
FROM `customer_inventory_child_barcodes` `cb`
LEFT JOIN `customer_inventory` `i` ON `i`.`id` = `cb`.`inventory_id`
LEFT JOIN `pine_upload_inventory` `c` ON `c`.`id` = `i`.`upload_inventory_id`
WHERE `i`.`rack_id` = \'1088\'')
 2 SYSTEMPATH\Database\BaseConnection.php(652): CodeIgniter\Database\BaseConnection->simpleQuery('SELECT `cb`.*, `i`.`item_name`, `c`.`customer_name`, `c`.`id` as `customer_id`, `c`.`customer_mobile`, `c`.`customer_email`
FROM `customer_inventory_child_barcodes` `cb`
LEFT JOIN `customer_inventory` `i` ON `i`.`id` = `cb`.`inventory_id`
LEFT JOIN `pine_upload_inventory` `c` ON `c`.`id` = `i`.`upload_inventory_id`
WHERE `i`.`rack_id` = \'1088\'')
 3 SYSTEMPATH\Database\BaseBuilder.php(1649): CodeIgniter\Database\BaseConnection->query('SELECT `cb`.*, `i`.`item_name`, `c`.`customer_name`, `c`.`id` as `customer_id`, `c`.`customer_mobile`, `c`.`customer_email`
FROM `customer_inventory_child_barcodes` `cb`
LEFT JOIN `customer_inventory` `i` ON `i`.`id` = `cb`.`inventory_id`
LEFT JOIN `pine_upload_inventory` `c` ON `c`.`id` = `i`.`upload_inventory_id`
WHERE `i`.`rack_id` = :i.rack_id:', [...], false)
 4 APPPATH\Controllers\BarcodeSearchController.php(53): CodeIgniter\Database\BaseBuilder->get()
 5 SYSTEMPATH\CodeIgniter.php(933): App\Controllers\BarcodeSearchController->search('item', '1088')
 6 SYSTEMPATH\CodeIgniter.php(507): CodeIgniter\CodeIgniter->runController(Object(App\Controllers\BarcodeSearchController))
 7 SYSTEMPATH\CodeIgniter.php(354): CodeIgniter\CodeIgniter->handleRequest(null, Object(Config\Cache), false)
 8 SYSTEMPATH\Boot.php(334): CodeIgniter\CodeIgniter->run()
 9 SYSTEMPATH\Boot.php(67): CodeIgniter\Boot::runCodeIgniter(Object(CodeIgniter\CodeIgniter))
10 FCPATH\index.php(56): CodeIgniter\Boot::bootWeb(Object(Config\Paths))
CRITICAL - 2025-07-23 06:12:35 --> [Caused by] mysqli_sql_exception: Unknown column 'i.rack_id' in 'where clause'
in SYSTEMPATH\Database\MySQLi\Connection.php on line 327.
 1 SYSTEMPATH\Database\MySQLi\Connection.php(327): mysqli->query('SELECT `cb`.*, `i`.`item_name`, `c`.`customer_name`, `c`.`id` as `customer_id`, `c`.`customer_mobile`, `c`.`customer_email`
FROM `customer_inventory_child_barcodes` `cb`
LEFT JOIN `customer_inventory` `i` ON `i`.`id` = `cb`.`inventory_id`
LEFT JOIN `pine_upload_inventory` `c` ON `c`.`id` = `i`.`upload_inventory_id`
WHERE `i`.`rack_id` = \'1088\'', 0)
 2 SYSTEMPATH\Database\BaseConnection.php(738): CodeIgniter\Database\MySQLi\Connection->execute('SELECT `cb`.*, `i`.`item_name`, `c`.`customer_name`, `c`.`id` as `customer_id`, `c`.`customer_mobile`, `c`.`customer_email`
FROM `customer_inventory_child_barcodes` `cb`
LEFT JOIN `customer_inventory` `i` ON `i`.`id` = `cb`.`inventory_id`
LEFT JOIN `pine_upload_inventory` `c` ON `c`.`id` = `i`.`upload_inventory_id`
WHERE `i`.`rack_id` = \'1088\'')
 3 SYSTEMPATH\Database\BaseConnection.php(652): CodeIgniter\Database\BaseConnection->simpleQuery('SELECT `cb`.*, `i`.`item_name`, `c`.`customer_name`, `c`.`id` as `customer_id`, `c`.`customer_mobile`, `c`.`customer_email`
FROM `customer_inventory_child_barcodes` `cb`
LEFT JOIN `customer_inventory` `i` ON `i`.`id` = `cb`.`inventory_id`
LEFT JOIN `pine_upload_inventory` `c` ON `c`.`id` = `i`.`upload_inventory_id`
WHERE `i`.`rack_id` = \'1088\'')
 4 SYSTEMPATH\Database\BaseBuilder.php(1649): CodeIgniter\Database\BaseConnection->query('SELECT `cb`.*, `i`.`item_name`, `c`.`customer_name`, `c`.`id` as `customer_id`, `c`.`customer_mobile`, `c`.`customer_email`
FROM `customer_inventory_child_barcodes` `cb`
LEFT JOIN `customer_inventory` `i` ON `i`.`id` = `cb`.`inventory_id`
LEFT JOIN `pine_upload_inventory` `c` ON `c`.`id` = `i`.`upload_inventory_id`
WHERE `i`.`rack_id` = :i.rack_id:', [...], false)
 5 APPPATH\Controllers\BarcodeSearchController.php(53): CodeIgniter\Database\BaseBuilder->get()
 6 SYSTEMPATH\CodeIgniter.php(933): App\Controllers\BarcodeSearchController->search('item', '1088')
 7 SYSTEMPATH\CodeIgniter.php(507): CodeIgniter\CodeIgniter->runController(Object(App\Controllers\BarcodeSearchController))
 8 SYSTEMPATH\CodeIgniter.php(354): CodeIgniter\CodeIgniter->handleRequest(null, Object(Config\Cache), false)
 9 SYSTEMPATH\Boot.php(334): CodeIgniter\CodeIgniter->run()
10 SYSTEMPATH\Boot.php(67): CodeIgniter\Boot::runCodeIgniter(Object(CodeIgniter\CodeIgniter))
11 FCPATH\index.php(56): CodeIgniter\Boot::bootWeb(Object(Config\Paths))
ERROR - 2025-07-23 06:12:36 --> mysqli_sql_exception: Unknown column 'i.rack_id' in 'where clause' in C:\xampp\htdocs\pinestore\system\Database\MySQLi\Connection.php:327
Stack trace:
#0 C:\xampp\htdocs\pinestore\system\Database\MySQLi\Connection.php(327): mysqli->query('SELECT `cb`.*, ...', 0)
#1 C:\xampp\htdocs\pinestore\system\Database\BaseConnection.php(738): CodeIgniter\Database\MySQLi\Connection->execute('SELECT `cb`.*, ...')
#2 C:\xampp\htdocs\pinestore\system\Database\BaseConnection.php(652): CodeIgniter\Database\BaseConnection->simpleQuery('SELECT `cb`.*, ...')
#3 C:\xampp\htdocs\pinestore\system\Database\BaseBuilder.php(1649): CodeIgniter\Database\BaseConnection->query('SELECT `cb`.*, ...', Array, false)
#4 C:\xampp\htdocs\pinestore\app\Controllers\BarcodeSearchController.php(53): CodeIgniter\Database\BaseBuilder->get()
#5 C:\xampp\htdocs\pinestore\system\CodeIgniter.php(933): App\Controllers\BarcodeSearchController->search('item', '1088')
#6 C:\xampp\htdocs\pinestore\system\CodeIgniter.php(507): CodeIgniter\CodeIgniter->runController(Object(App\Controllers\BarcodeSearchController))
#7 C:\xampp\htdocs\pinestore\system\CodeIgniter.php(354): CodeIgniter\CodeIgniter->handleRequest(NULL, Object(Config\Cache), false)
#8 C:\xampp\htdocs\pinestore\system\Boot.php(334): CodeIgniter\CodeIgniter->run()
#9 C:\xampp\htdocs\pinestore\system\Boot.php(67): CodeIgniter\Boot::runCodeIgniter(Object(CodeIgniter\CodeIgniter))
#10 C:\xampp\htdocs\pinestore\index.php(56): CodeIgniter\Boot::bootWeb(Object(Config\Paths))
#11 {main}
CRITICAL - 2025-07-23 06:12:36 --> CodeIgniter\Database\Exceptions\DatabaseException: Unknown column 'i.rack_id' in 'where clause'
[Method: GET, Route: barcode-search/item/1088]
in SYSTEMPATH\Database\BaseConnection.php on line 692.
 1 SYSTEMPATH\Database\BaseBuilder.php(1649): CodeIgniter\Database\BaseConnection->query('SELECT `cb`.*, `i`.`item_name`, `c`.`customer_name`, `c`.`id` as `customer_id`, `c`.`customer_mobile`, `c`.`customer_email`
FROM `customer_inventory_child_barcodes` `cb`
LEFT JOIN `customer_inventory` `i` ON `i`.`id` = `cb`.`inventory_id`
LEFT JOIN `pine_upload_inventory` `c` ON `c`.`id` = `i`.`upload_inventory_id`
WHERE `i`.`rack_id` = :i.rack_id:', [...], false)
 2 APPPATH\Controllers\BarcodeSearchController.php(53): CodeIgniter\Database\BaseBuilder->get()
 3 SYSTEMPATH\CodeIgniter.php(933): App\Controllers\BarcodeSearchController->search('item', '1088')
 4 SYSTEMPATH\CodeIgniter.php(507): CodeIgniter\CodeIgniter->runController(Object(App\Controllers\BarcodeSearchController))
 5 SYSTEMPATH\CodeIgniter.php(354): CodeIgniter\CodeIgniter->handleRequest(null, Object(Config\Cache), false)
 6 SYSTEMPATH\Boot.php(334): CodeIgniter\CodeIgniter->run()
 7 SYSTEMPATH\Boot.php(67): CodeIgniter\Boot::runCodeIgniter(Object(CodeIgniter\CodeIgniter))
 8 FCPATH\index.php(56): CodeIgniter\Boot::bootWeb(Object(Config\Paths))
CRITICAL - 2025-07-23 06:12:36 --> [Caused by] CodeIgniter\Database\Exceptions\DatabaseException: Unknown column 'i.rack_id' in 'where clause'
in SYSTEMPATH\Database\MySQLi\Connection.php on line 332.
 1 SYSTEMPATH\Database\BaseConnection.php(738): CodeIgniter\Database\MySQLi\Connection->execute('SELECT `cb`.*, `i`.`item_name`, `c`.`customer_name`, `c`.`id` as `customer_id`, `c`.`customer_mobile`, `c`.`customer_email`
FROM `customer_inventory_child_barcodes` `cb`
LEFT JOIN `customer_inventory` `i` ON `i`.`id` = `cb`.`inventory_id`
LEFT JOIN `pine_upload_inventory` `c` ON `c`.`id` = `i`.`upload_inventory_id`
WHERE `i`.`rack_id` = \'1088\'')
 2 SYSTEMPATH\Database\BaseConnection.php(652): CodeIgniter\Database\BaseConnection->simpleQuery('SELECT `cb`.*, `i`.`item_name`, `c`.`customer_name`, `c`.`id` as `customer_id`, `c`.`customer_mobile`, `c`.`customer_email`
FROM `customer_inventory_child_barcodes` `cb`
LEFT JOIN `customer_inventory` `i` ON `i`.`id` = `cb`.`inventory_id`
LEFT JOIN `pine_upload_inventory` `c` ON `c`.`id` = `i`.`upload_inventory_id`
WHERE `i`.`rack_id` = \'1088\'')
 3 SYSTEMPATH\Database\BaseBuilder.php(1649): CodeIgniter\Database\BaseConnection->query('SELECT `cb`.*, `i`.`item_name`, `c`.`customer_name`, `c`.`id` as `customer_id`, `c`.`customer_mobile`, `c`.`customer_email`
FROM `customer_inventory_child_barcodes` `cb`
LEFT JOIN `customer_inventory` `i` ON `i`.`id` = `cb`.`inventory_id`
LEFT JOIN `pine_upload_inventory` `c` ON `c`.`id` = `i`.`upload_inventory_id`
WHERE `i`.`rack_id` = :i.rack_id:', [...], false)
 4 APPPATH\Controllers\BarcodeSearchController.php(53): CodeIgniter\Database\BaseBuilder->get()
 5 SYSTEMPATH\CodeIgniter.php(933): App\Controllers\BarcodeSearchController->search('item', '1088')
 6 SYSTEMPATH\CodeIgniter.php(507): CodeIgniter\CodeIgniter->runController(Object(App\Controllers\BarcodeSearchController))
 7 SYSTEMPATH\CodeIgniter.php(354): CodeIgniter\CodeIgniter->handleRequest(null, Object(Config\Cache), false)
 8 SYSTEMPATH\Boot.php(334): CodeIgniter\CodeIgniter->run()
 9 SYSTEMPATH\Boot.php(67): CodeIgniter\Boot::runCodeIgniter(Object(CodeIgniter\CodeIgniter))
10 FCPATH\index.php(56): CodeIgniter\Boot::bootWeb(Object(Config\Paths))
CRITICAL - 2025-07-23 06:12:36 --> [Caused by] mysqli_sql_exception: Unknown column 'i.rack_id' in 'where clause'
in SYSTEMPATH\Database\MySQLi\Connection.php on line 327.
 1 SYSTEMPATH\Database\MySQLi\Connection.php(327): mysqli->query('SELECT `cb`.*, `i`.`item_name`, `c`.`customer_name`, `c`.`id` as `customer_id`, `c`.`customer_mobile`, `c`.`customer_email`
FROM `customer_inventory_child_barcodes` `cb`
LEFT JOIN `customer_inventory` `i` ON `i`.`id` = `cb`.`inventory_id`
LEFT JOIN `pine_upload_inventory` `c` ON `c`.`id` = `i`.`upload_inventory_id`
WHERE `i`.`rack_id` = \'1088\'', 0)
 2 SYSTEMPATH\Database\BaseConnection.php(738): CodeIgniter\Database\MySQLi\Connection->execute('SELECT `cb`.*, `i`.`item_name`, `c`.`customer_name`, `c`.`id` as `customer_id`, `c`.`customer_mobile`, `c`.`customer_email`
FROM `customer_inventory_child_barcodes` `cb`
LEFT JOIN `customer_inventory` `i` ON `i`.`id` = `cb`.`inventory_id`
LEFT JOIN `pine_upload_inventory` `c` ON `c`.`id` = `i`.`upload_inventory_id`
WHERE `i`.`rack_id` = \'1088\'')
 3 SYSTEMPATH\Database\BaseConnection.php(652): CodeIgniter\Database\BaseConnection->simpleQuery('SELECT `cb`.*, `i`.`item_name`, `c`.`customer_name`, `c`.`id` as `customer_id`, `c`.`customer_mobile`, `c`.`customer_email`
FROM `customer_inventory_child_barcodes` `cb`
LEFT JOIN `customer_inventory` `i` ON `i`.`id` = `cb`.`inventory_id`
LEFT JOIN `pine_upload_inventory` `c` ON `c`.`id` = `i`.`upload_inventory_id`
WHERE `i`.`rack_id` = \'1088\'')
 4 SYSTEMPATH\Database\BaseBuilder.php(1649): CodeIgniter\Database\BaseConnection->query('SELECT `cb`.*, `i`.`item_name`, `c`.`customer_name`, `c`.`id` as `customer_id`, `c`.`customer_mobile`, `c`.`customer_email`
FROM `customer_inventory_child_barcodes` `cb`
LEFT JOIN `customer_inventory` `i` ON `i`.`id` = `cb`.`inventory_id`
LEFT JOIN `pine_upload_inventory` `c` ON `c`.`id` = `i`.`upload_inventory_id`
WHERE `i`.`rack_id` = :i.rack_id:', [...], false)
 5 APPPATH\Controllers\BarcodeSearchController.php(53): CodeIgniter\Database\BaseBuilder->get()
 6 SYSTEMPATH\CodeIgniter.php(933): App\Controllers\BarcodeSearchController->search('item', '1088')
 7 SYSTEMPATH\CodeIgniter.php(507): CodeIgniter\CodeIgniter->runController(Object(App\Controllers\BarcodeSearchController))
 8 SYSTEMPATH\CodeIgniter.php(354): CodeIgniter\CodeIgniter->handleRequest(null, Object(Config\Cache), false)
 9 SYSTEMPATH\Boot.php(334): CodeIgniter\CodeIgniter->run()
10 SYSTEMPATH\Boot.php(67): CodeIgniter\Boot::runCodeIgniter(Object(CodeIgniter\CodeIgniter))
11 FCPATH\index.php(56): CodeIgniter\Boot::bootWeb(Object(Config\Paths))
ERROR - 2025-07-23 06:12:36 --> mysqli_sql_exception: Unknown column 'i.rack_id' in 'where clause' in C:\xampp\htdocs\pinestore\system\Database\MySQLi\Connection.php:327
Stack trace:
#0 C:\xampp\htdocs\pinestore\system\Database\MySQLi\Connection.php(327): mysqli->query('SELECT `cb`.*, ...', 0)
#1 C:\xampp\htdocs\pinestore\system\Database\BaseConnection.php(738): CodeIgniter\Database\MySQLi\Connection->execute('SELECT `cb`.*, ...')
#2 C:\xampp\htdocs\pinestore\system\Database\BaseConnection.php(652): CodeIgniter\Database\BaseConnection->simpleQuery('SELECT `cb`.*, ...')
#3 C:\xampp\htdocs\pinestore\system\Database\BaseBuilder.php(1649): CodeIgniter\Database\BaseConnection->query('SELECT `cb`.*, ...', Array, false)
#4 C:\xampp\htdocs\pinestore\app\Controllers\BarcodeSearchController.php(53): CodeIgniter\Database\BaseBuilder->get()
#5 C:\xampp\htdocs\pinestore\system\CodeIgniter.php(933): App\Controllers\BarcodeSearchController->search('item', '1088')
#6 C:\xampp\htdocs\pinestore\system\CodeIgniter.php(507): CodeIgniter\CodeIgniter->runController(Object(App\Controllers\BarcodeSearchController))
#7 C:\xampp\htdocs\pinestore\system\CodeIgniter.php(354): CodeIgniter\CodeIgniter->handleRequest(NULL, Object(Config\Cache), false)
#8 C:\xampp\htdocs\pinestore\system\Boot.php(334): CodeIgniter\CodeIgniter->run()
#9 C:\xampp\htdocs\pinestore\system\Boot.php(67): CodeIgniter\Boot::runCodeIgniter(Object(CodeIgniter\CodeIgniter))
#10 C:\xampp\htdocs\pinestore\index.php(56): CodeIgniter\Boot::bootWeb(Object(Config\Paths))
#11 {main}
CRITICAL - 2025-07-23 06:12:36 --> CodeIgniter\Database\Exceptions\DatabaseException: Unknown column 'i.rack_id' in 'where clause'
[Method: GET, Route: barcode-search/item/1088]
in SYSTEMPATH\Database\BaseConnection.php on line 692.
 1 SYSTEMPATH\Database\BaseBuilder.php(1649): CodeIgniter\Database\BaseConnection->query('SELECT `cb`.*, `i`.`item_name`, `c`.`customer_name`, `c`.`id` as `customer_id`, `c`.`customer_mobile`, `c`.`customer_email`
FROM `customer_inventory_child_barcodes` `cb`
LEFT JOIN `customer_inventory` `i` ON `i`.`id` = `cb`.`inventory_id`
LEFT JOIN `pine_upload_inventory` `c` ON `c`.`id` = `i`.`upload_inventory_id`
WHERE `i`.`rack_id` = :i.rack_id:', [...], false)
 2 APPPATH\Controllers\BarcodeSearchController.php(53): CodeIgniter\Database\BaseBuilder->get()
 3 SYSTEMPATH\CodeIgniter.php(933): App\Controllers\BarcodeSearchController->search('item', '1088')
 4 SYSTEMPATH\CodeIgniter.php(507): CodeIgniter\CodeIgniter->runController(Object(App\Controllers\BarcodeSearchController))
 5 SYSTEMPATH\CodeIgniter.php(354): CodeIgniter\CodeIgniter->handleRequest(null, Object(Config\Cache), false)
 6 SYSTEMPATH\Boot.php(334): CodeIgniter\CodeIgniter->run()
 7 SYSTEMPATH\Boot.php(67): CodeIgniter\Boot::runCodeIgniter(Object(CodeIgniter\CodeIgniter))
 8 FCPATH\index.php(56): CodeIgniter\Boot::bootWeb(Object(Config\Paths))
CRITICAL - 2025-07-23 06:12:36 --> [Caused by] CodeIgniter\Database\Exceptions\DatabaseException: Unknown column 'i.rack_id' in 'where clause'
in SYSTEMPATH\Database\MySQLi\Connection.php on line 332.
 1 SYSTEMPATH\Database\BaseConnection.php(738): CodeIgniter\Database\MySQLi\Connection->execute('SELECT `cb`.*, `i`.`item_name`, `c`.`customer_name`, `c`.`id` as `customer_id`, `c`.`customer_mobile`, `c`.`customer_email`
FROM `customer_inventory_child_barcodes` `cb`
LEFT JOIN `customer_inventory` `i` ON `i`.`id` = `cb`.`inventory_id`
LEFT JOIN `pine_upload_inventory` `c` ON `c`.`id` = `i`.`upload_inventory_id`
WHERE `i`.`rack_id` = \'1088\'')
 2 SYSTEMPATH\Database\BaseConnection.php(652): CodeIgniter\Database\BaseConnection->simpleQuery('SELECT `cb`.*, `i`.`item_name`, `c`.`customer_name`, `c`.`id` as `customer_id`, `c`.`customer_mobile`, `c`.`customer_email`
FROM `customer_inventory_child_barcodes` `cb`
LEFT JOIN `customer_inventory` `i` ON `i`.`id` = `cb`.`inventory_id`
LEFT JOIN `pine_upload_inventory` `c` ON `c`.`id` = `i`.`upload_inventory_id`
WHERE `i`.`rack_id` = \'1088\'')
 3 SYSTEMPATH\Database\BaseBuilder.php(1649): CodeIgniter\Database\BaseConnection->query('SELECT `cb`.*, `i`.`item_name`, `c`.`customer_name`, `c`.`id` as `customer_id`, `c`.`customer_mobile`, `c`.`customer_email`
FROM `customer_inventory_child_barcodes` `cb`
LEFT JOIN `customer_inventory` `i` ON `i`.`id` = `cb`.`inventory_id`
LEFT JOIN `pine_upload_inventory` `c` ON `c`.`id` = `i`.`upload_inventory_id`
WHERE `i`.`rack_id` = :i.rack_id:', [...], false)
 4 APPPATH\Controllers\BarcodeSearchController.php(53): CodeIgniter\Database\BaseBuilder->get()
 5 SYSTEMPATH\CodeIgniter.php(933): App\Controllers\BarcodeSearchController->search('item', '1088')
 6 SYSTEMPATH\CodeIgniter.php(507): CodeIgniter\CodeIgniter->runController(Object(App\Controllers\BarcodeSearchController))
 7 SYSTEMPATH\CodeIgniter.php(354): CodeIgniter\CodeIgniter->handleRequest(null, Object(Config\Cache), false)
 8 SYSTEMPATH\Boot.php(334): CodeIgniter\CodeIgniter->run()
 9 SYSTEMPATH\Boot.php(67): CodeIgniter\Boot::runCodeIgniter(Object(CodeIgniter\CodeIgniter))
10 FCPATH\index.php(56): CodeIgniter\Boot::bootWeb(Object(Config\Paths))
CRITICAL - 2025-07-23 06:12:36 --> [Caused by] mysqli_sql_exception: Unknown column 'i.rack_id' in 'where clause'
in SYSTEMPATH\Database\MySQLi\Connection.php on line 327.
 1 SYSTEMPATH\Database\MySQLi\Connection.php(327): mysqli->query('SELECT `cb`.*, `i`.`item_name`, `c`.`customer_name`, `c`.`id` as `customer_id`, `c`.`customer_mobile`, `c`.`customer_email`
FROM `customer_inventory_child_barcodes` `cb`
LEFT JOIN `customer_inventory` `i` ON `i`.`id` = `cb`.`inventory_id`
LEFT JOIN `pine_upload_inventory` `c` ON `c`.`id` = `i`.`upload_inventory_id`
WHERE `i`.`rack_id` = \'1088\'', 0)
 2 SYSTEMPATH\Database\BaseConnection.php(738): CodeIgniter\Database\MySQLi\Connection->execute('SELECT `cb`.*, `i`.`item_name`, `c`.`customer_name`, `c`.`id` as `customer_id`, `c`.`customer_mobile`, `c`.`customer_email`
FROM `customer_inventory_child_barcodes` `cb`
LEFT JOIN `customer_inventory` `i` ON `i`.`id` = `cb`.`inventory_id`
LEFT JOIN `pine_upload_inventory` `c` ON `c`.`id` = `i`.`upload_inventory_id`
WHERE `i`.`rack_id` = \'1088\'')
 3 SYSTEMPATH\Database\BaseConnection.php(652): CodeIgniter\Database\BaseConnection->simpleQuery('SELECT `cb`.*, `i`.`item_name`, `c`.`customer_name`, `c`.`id` as `customer_id`, `c`.`customer_mobile`, `c`.`customer_email`
FROM `customer_inventory_child_barcodes` `cb`
LEFT JOIN `customer_inventory` `i` ON `i`.`id` = `cb`.`inventory_id`
LEFT JOIN `pine_upload_inventory` `c` ON `c`.`id` = `i`.`upload_inventory_id`
WHERE `i`.`rack_id` = \'1088\'')
 4 SYSTEMPATH\Database\BaseBuilder.php(1649): CodeIgniter\Database\BaseConnection->query('SELECT `cb`.*, `i`.`item_name`, `c`.`customer_name`, `c`.`id` as `customer_id`, `c`.`customer_mobile`, `c`.`customer_email`
FROM `customer_inventory_child_barcodes` `cb`
LEFT JOIN `customer_inventory` `i` ON `i`.`id` = `cb`.`inventory_id`
LEFT JOIN `pine_upload_inventory` `c` ON `c`.`id` = `i`.`upload_inventory_id`
WHERE `i`.`rack_id` = :i.rack_id:', [...], false)
 5 APPPATH\Controllers\BarcodeSearchController.php(53): CodeIgniter\Database\BaseBuilder->get()
 6 SYSTEMPATH\CodeIgniter.php(933): App\Controllers\BarcodeSearchController->search('item', '1088')
 7 SYSTEMPATH\CodeIgniter.php(507): CodeIgniter\CodeIgniter->runController(Object(App\Controllers\BarcodeSearchController))
 8 SYSTEMPATH\CodeIgniter.php(354): CodeIgniter\CodeIgniter->handleRequest(null, Object(Config\Cache), false)
 9 SYSTEMPATH\Boot.php(334): CodeIgniter\CodeIgniter->run()
10 SYSTEMPATH\Boot.php(67): CodeIgniter\Boot::runCodeIgniter(Object(CodeIgniter\CodeIgniter))
11 FCPATH\index.php(56): CodeIgniter\Boot::bootWeb(Object(Config\Paths))
ERROR - 2025-07-23 06:12:46 --> mysqli_sql_exception: Unknown column 'i.rack_id' in 'where clause' in C:\xampp\htdocs\pinestore\system\Database\MySQLi\Connection.php:327
Stack trace:
#0 C:\xampp\htdocs\pinestore\system\Database\MySQLi\Connection.php(327): mysqli->query('SELECT `cb`.*, ...', 0)
#1 C:\xampp\htdocs\pinestore\system\Database\BaseConnection.php(738): CodeIgniter\Database\MySQLi\Connection->execute('SELECT `cb`.*, ...')
#2 C:\xampp\htdocs\pinestore\system\Database\BaseConnection.php(652): CodeIgniter\Database\BaseConnection->simpleQuery('SELECT `cb`.*, ...')
#3 C:\xampp\htdocs\pinestore\system\Database\BaseBuilder.php(1649): CodeIgniter\Database\BaseConnection->query('SELECT `cb`.*, ...', Array, false)
#4 C:\xampp\htdocs\pinestore\app\Controllers\BarcodeSearchController.php(53): CodeIgniter\Database\BaseBuilder->get()
#5 C:\xampp\htdocs\pinestore\system\CodeIgniter.php(933): App\Controllers\BarcodeSearchController->search('item', '1088')
#6 C:\xampp\htdocs\pinestore\system\CodeIgniter.php(507): CodeIgniter\CodeIgniter->runController(Object(App\Controllers\BarcodeSearchController))
#7 C:\xampp\htdocs\pinestore\system\CodeIgniter.php(354): CodeIgniter\CodeIgniter->handleRequest(NULL, Object(Config\Cache), false)
#8 C:\xampp\htdocs\pinestore\system\Boot.php(334): CodeIgniter\CodeIgniter->run()
#9 C:\xampp\htdocs\pinestore\system\Boot.php(67): CodeIgniter\Boot::runCodeIgniter(Object(CodeIgniter\CodeIgniter))
#10 C:\xampp\htdocs\pinestore\index.php(56): CodeIgniter\Boot::bootWeb(Object(Config\Paths))
#11 {main}
CRITICAL - 2025-07-23 06:12:46 --> CodeIgniter\Database\Exceptions\DatabaseException: Unknown column 'i.rack_id' in 'where clause'
[Method: GET, Route: barcode-search/item/1088]
in SYSTEMPATH\Database\BaseConnection.php on line 692.
 1 SYSTEMPATH\Database\BaseBuilder.php(1649): CodeIgniter\Database\BaseConnection->query('SELECT `cb`.*, `i`.`item_name`, `c`.`customer_name`, `c`.`id` as `customer_id`, `c`.`customer_mobile`, `c`.`customer_email`
FROM `customer_inventory_child_barcodes` `cb`
LEFT JOIN `customer_inventory` `i` ON `i`.`id` = `cb`.`inventory_id`
LEFT JOIN `pine_upload_inventory` `c` ON `c`.`id` = `i`.`upload_inventory_id`
WHERE `i`.`rack_id` = :i.rack_id:', [...], false)
 2 APPPATH\Controllers\BarcodeSearchController.php(53): CodeIgniter\Database\BaseBuilder->get()
 3 SYSTEMPATH\CodeIgniter.php(933): App\Controllers\BarcodeSearchController->search('item', '1088')
 4 SYSTEMPATH\CodeIgniter.php(507): CodeIgniter\CodeIgniter->runController(Object(App\Controllers\BarcodeSearchController))
 5 SYSTEMPATH\CodeIgniter.php(354): CodeIgniter\CodeIgniter->handleRequest(null, Object(Config\Cache), false)
 6 SYSTEMPATH\Boot.php(334): CodeIgniter\CodeIgniter->run()
 7 SYSTEMPATH\Boot.php(67): CodeIgniter\Boot::runCodeIgniter(Object(CodeIgniter\CodeIgniter))
 8 FCPATH\index.php(56): CodeIgniter\Boot::bootWeb(Object(Config\Paths))
CRITICAL - 2025-07-23 06:12:46 --> [Caused by] CodeIgniter\Database\Exceptions\DatabaseException: Unknown column 'i.rack_id' in 'where clause'
in SYSTEMPATH\Database\MySQLi\Connection.php on line 332.
 1 SYSTEMPATH\Database\BaseConnection.php(738): CodeIgniter\Database\MySQLi\Connection->execute('SELECT `cb`.*, `i`.`item_name`, `c`.`customer_name`, `c`.`id` as `customer_id`, `c`.`customer_mobile`, `c`.`customer_email`
FROM `customer_inventory_child_barcodes` `cb`
LEFT JOIN `customer_inventory` `i` ON `i`.`id` = `cb`.`inventory_id`
LEFT JOIN `pine_upload_inventory` `c` ON `c`.`id` = `i`.`upload_inventory_id`
WHERE `i`.`rack_id` = \'1088\'')
 2 SYSTEMPATH\Database\BaseConnection.php(652): CodeIgniter\Database\BaseConnection->simpleQuery('SELECT `cb`.*, `i`.`item_name`, `c`.`customer_name`, `c`.`id` as `customer_id`, `c`.`customer_mobile`, `c`.`customer_email`
FROM `customer_inventory_child_barcodes` `cb`
LEFT JOIN `customer_inventory` `i` ON `i`.`id` = `cb`.`inventory_id`
LEFT JOIN `pine_upload_inventory` `c` ON `c`.`id` = `i`.`upload_inventory_id`
WHERE `i`.`rack_id` = \'1088\'')
 3 SYSTEMPATH\Database\BaseBuilder.php(1649): CodeIgniter\Database\BaseConnection->query('SELECT `cb`.*, `i`.`item_name`, `c`.`customer_name`, `c`.`id` as `customer_id`, `c`.`customer_mobile`, `c`.`customer_email`
FROM `customer_inventory_child_barcodes` `cb`
LEFT JOIN `customer_inventory` `i` ON `i`.`id` = `cb`.`inventory_id`
LEFT JOIN `pine_upload_inventory` `c` ON `c`.`id` = `i`.`upload_inventory_id`
WHERE `i`.`rack_id` = :i.rack_id:', [...], false)
 4 APPPATH\Controllers\BarcodeSearchController.php(53): CodeIgniter\Database\BaseBuilder->get()
 5 SYSTEMPATH\CodeIgniter.php(933): App\Controllers\BarcodeSearchController->search('item', '1088')
 6 SYSTEMPATH\CodeIgniter.php(507): CodeIgniter\CodeIgniter->runController(Object(App\Controllers\BarcodeSearchController))
 7 SYSTEMPATH\CodeIgniter.php(354): CodeIgniter\CodeIgniter->handleRequest(null, Object(Config\Cache), false)
 8 SYSTEMPATH\Boot.php(334): CodeIgniter\CodeIgniter->run()
 9 SYSTEMPATH\Boot.php(67): CodeIgniter\Boot::runCodeIgniter(Object(CodeIgniter\CodeIgniter))
10 FCPATH\index.php(56): CodeIgniter\Boot::bootWeb(Object(Config\Paths))
CRITICAL - 2025-07-23 06:12:46 --> [Caused by] mysqli_sql_exception: Unknown column 'i.rack_id' in 'where clause'
in SYSTEMPATH\Database\MySQLi\Connection.php on line 327.
 1 SYSTEMPATH\Database\MySQLi\Connection.php(327): mysqli->query('SELECT `cb`.*, `i`.`item_name`, `c`.`customer_name`, `c`.`id` as `customer_id`, `c`.`customer_mobile`, `c`.`customer_email`
FROM `customer_inventory_child_barcodes` `cb`
LEFT JOIN `customer_inventory` `i` ON `i`.`id` = `cb`.`inventory_id`
LEFT JOIN `pine_upload_inventory` `c` ON `c`.`id` = `i`.`upload_inventory_id`
WHERE `i`.`rack_id` = \'1088\'', 0)
 2 SYSTEMPATH\Database\BaseConnection.php(738): CodeIgniter\Database\MySQLi\Connection->execute('SELECT `cb`.*, `i`.`item_name`, `c`.`customer_name`, `c`.`id` as `customer_id`, `c`.`customer_mobile`, `c`.`customer_email`
FROM `customer_inventory_child_barcodes` `cb`
LEFT JOIN `customer_inventory` `i` ON `i`.`id` = `cb`.`inventory_id`
LEFT JOIN `pine_upload_inventory` `c` ON `c`.`id` = `i`.`upload_inventory_id`
WHERE `i`.`rack_id` = \'1088\'')
 3 SYSTEMPATH\Database\BaseConnection.php(652): CodeIgniter\Database\BaseConnection->simpleQuery('SELECT `cb`.*, `i`.`item_name`, `c`.`customer_name`, `c`.`id` as `customer_id`, `c`.`customer_mobile`, `c`.`customer_email`
FROM `customer_inventory_child_barcodes` `cb`
LEFT JOIN `customer_inventory` `i` ON `i`.`id` = `cb`.`inventory_id`
LEFT JOIN `pine_upload_inventory` `c` ON `c`.`id` = `i`.`upload_inventory_id`
WHERE `i`.`rack_id` = \'1088\'')
 4 SYSTEMPATH\Database\BaseBuilder.php(1649): CodeIgniter\Database\BaseConnection->query('SELECT `cb`.*, `i`.`item_name`, `c`.`customer_name`, `c`.`id` as `customer_id`, `c`.`customer_mobile`, `c`.`customer_email`
FROM `customer_inventory_child_barcodes` `cb`
LEFT JOIN `customer_inventory` `i` ON `i`.`id` = `cb`.`inventory_id`
LEFT JOIN `pine_upload_inventory` `c` ON `c`.`id` = `i`.`upload_inventory_id`
WHERE `i`.`rack_id` = :i.rack_id:', [...], false)
 5 APPPATH\Controllers\BarcodeSearchController.php(53): CodeIgniter\Database\BaseBuilder->get()
 6 SYSTEMPATH\CodeIgniter.php(933): App\Controllers\BarcodeSearchController->search('item', '1088')
 7 SYSTEMPATH\CodeIgniter.php(507): CodeIgniter\CodeIgniter->runController(Object(App\Controllers\BarcodeSearchController))
 8 SYSTEMPATH\CodeIgniter.php(354): CodeIgniter\CodeIgniter->handleRequest(null, Object(Config\Cache), false)
 9 SYSTEMPATH\Boot.php(334): CodeIgniter\CodeIgniter->run()
10 SYSTEMPATH\Boot.php(67): CodeIgniter\Boot::runCodeIgniter(Object(CodeIgniter\CodeIgniter))
11 FCPATH\index.php(56): CodeIgniter\Boot::bootWeb(Object(Config\Paths))
ERROR - 2025-07-23 06:12:47 --> mysqli_sql_exception: Unknown column 'i.rack_id' in 'where clause' in C:\xampp\htdocs\pinestore\system\Database\MySQLi\Connection.php:327
Stack trace:
#0 C:\xampp\htdocs\pinestore\system\Database\MySQLi\Connection.php(327): mysqli->query('SELECT `cb`.*, ...', 0)
#1 C:\xampp\htdocs\pinestore\system\Database\BaseConnection.php(738): CodeIgniter\Database\MySQLi\Connection->execute('SELECT `cb`.*, ...')
#2 C:\xampp\htdocs\pinestore\system\Database\BaseConnection.php(652): CodeIgniter\Database\BaseConnection->simpleQuery('SELECT `cb`.*, ...')
#3 C:\xampp\htdocs\pinestore\system\Database\BaseBuilder.php(1649): CodeIgniter\Database\BaseConnection->query('SELECT `cb`.*, ...', Array, false)
#4 C:\xampp\htdocs\pinestore\app\Controllers\BarcodeSearchController.php(53): CodeIgniter\Database\BaseBuilder->get()
#5 C:\xampp\htdocs\pinestore\system\CodeIgniter.php(933): App\Controllers\BarcodeSearchController->search('item', '1088')
#6 C:\xampp\htdocs\pinestore\system\CodeIgniter.php(507): CodeIgniter\CodeIgniter->runController(Object(App\Controllers\BarcodeSearchController))
#7 C:\xampp\htdocs\pinestore\system\CodeIgniter.php(354): CodeIgniter\CodeIgniter->handleRequest(NULL, Object(Config\Cache), false)
#8 C:\xampp\htdocs\pinestore\system\Boot.php(334): CodeIgniter\CodeIgniter->run()
#9 C:\xampp\htdocs\pinestore\system\Boot.php(67): CodeIgniter\Boot::runCodeIgniter(Object(CodeIgniter\CodeIgniter))
#10 C:\xampp\htdocs\pinestore\index.php(56): CodeIgniter\Boot::bootWeb(Object(Config\Paths))
#11 {main}
CRITICAL - 2025-07-23 06:12:47 --> CodeIgniter\Database\Exceptions\DatabaseException: Unknown column 'i.rack_id' in 'where clause'
[Method: GET, Route: barcode-search/item/1088]
in SYSTEMPATH\Database\BaseConnection.php on line 692.
 1 SYSTEMPATH\Database\BaseBuilder.php(1649): CodeIgniter\Database\BaseConnection->query('SELECT `cb`.*, `i`.`item_name`, `c`.`customer_name`, `c`.`id` as `customer_id`, `c`.`customer_mobile`, `c`.`customer_email`
FROM `customer_inventory_child_barcodes` `cb`
LEFT JOIN `customer_inventory` `i` ON `i`.`id` = `cb`.`inventory_id`
LEFT JOIN `pine_upload_inventory` `c` ON `c`.`id` = `i`.`upload_inventory_id`
WHERE `i`.`rack_id` = :i.rack_id:', [...], false)
 2 APPPATH\Controllers\BarcodeSearchController.php(53): CodeIgniter\Database\BaseBuilder->get()
 3 SYSTEMPATH\CodeIgniter.php(933): App\Controllers\BarcodeSearchController->search('item', '1088')
 4 SYSTEMPATH\CodeIgniter.php(507): CodeIgniter\CodeIgniter->runController(Object(App\Controllers\BarcodeSearchController))
 5 SYSTEMPATH\CodeIgniter.php(354): CodeIgniter\CodeIgniter->handleRequest(null, Object(Config\Cache), false)
 6 SYSTEMPATH\Boot.php(334): CodeIgniter\CodeIgniter->run()
 7 SYSTEMPATH\Boot.php(67): CodeIgniter\Boot::runCodeIgniter(Object(CodeIgniter\CodeIgniter))
 8 FCPATH\index.php(56): CodeIgniter\Boot::bootWeb(Object(Config\Paths))
CRITICAL - 2025-07-23 06:12:47 --> [Caused by] CodeIgniter\Database\Exceptions\DatabaseException: Unknown column 'i.rack_id' in 'where clause'
in SYSTEMPATH\Database\MySQLi\Connection.php on line 332.
 1 SYSTEMPATH\Database\BaseConnection.php(738): CodeIgniter\Database\MySQLi\Connection->execute('SELECT `cb`.*, `i`.`item_name`, `c`.`customer_name`, `c`.`id` as `customer_id`, `c`.`customer_mobile`, `c`.`customer_email`
FROM `customer_inventory_child_barcodes` `cb`
LEFT JOIN `customer_inventory` `i` ON `i`.`id` = `cb`.`inventory_id`
LEFT JOIN `pine_upload_inventory` `c` ON `c`.`id` = `i`.`upload_inventory_id`
WHERE `i`.`rack_id` = \'1088\'')
 2 SYSTEMPATH\Database\BaseConnection.php(652): CodeIgniter\Database\BaseConnection->simpleQuery('SELECT `cb`.*, `i`.`item_name`, `c`.`customer_name`, `c`.`id` as `customer_id`, `c`.`customer_mobile`, `c`.`customer_email`
FROM `customer_inventory_child_barcodes` `cb`
LEFT JOIN `customer_inventory` `i` ON `i`.`id` = `cb`.`inventory_id`
LEFT JOIN `pine_upload_inventory` `c` ON `c`.`id` = `i`.`upload_inventory_id`
WHERE `i`.`rack_id` = \'1088\'')
 3 SYSTEMPATH\Database\BaseBuilder.php(1649): CodeIgniter\Database\BaseConnection->query('SELECT `cb`.*, `i`.`item_name`, `c`.`customer_name`, `c`.`id` as `customer_id`, `c`.`customer_mobile`, `c`.`customer_email`
FROM `customer_inventory_child_barcodes` `cb`
LEFT JOIN `customer_inventory` `i` ON `i`.`id` = `cb`.`inventory_id`
LEFT JOIN `pine_upload_inventory` `c` ON `c`.`id` = `i`.`upload_inventory_id`
WHERE `i`.`rack_id` = :i.rack_id:', [...], false)
 4 APPPATH\Controllers\BarcodeSearchController.php(53): CodeIgniter\Database\BaseBuilder->get()
 5 SYSTEMPATH\CodeIgniter.php(933): App\Controllers\BarcodeSearchController->search('item', '1088')
 6 SYSTEMPATH\CodeIgniter.php(507): CodeIgniter\CodeIgniter->runController(Object(App\Controllers\BarcodeSearchController))
 7 SYSTEMPATH\CodeIgniter.php(354): CodeIgniter\CodeIgniter->handleRequest(null, Object(Config\Cache), false)
 8 SYSTEMPATH\Boot.php(334): CodeIgniter\CodeIgniter->run()
 9 SYSTEMPATH\Boot.php(67): CodeIgniter\Boot::runCodeIgniter(Object(CodeIgniter\CodeIgniter))
10 FCPATH\index.php(56): CodeIgniter\Boot::bootWeb(Object(Config\Paths))
CRITICAL - 2025-07-23 06:12:47 --> [Caused by] mysqli_sql_exception: Unknown column 'i.rack_id' in 'where clause'
in SYSTEMPATH\Database\MySQLi\Connection.php on line 327.
 1 SYSTEMPATH\Database\MySQLi\Connection.php(327): mysqli->query('SELECT `cb`.*, `i`.`item_name`, `c`.`customer_name`, `c`.`id` as `customer_id`, `c`.`customer_mobile`, `c`.`customer_email`
FROM `customer_inventory_child_barcodes` `cb`
LEFT JOIN `customer_inventory` `i` ON `i`.`id` = `cb`.`inventory_id`
LEFT JOIN `pine_upload_inventory` `c` ON `c`.`id` = `i`.`upload_inventory_id`
WHERE `i`.`rack_id` = \'1088\'', 0)
 2 SYSTEMPATH\Database\BaseConnection.php(738): CodeIgniter\Database\MySQLi\Connection->execute('SELECT `cb`.*, `i`.`item_name`, `c`.`customer_name`, `c`.`id` as `customer_id`, `c`.`customer_mobile`, `c`.`customer_email`
FROM `customer_inventory_child_barcodes` `cb`
LEFT JOIN `customer_inventory` `i` ON `i`.`id` = `cb`.`inventory_id`
LEFT JOIN `pine_upload_inventory` `c` ON `c`.`id` = `i`.`upload_inventory_id`
WHERE `i`.`rack_id` = \'1088\'')
 3 SYSTEMPATH\Database\BaseConnection.php(652): CodeIgniter\Database\BaseConnection->simpleQuery('SELECT `cb`.*, `i`.`item_name`, `c`.`customer_name`, `c`.`id` as `customer_id`, `c`.`customer_mobile`, `c`.`customer_email`
FROM `customer_inventory_child_barcodes` `cb`
LEFT JOIN `customer_inventory` `i` ON `i`.`id` = `cb`.`inventory_id`
LEFT JOIN `pine_upload_inventory` `c` ON `c`.`id` = `i`.`upload_inventory_id`
WHERE `i`.`rack_id` = \'1088\'')
 4 SYSTEMPATH\Database\BaseBuilder.php(1649): CodeIgniter\Database\BaseConnection->query('SELECT `cb`.*, `i`.`item_name`, `c`.`customer_name`, `c`.`id` as `customer_id`, `c`.`customer_mobile`, `c`.`customer_email`
FROM `customer_inventory_child_barcodes` `cb`
LEFT JOIN `customer_inventory` `i` ON `i`.`id` = `cb`.`inventory_id`
LEFT JOIN `pine_upload_inventory` `c` ON `c`.`id` = `i`.`upload_inventory_id`
WHERE `i`.`rack_id` = :i.rack_id:', [...], false)
 5 APPPATH\Controllers\BarcodeSearchController.php(53): CodeIgniter\Database\BaseBuilder->get()
 6 SYSTEMPATH\CodeIgniter.php(933): App\Controllers\BarcodeSearchController->search('item', '1088')
 7 SYSTEMPATH\CodeIgniter.php(507): CodeIgniter\CodeIgniter->runController(Object(App\Controllers\BarcodeSearchController))
 8 SYSTEMPATH\CodeIgniter.php(354): CodeIgniter\CodeIgniter->handleRequest(null, Object(Config\Cache), false)
 9 SYSTEMPATH\Boot.php(334): CodeIgniter\CodeIgniter->run()
10 SYSTEMPATH\Boot.php(67): CodeIgniter\Boot::runCodeIgniter(Object(CodeIgniter\CodeIgniter))
11 FCPATH\index.php(56): CodeIgniter\Boot::bootWeb(Object(Config\Paths))
ERROR - 2025-07-23 06:12:47 --> mysqli_sql_exception: Unknown column 'i.rack_id' in 'where clause' in C:\xampp\htdocs\pinestore\system\Database\MySQLi\Connection.php:327
Stack trace:
#0 C:\xampp\htdocs\pinestore\system\Database\MySQLi\Connection.php(327): mysqli->query('SELECT `cb`.*, ...', 0)
#1 C:\xampp\htdocs\pinestore\system\Database\BaseConnection.php(738): CodeIgniter\Database\MySQLi\Connection->execute('SELECT `cb`.*, ...')
#2 C:\xampp\htdocs\pinestore\system\Database\BaseConnection.php(652): CodeIgniter\Database\BaseConnection->simpleQuery('SELECT `cb`.*, ...')
#3 C:\xampp\htdocs\pinestore\system\Database\BaseBuilder.php(1649): CodeIgniter\Database\BaseConnection->query('SELECT `cb`.*, ...', Array, false)
#4 C:\xampp\htdocs\pinestore\app\Controllers\BarcodeSearchController.php(53): CodeIgniter\Database\BaseBuilder->get()
#5 C:\xampp\htdocs\pinestore\system\CodeIgniter.php(933): App\Controllers\BarcodeSearchController->search('item', '1088')
#6 C:\xampp\htdocs\pinestore\system\CodeIgniter.php(507): CodeIgniter\CodeIgniter->runController(Object(App\Controllers\BarcodeSearchController))
#7 C:\xampp\htdocs\pinestore\system\CodeIgniter.php(354): CodeIgniter\CodeIgniter->handleRequest(NULL, Object(Config\Cache), false)
#8 C:\xampp\htdocs\pinestore\system\Boot.php(334): CodeIgniter\CodeIgniter->run()
#9 C:\xampp\htdocs\pinestore\system\Boot.php(67): CodeIgniter\Boot::runCodeIgniter(Object(CodeIgniter\CodeIgniter))
#10 C:\xampp\htdocs\pinestore\index.php(56): CodeIgniter\Boot::bootWeb(Object(Config\Paths))
#11 {main}
CRITICAL - 2025-07-23 06:12:47 --> CodeIgniter\Database\Exceptions\DatabaseException: Unknown column 'i.rack_id' in 'where clause'
[Method: GET, Route: barcode-search/item/1088]
in SYSTEMPATH\Database\BaseConnection.php on line 692.
 1 SYSTEMPATH\Database\BaseBuilder.php(1649): CodeIgniter\Database\BaseConnection->query('SELECT `cb`.*, `i`.`item_name`, `c`.`customer_name`, `c`.`id` as `customer_id`, `c`.`customer_mobile`, `c`.`customer_email`
FROM `customer_inventory_child_barcodes` `cb`
LEFT JOIN `customer_inventory` `i` ON `i`.`id` = `cb`.`inventory_id`
LEFT JOIN `pine_upload_inventory` `c` ON `c`.`id` = `i`.`upload_inventory_id`
WHERE `i`.`rack_id` = :i.rack_id:', [...], false)
 2 APPPATH\Controllers\BarcodeSearchController.php(53): CodeIgniter\Database\BaseBuilder->get()
 3 SYSTEMPATH\CodeIgniter.php(933): App\Controllers\BarcodeSearchController->search('item', '1088')
 4 SYSTEMPATH\CodeIgniter.php(507): CodeIgniter\CodeIgniter->runController(Object(App\Controllers\BarcodeSearchController))
 5 SYSTEMPATH\CodeIgniter.php(354): CodeIgniter\CodeIgniter->handleRequest(null, Object(Config\Cache), false)
 6 SYSTEMPATH\Boot.php(334): CodeIgniter\CodeIgniter->run()
 7 SYSTEMPATH\Boot.php(67): CodeIgniter\Boot::runCodeIgniter(Object(CodeIgniter\CodeIgniter))
 8 FCPATH\index.php(56): CodeIgniter\Boot::bootWeb(Object(Config\Paths))
CRITICAL - 2025-07-23 06:12:47 --> [Caused by] CodeIgniter\Database\Exceptions\DatabaseException: Unknown column 'i.rack_id' in 'where clause'
in SYSTEMPATH\Database\MySQLi\Connection.php on line 332.
 1 SYSTEMPATH\Database\BaseConnection.php(738): CodeIgniter\Database\MySQLi\Connection->execute('SELECT `cb`.*, `i`.`item_name`, `c`.`customer_name`, `c`.`id` as `customer_id`, `c`.`customer_mobile`, `c`.`customer_email`
FROM `customer_inventory_child_barcodes` `cb`
LEFT JOIN `customer_inventory` `i` ON `i`.`id` = `cb`.`inventory_id`
LEFT JOIN `pine_upload_inventory` `c` ON `c`.`id` = `i`.`upload_inventory_id`
WHERE `i`.`rack_id` = \'1088\'')
 2 SYSTEMPATH\Database\BaseConnection.php(652): CodeIgniter\Database\BaseConnection->simpleQuery('SELECT `cb`.*, `i`.`item_name`, `c`.`customer_name`, `c`.`id` as `customer_id`, `c`.`customer_mobile`, `c`.`customer_email`
FROM `customer_inventory_child_barcodes` `cb`
LEFT JOIN `customer_inventory` `i` ON `i`.`id` = `cb`.`inventory_id`
LEFT JOIN `pine_upload_inventory` `c` ON `c`.`id` = `i`.`upload_inventory_id`
WHERE `i`.`rack_id` = \'1088\'')
 3 SYSTEMPATH\Database\BaseBuilder.php(1649): CodeIgniter\Database\BaseConnection->query('SELECT `cb`.*, `i`.`item_name`, `c`.`customer_name`, `c`.`id` as `customer_id`, `c`.`customer_mobile`, `c`.`customer_email`
FROM `customer_inventory_child_barcodes` `cb`
LEFT JOIN `customer_inventory` `i` ON `i`.`id` = `cb`.`inventory_id`
LEFT JOIN `pine_upload_inventory` `c` ON `c`.`id` = `i`.`upload_inventory_id`
WHERE `i`.`rack_id` = :i.rack_id:', [...], false)
 4 APPPATH\Controllers\BarcodeSearchController.php(53): CodeIgniter\Database\BaseBuilder->get()
 5 SYSTEMPATH\CodeIgniter.php(933): App\Controllers\BarcodeSearchController->search('item', '1088')
 6 SYSTEMPATH\CodeIgniter.php(507): CodeIgniter\CodeIgniter->runController(Object(App\Controllers\BarcodeSearchController))
 7 SYSTEMPATH\CodeIgniter.php(354): CodeIgniter\CodeIgniter->handleRequest(null, Object(Config\Cache), false)
 8 SYSTEMPATH\Boot.php(334): CodeIgniter\CodeIgniter->run()
 9 SYSTEMPATH\Boot.php(67): CodeIgniter\Boot::runCodeIgniter(Object(CodeIgniter\CodeIgniter))
10 FCPATH\index.php(56): CodeIgniter\Boot::bootWeb(Object(Config\Paths))
CRITICAL - 2025-07-23 06:12:47 --> [Caused by] mysqli_sql_exception: Unknown column 'i.rack_id' in 'where clause'
in SYSTEMPATH\Database\MySQLi\Connection.php on line 327.
 1 SYSTEMPATH\Database\MySQLi\Connection.php(327): mysqli->query('SELECT `cb`.*, `i`.`item_name`, `c`.`customer_name`, `c`.`id` as `customer_id`, `c`.`customer_mobile`, `c`.`customer_email`
FROM `customer_inventory_child_barcodes` `cb`
LEFT JOIN `customer_inventory` `i` ON `i`.`id` = `cb`.`inventory_id`
LEFT JOIN `pine_upload_inventory` `c` ON `c`.`id` = `i`.`upload_inventory_id`
WHERE `i`.`rack_id` = \'1088\'', 0)
 2 SYSTEMPATH\Database\BaseConnection.php(738): CodeIgniter\Database\MySQLi\Connection->execute('SELECT `cb`.*, `i`.`item_name`, `c`.`customer_name`, `c`.`id` as `customer_id`, `c`.`customer_mobile`, `c`.`customer_email`
FROM `customer_inventory_child_barcodes` `cb`
LEFT JOIN `customer_inventory` `i` ON `i`.`id` = `cb`.`inventory_id`
LEFT JOIN `pine_upload_inventory` `c` ON `c`.`id` = `i`.`upload_inventory_id`
WHERE `i`.`rack_id` = \'1088\'')
 3 SYSTEMPATH\Database\BaseConnection.php(652): CodeIgniter\Database\BaseConnection->simpleQuery('SELECT `cb`.*, `i`.`item_name`, `c`.`customer_name`, `c`.`id` as `customer_id`, `c`.`customer_mobile`, `c`.`customer_email`
FROM `customer_inventory_child_barcodes` `cb`
LEFT JOIN `customer_inventory` `i` ON `i`.`id` = `cb`.`inventory_id`
LEFT JOIN `pine_upload_inventory` `c` ON `c`.`id` = `i`.`upload_inventory_id`
WHERE `i`.`rack_id` = \'1088\'')
 4 SYSTEMPATH\Database\BaseBuilder.php(1649): CodeIgniter\Database\BaseConnection->query('SELECT `cb`.*, `i`.`item_name`, `c`.`customer_name`, `c`.`id` as `customer_id`, `c`.`customer_mobile`, `c`.`customer_email`
FROM `customer_inventory_child_barcodes` `cb`
LEFT JOIN `customer_inventory` `i` ON `i`.`id` = `cb`.`inventory_id`
LEFT JOIN `pine_upload_inventory` `c` ON `c`.`id` = `i`.`upload_inventory_id`
WHERE `i`.`rack_id` = :i.rack_id:', [...], false)
 5 APPPATH\Controllers\BarcodeSearchController.php(53): CodeIgniter\Database\BaseBuilder->get()
 6 SYSTEMPATH\CodeIgniter.php(933): App\Controllers\BarcodeSearchController->search('item', '1088')
 7 SYSTEMPATH\CodeIgniter.php(507): CodeIgniter\CodeIgniter->runController(Object(App\Controllers\BarcodeSearchController))
 8 SYSTEMPATH\CodeIgniter.php(354): CodeIgniter\CodeIgniter->handleRequest(null, Object(Config\Cache), false)
 9 SYSTEMPATH\Boot.php(334): CodeIgniter\CodeIgniter->run()
10 SYSTEMPATH\Boot.php(67): CodeIgniter\Boot::runCodeIgniter(Object(CodeIgniter\CodeIgniter))
11 FCPATH\index.php(56): CodeIgniter\Boot::bootWeb(Object(Config\Paths))
ERROR - 2025-07-23 06:12:47 --> mysqli_sql_exception: Unknown column 'i.rack_id' in 'where clause' in C:\xampp\htdocs\pinestore\system\Database\MySQLi\Connection.php:327
Stack trace:
#0 C:\xampp\htdocs\pinestore\system\Database\MySQLi\Connection.php(327): mysqli->query('SELECT `cb`.*, ...', 0)
#1 C:\xampp\htdocs\pinestore\system\Database\BaseConnection.php(738): CodeIgniter\Database\MySQLi\Connection->execute('SELECT `cb`.*, ...')
#2 C:\xampp\htdocs\pinestore\system\Database\BaseConnection.php(652): CodeIgniter\Database\BaseConnection->simpleQuery('SELECT `cb`.*, ...')
#3 C:\xampp\htdocs\pinestore\system\Database\BaseBuilder.php(1649): CodeIgniter\Database\BaseConnection->query('SELECT `cb`.*, ...', Array, false)
#4 C:\xampp\htdocs\pinestore\app\Controllers\BarcodeSearchController.php(53): CodeIgniter\Database\BaseBuilder->get()
#5 C:\xampp\htdocs\pinestore\system\CodeIgniter.php(933): App\Controllers\BarcodeSearchController->search('item', '1088')
#6 C:\xampp\htdocs\pinestore\system\CodeIgniter.php(507): CodeIgniter\CodeIgniter->runController(Object(App\Controllers\BarcodeSearchController))
#7 C:\xampp\htdocs\pinestore\system\CodeIgniter.php(354): CodeIgniter\CodeIgniter->handleRequest(NULL, Object(Config\Cache), false)
#8 C:\xampp\htdocs\pinestore\system\Boot.php(334): CodeIgniter\CodeIgniter->run()
#9 C:\xampp\htdocs\pinestore\system\Boot.php(67): CodeIgniter\Boot::runCodeIgniter(Object(CodeIgniter\CodeIgniter))
#10 C:\xampp\htdocs\pinestore\index.php(56): CodeIgniter\Boot::bootWeb(Object(Config\Paths))
#11 {main}
CRITICAL - 2025-07-23 06:12:47 --> CodeIgniter\Database\Exceptions\DatabaseException: Unknown column 'i.rack_id' in 'where clause'
[Method: GET, Route: barcode-search/item/1088]
in SYSTEMPATH\Database\BaseConnection.php on line 692.
 1 SYSTEMPATH\Database\BaseBuilder.php(1649): CodeIgniter\Database\BaseConnection->query('SELECT `cb`.*, `i`.`item_name`, `c`.`customer_name`, `c`.`id` as `customer_id`, `c`.`customer_mobile`, `c`.`customer_email`
FROM `customer_inventory_child_barcodes` `cb`
LEFT JOIN `customer_inventory` `i` ON `i`.`id` = `cb`.`inventory_id`
LEFT JOIN `pine_upload_inventory` `c` ON `c`.`id` = `i`.`upload_inventory_id`
WHERE `i`.`rack_id` = :i.rack_id:', [...], false)
 2 APPPATH\Controllers\BarcodeSearchController.php(53): CodeIgniter\Database\BaseBuilder->get()
 3 SYSTEMPATH\CodeIgniter.php(933): App\Controllers\BarcodeSearchController->search('item', '1088')
 4 SYSTEMPATH\CodeIgniter.php(507): CodeIgniter\CodeIgniter->runController(Object(App\Controllers\BarcodeSearchController))
 5 SYSTEMPATH\CodeIgniter.php(354): CodeIgniter\CodeIgniter->handleRequest(null, Object(Config\Cache), false)
 6 SYSTEMPATH\Boot.php(334): CodeIgniter\CodeIgniter->run()
 7 SYSTEMPATH\Boot.php(67): CodeIgniter\Boot::runCodeIgniter(Object(CodeIgniter\CodeIgniter))
 8 FCPATH\index.php(56): CodeIgniter\Boot::bootWeb(Object(Config\Paths))
CRITICAL - 2025-07-23 06:12:47 --> [Caused by] CodeIgniter\Database\Exceptions\DatabaseException: Unknown column 'i.rack_id' in 'where clause'
in SYSTEMPATH\Database\MySQLi\Connection.php on line 332.
 1 SYSTEMPATH\Database\BaseConnection.php(738): CodeIgniter\Database\MySQLi\Connection->execute('SELECT `cb`.*, `i`.`item_name`, `c`.`customer_name`, `c`.`id` as `customer_id`, `c`.`customer_mobile`, `c`.`customer_email`
FROM `customer_inventory_child_barcodes` `cb`
LEFT JOIN `customer_inventory` `i` ON `i`.`id` = `cb`.`inventory_id`
LEFT JOIN `pine_upload_inventory` `c` ON `c`.`id` = `i`.`upload_inventory_id`
WHERE `i`.`rack_id` = \'1088\'')
 2 SYSTEMPATH\Database\BaseConnection.php(652): CodeIgniter\Database\BaseConnection->simpleQuery('SELECT `cb`.*, `i`.`item_name`, `c`.`customer_name`, `c`.`id` as `customer_id`, `c`.`customer_mobile`, `c`.`customer_email`
FROM `customer_inventory_child_barcodes` `cb`
LEFT JOIN `customer_inventory` `i` ON `i`.`id` = `cb`.`inventory_id`
LEFT JOIN `pine_upload_inventory` `c` ON `c`.`id` = `i`.`upload_inventory_id`
WHERE `i`.`rack_id` = \'1088\'')
 3 SYSTEMPATH\Database\BaseBuilder.php(1649): CodeIgniter\Database\BaseConnection->query('SELECT `cb`.*, `i`.`item_name`, `c`.`customer_name`, `c`.`id` as `customer_id`, `c`.`customer_mobile`, `c`.`customer_email`
FROM `customer_inventory_child_barcodes` `cb`
LEFT JOIN `customer_inventory` `i` ON `i`.`id` = `cb`.`inventory_id`
LEFT JOIN `pine_upload_inventory` `c` ON `c`.`id` = `i`.`upload_inventory_id`
WHERE `i`.`rack_id` = :i.rack_id:', [...], false)
 4 APPPATH\Controllers\BarcodeSearchController.php(53): CodeIgniter\Database\BaseBuilder->get()
 5 SYSTEMPATH\CodeIgniter.php(933): App\Controllers\BarcodeSearchController->search('item', '1088')
 6 SYSTEMPATH\CodeIgniter.php(507): CodeIgniter\CodeIgniter->runController(Object(App\Controllers\BarcodeSearchController))
 7 SYSTEMPATH\CodeIgniter.php(354): CodeIgniter\CodeIgniter->handleRequest(null, Object(Config\Cache), false)
 8 SYSTEMPATH\Boot.php(334): CodeIgniter\CodeIgniter->run()
 9 SYSTEMPATH\Boot.php(67): CodeIgniter\Boot::runCodeIgniter(Object(CodeIgniter\CodeIgniter))
10 FCPATH\index.php(56): CodeIgniter\Boot::bootWeb(Object(Config\Paths))
CRITICAL - 2025-07-23 06:12:47 --> [Caused by] mysqli_sql_exception: Unknown column 'i.rack_id' in 'where clause'
in SYSTEMPATH\Database\MySQLi\Connection.php on line 327.
 1 SYSTEMPATH\Database\MySQLi\Connection.php(327): mysqli->query('SELECT `cb`.*, `i`.`item_name`, `c`.`customer_name`, `c`.`id` as `customer_id`, `c`.`customer_mobile`, `c`.`customer_email`
FROM `customer_inventory_child_barcodes` `cb`
LEFT JOIN `customer_inventory` `i` ON `i`.`id` = `cb`.`inventory_id`
LEFT JOIN `pine_upload_inventory` `c` ON `c`.`id` = `i`.`upload_inventory_id`
WHERE `i`.`rack_id` = \'1088\'', 0)
 2 SYSTEMPATH\Database\BaseConnection.php(738): CodeIgniter\Database\MySQLi\Connection->execute('SELECT `cb`.*, `i`.`item_name`, `c`.`customer_name`, `c`.`id` as `customer_id`, `c`.`customer_mobile`, `c`.`customer_email`
FROM `customer_inventory_child_barcodes` `cb`
LEFT JOIN `customer_inventory` `i` ON `i`.`id` = `cb`.`inventory_id`
LEFT JOIN `pine_upload_inventory` `c` ON `c`.`id` = `i`.`upload_inventory_id`
WHERE `i`.`rack_id` = \'1088\'')
 3 SYSTEMPATH\Database\BaseConnection.php(652): CodeIgniter\Database\BaseConnection->simpleQuery('SELECT `cb`.*, `i`.`item_name`, `c`.`customer_name`, `c`.`id` as `customer_id`, `c`.`customer_mobile`, `c`.`customer_email`
FROM `customer_inventory_child_barcodes` `cb`
LEFT JOIN `customer_inventory` `i` ON `i`.`id` = `cb`.`inventory_id`
LEFT JOIN `pine_upload_inventory` `c` ON `c`.`id` = `i`.`upload_inventory_id`
WHERE `i`.`rack_id` = \'1088\'')
 4 SYSTEMPATH\Database\BaseBuilder.php(1649): CodeIgniter\Database\BaseConnection->query('SELECT `cb`.*, `i`.`item_name`, `c`.`customer_name`, `c`.`id` as `customer_id`, `c`.`customer_mobile`, `c`.`customer_email`
FROM `customer_inventory_child_barcodes` `cb`
LEFT JOIN `customer_inventory` `i` ON `i`.`id` = `cb`.`inventory_id`
LEFT JOIN `pine_upload_inventory` `c` ON `c`.`id` = `i`.`upload_inventory_id`
WHERE `i`.`rack_id` = :i.rack_id:', [...], false)
 5 APPPATH\Controllers\BarcodeSearchController.php(53): CodeIgniter\Database\BaseBuilder->get()
 6 SYSTEMPATH\CodeIgniter.php(933): App\Controllers\BarcodeSearchController->search('item', '1088')
 7 SYSTEMPATH\CodeIgniter.php(507): CodeIgniter\CodeIgniter->runController(Object(App\Controllers\BarcodeSearchController))
 8 SYSTEMPATH\CodeIgniter.php(354): CodeIgniter\CodeIgniter->handleRequest(null, Object(Config\Cache), false)
 9 SYSTEMPATH\Boot.php(334): CodeIgniter\CodeIgniter->run()
10 SYSTEMPATH\Boot.php(67): CodeIgniter\Boot::runCodeIgniter(Object(CodeIgniter\CodeIgniter))
11 FCPATH\index.php(56): CodeIgniter\Boot::bootWeb(Object(Config\Paths))
ERROR - 2025-07-23 06:12:47 --> mysqli_sql_exception: Unknown column 'i.rack_id' in 'where clause' in C:\xampp\htdocs\pinestore\system\Database\MySQLi\Connection.php:327
Stack trace:
#0 C:\xampp\htdocs\pinestore\system\Database\MySQLi\Connection.php(327): mysqli->query('SELECT `cb`.*, ...', 0)
#1 C:\xampp\htdocs\pinestore\system\Database\BaseConnection.php(738): CodeIgniter\Database\MySQLi\Connection->execute('SELECT `cb`.*, ...')
#2 C:\xampp\htdocs\pinestore\system\Database\BaseConnection.php(652): CodeIgniter\Database\BaseConnection->simpleQuery('SELECT `cb`.*, ...')
#3 C:\xampp\htdocs\pinestore\system\Database\BaseBuilder.php(1649): CodeIgniter\Database\BaseConnection->query('SELECT `cb`.*, ...', Array, false)
#4 C:\xampp\htdocs\pinestore\app\Controllers\BarcodeSearchController.php(53): CodeIgniter\Database\BaseBuilder->get()
#5 C:\xampp\htdocs\pinestore\system\CodeIgniter.php(933): App\Controllers\BarcodeSearchController->search('item', '1088')
#6 C:\xampp\htdocs\pinestore\system\CodeIgniter.php(507): CodeIgniter\CodeIgniter->runController(Object(App\Controllers\BarcodeSearchController))
#7 C:\xampp\htdocs\pinestore\system\CodeIgniter.php(354): CodeIgniter\CodeIgniter->handleRequest(NULL, Object(Config\Cache), false)
#8 C:\xampp\htdocs\pinestore\system\Boot.php(334): CodeIgniter\CodeIgniter->run()
#9 C:\xampp\htdocs\pinestore\system\Boot.php(67): CodeIgniter\Boot::runCodeIgniter(Object(CodeIgniter\CodeIgniter))
#10 C:\xampp\htdocs\pinestore\index.php(56): CodeIgniter\Boot::bootWeb(Object(Config\Paths))
#11 {main}
CRITICAL - 2025-07-23 06:12:47 --> CodeIgniter\Database\Exceptions\DatabaseException: Unknown column 'i.rack_id' in 'where clause'
[Method: GET, Route: barcode-search/item/1088]
in SYSTEMPATH\Database\BaseConnection.php on line 692.
 1 SYSTEMPATH\Database\BaseBuilder.php(1649): CodeIgniter\Database\BaseConnection->query('SELECT `cb`.*, `i`.`item_name`, `c`.`customer_name`, `c`.`id` as `customer_id`, `c`.`customer_mobile`, `c`.`customer_email`
FROM `customer_inventory_child_barcodes` `cb`
LEFT JOIN `customer_inventory` `i` ON `i`.`id` = `cb`.`inventory_id`
LEFT JOIN `pine_upload_inventory` `c` ON `c`.`id` = `i`.`upload_inventory_id`
WHERE `i`.`rack_id` = :i.rack_id:', [...], false)
 2 APPPATH\Controllers\BarcodeSearchController.php(53): CodeIgniter\Database\BaseBuilder->get()
 3 SYSTEMPATH\CodeIgniter.php(933): App\Controllers\BarcodeSearchController->search('item', '1088')
 4 SYSTEMPATH\CodeIgniter.php(507): CodeIgniter\CodeIgniter->runController(Object(App\Controllers\BarcodeSearchController))
 5 SYSTEMPATH\CodeIgniter.php(354): CodeIgniter\CodeIgniter->handleRequest(null, Object(Config\Cache), false)
 6 SYSTEMPATH\Boot.php(334): CodeIgniter\CodeIgniter->run()
 7 SYSTEMPATH\Boot.php(67): CodeIgniter\Boot::runCodeIgniter(Object(CodeIgniter\CodeIgniter))
 8 FCPATH\index.php(56): CodeIgniter\Boot::bootWeb(Object(Config\Paths))
CRITICAL - 2025-07-23 06:12:47 --> [Caused by] CodeIgniter\Database\Exceptions\DatabaseException: Unknown column 'i.rack_id' in 'where clause'
in SYSTEMPATH\Database\MySQLi\Connection.php on line 332.
 1 SYSTEMPATH\Database\BaseConnection.php(738): CodeIgniter\Database\MySQLi\Connection->execute('SELECT `cb`.*, `i`.`item_name`, `c`.`customer_name`, `c`.`id` as `customer_id`, `c`.`customer_mobile`, `c`.`customer_email`
FROM `customer_inventory_child_barcodes` `cb`
LEFT JOIN `customer_inventory` `i` ON `i`.`id` = `cb`.`inventory_id`
LEFT JOIN `pine_upload_inventory` `c` ON `c`.`id` = `i`.`upload_inventory_id`
WHERE `i`.`rack_id` = \'1088\'')
 2 SYSTEMPATH\Database\BaseConnection.php(652): CodeIgniter\Database\BaseConnection->simpleQuery('SELECT `cb`.*, `i`.`item_name`, `c`.`customer_name`, `c`.`id` as `customer_id`, `c`.`customer_mobile`, `c`.`customer_email`
FROM `customer_inventory_child_barcodes` `cb`
LEFT JOIN `customer_inventory` `i` ON `i`.`id` = `cb`.`inventory_id`
LEFT JOIN `pine_upload_inventory` `c` ON `c`.`id` = `i`.`upload_inventory_id`
WHERE `i`.`rack_id` = \'1088\'')
 3 SYSTEMPATH\Database\BaseBuilder.php(1649): CodeIgniter\Database\BaseConnection->query('SELECT `cb`.*, `i`.`item_name`, `c`.`customer_name`, `c`.`id` as `customer_id`, `c`.`customer_mobile`, `c`.`customer_email`
FROM `customer_inventory_child_barcodes` `cb`
LEFT JOIN `customer_inventory` `i` ON `i`.`id` = `cb`.`inventory_id`
LEFT JOIN `pine_upload_inventory` `c` ON `c`.`id` = `i`.`upload_inventory_id`
WHERE `i`.`rack_id` = :i.rack_id:', [...], false)
 4 APPPATH\Controllers\BarcodeSearchController.php(53): CodeIgniter\Database\BaseBuilder->get()
 5 SYSTEMPATH\CodeIgniter.php(933): App\Controllers\BarcodeSearchController->search('item', '1088')
 6 SYSTEMPATH\CodeIgniter.php(507): CodeIgniter\CodeIgniter->runController(Object(App\Controllers\BarcodeSearchController))
 7 SYSTEMPATH\CodeIgniter.php(354): CodeIgniter\CodeIgniter->handleRequest(null, Object(Config\Cache), false)
 8 SYSTEMPATH\Boot.php(334): CodeIgniter\CodeIgniter->run()
 9 SYSTEMPATH\Boot.php(67): CodeIgniter\Boot::runCodeIgniter(Object(CodeIgniter\CodeIgniter))
10 FCPATH\index.php(56): CodeIgniter\Boot::bootWeb(Object(Config\Paths))
CRITICAL - 2025-07-23 06:12:47 --> [Caused by] mysqli_sql_exception: Unknown column 'i.rack_id' in 'where clause'
in SYSTEMPATH\Database\MySQLi\Connection.php on line 327.
 1 SYSTEMPATH\Database\MySQLi\Connection.php(327): mysqli->query('SELECT `cb`.*, `i`.`item_name`, `c`.`customer_name`, `c`.`id` as `customer_id`, `c`.`customer_mobile`, `c`.`customer_email`
FROM `customer_inventory_child_barcodes` `cb`
LEFT JOIN `customer_inventory` `i` ON `i`.`id` = `cb`.`inventory_id`
LEFT JOIN `pine_upload_inventory` `c` ON `c`.`id` = `i`.`upload_inventory_id`
WHERE `i`.`rack_id` = \'1088\'', 0)
 2 SYSTEMPATH\Database\BaseConnection.php(738): CodeIgniter\Database\MySQLi\Connection->execute('SELECT `cb`.*, `i`.`item_name`, `c`.`customer_name`, `c`.`id` as `customer_id`, `c`.`customer_mobile`, `c`.`customer_email`
FROM `customer_inventory_child_barcodes` `cb`
LEFT JOIN `customer_inventory` `i` ON `i`.`id` = `cb`.`inventory_id`
LEFT JOIN `pine_upload_inventory` `c` ON `c`.`id` = `i`.`upload_inventory_id`
WHERE `i`.`rack_id` = \'1088\'')
 3 SYSTEMPATH\Database\BaseConnection.php(652): CodeIgniter\Database\BaseConnection->simpleQuery('SELECT `cb`.*, `i`.`item_name`, `c`.`customer_name`, `c`.`id` as `customer_id`, `c`.`customer_mobile`, `c`.`customer_email`
FROM `customer_inventory_child_barcodes` `cb`
LEFT JOIN `customer_inventory` `i` ON `i`.`id` = `cb`.`inventory_id`
LEFT JOIN `pine_upload_inventory` `c` ON `c`.`id` = `i`.`upload_inventory_id`
WHERE `i`.`rack_id` = \'1088\'')
 4 SYSTEMPATH\Database\BaseBuilder.php(1649): CodeIgniter\Database\BaseConnection->query('SELECT `cb`.*, `i`.`item_name`, `c`.`customer_name`, `c`.`id` as `customer_id`, `c`.`customer_mobile`, `c`.`customer_email`
FROM `customer_inventory_child_barcodes` `cb`
LEFT JOIN `customer_inventory` `i` ON `i`.`id` = `cb`.`inventory_id`
LEFT JOIN `pine_upload_inventory` `c` ON `c`.`id` = `i`.`upload_inventory_id`
WHERE `i`.`rack_id` = :i.rack_id:', [...], false)
 5 APPPATH\Controllers\BarcodeSearchController.php(53): CodeIgniter\Database\BaseBuilder->get()
 6 SYSTEMPATH\CodeIgniter.php(933): App\Controllers\BarcodeSearchController->search('item', '1088')
 7 SYSTEMPATH\CodeIgniter.php(507): CodeIgniter\CodeIgniter->runController(Object(App\Controllers\BarcodeSearchController))
 8 SYSTEMPATH\CodeIgniter.php(354): CodeIgniter\CodeIgniter->handleRequest(null, Object(Config\Cache), false)
 9 SYSTEMPATH\Boot.php(334): CodeIgniter\CodeIgniter->run()
10 SYSTEMPATH\Boot.php(67): CodeIgniter\Boot::runCodeIgniter(Object(CodeIgniter\CodeIgniter))
11 FCPATH\index.php(56): CodeIgniter\Boot::bootWeb(Object(Config\Paths))
DEBUG - 2025-07-23 06:15:55 --> Session: Class initialized using 'CodeIgniter\Session\Handlers\FileHandler' driver.
DEBUG - 2025-07-23 06:15:55 --> Session: Class initialized using 'CodeIgniter\Session\Handlers\FileHandler' driver.
ERROR - 2025-07-23 06:15:58 --> mysqli_sql_exception: Unknown column 'i.rack_id' in 'field list' in C:\xampp\htdocs\pinestore\system\Database\MySQLi\Connection.php:327
Stack trace:
#0 C:\xampp\htdocs\pinestore\system\Database\MySQLi\Connection.php(327): mysqli->query('SELECT `b`.*, `...', 0)
#1 C:\xampp\htdocs\pinestore\system\Database\BaseConnection.php(738): CodeIgniter\Database\MySQLi\Connection->execute('SELECT `b`.*, `...')
#2 C:\xampp\htdocs\pinestore\system\Database\BaseConnection.php(652): CodeIgniter\Database\BaseConnection->simpleQuery('SELECT `b`.*, `...')
#3 C:\xampp\htdocs\pinestore\system\Database\BaseBuilder.php(1649): CodeIgniter\Database\BaseConnection->query('SELECT `b`.*, `...', Array, false)
#4 C:\xampp\htdocs\pinestore\app\Controllers\BarcodeSearchController.php(31): CodeIgniter\Database\BaseBuilder->get()
#5 C:\xampp\htdocs\pinestore\system\CodeIgniter.php(933): App\Controllers\BarcodeSearchController->search('box', '1088')
#6 C:\xampp\htdocs\pinestore\system\CodeIgniter.php(507): CodeIgniter\CodeIgniter->runController(Object(App\Controllers\BarcodeSearchController))
#7 C:\xampp\htdocs\pinestore\system\CodeIgniter.php(354): CodeIgniter\CodeIgniter->handleRequest(NULL, Object(Config\Cache), false)
#8 C:\xampp\htdocs\pinestore\system\Boot.php(334): CodeIgniter\CodeIgniter->run()
#9 C:\xampp\htdocs\pinestore\system\Boot.php(67): CodeIgniter\Boot::runCodeIgniter(Object(CodeIgniter\CodeIgniter))
#10 C:\xampp\htdocs\pinestore\index.php(56): CodeIgniter\Boot::bootWeb(Object(Config\Paths))
#11 {main}
CRITICAL - 2025-07-23 06:15:58 --> CodeIgniter\Database\Exceptions\DatabaseException: Unknown column 'i.rack_id' in 'field list'
[Method: GET, Route: barcode-search/box/1088]
in SYSTEMPATH\Database\BaseConnection.php on line 692.
 1 SYSTEMPATH\Database\BaseBuilder.php(1649): CodeIgniter\Database\BaseConnection->query('SELECT `b`.*, `i`.`item_name`, `i`.`rack_id`, `c`.`customer_name`, `c`.`id` as `customer_id`, `c`.`customer_mobile`, `c`.`customer_email`
FROM `pine_store_warehouse_barcodes` `b`
LEFT JOIN `customer_inventory` `i` ON `i`.`id` = `b`.`rack_product_id`
LEFT JOIN `pine_upload_inventory` `c` ON `c`.`id` = `i`.`upload_inventory_id`
WHERE `b`.`rack_product_id` = :b.rack_product_id:', [...], false)
 2 APPPATH\Controllers\BarcodeSearchController.php(31): CodeIgniter\Database\BaseBuilder->get()
 3 SYSTEMPATH\CodeIgniter.php(933): App\Controllers\BarcodeSearchController->search('box', '1088')
 4 SYSTEMPATH\CodeIgniter.php(507): CodeIgniter\CodeIgniter->runController(Object(App\Controllers\BarcodeSearchController))
 5 SYSTEMPATH\CodeIgniter.php(354): CodeIgniter\CodeIgniter->handleRequest(null, Object(Config\Cache), false)
 6 SYSTEMPATH\Boot.php(334): CodeIgniter\CodeIgniter->run()
 7 SYSTEMPATH\Boot.php(67): CodeIgniter\Boot::runCodeIgniter(Object(CodeIgniter\CodeIgniter))
 8 FCPATH\index.php(56): CodeIgniter\Boot::bootWeb(Object(Config\Paths))
CRITICAL - 2025-07-23 06:15:58 --> [Caused by] CodeIgniter\Database\Exceptions\DatabaseException: Unknown column 'i.rack_id' in 'field list'
in SYSTEMPATH\Database\MySQLi\Connection.php on line 332.
 1 SYSTEMPATH\Database\BaseConnection.php(738): CodeIgniter\Database\MySQLi\Connection->execute('SELECT `b`.*, `i`.`item_name`, `i`.`rack_id`, `c`.`customer_name`, `c`.`id` as `customer_id`, `c`.`customer_mobile`, `c`.`customer_email`
FROM `pine_store_warehouse_barcodes` `b`
LEFT JOIN `customer_inventory` `i` ON `i`.`id` = `b`.`rack_product_id`
LEFT JOIN `pine_upload_inventory` `c` ON `c`.`id` = `i`.`upload_inventory_id`
WHERE `b`.`rack_product_id` = \'1088\'')
 2 SYSTEMPATH\Database\BaseConnection.php(652): CodeIgniter\Database\BaseConnection->simpleQuery('SELECT `b`.*, `i`.`item_name`, `i`.`rack_id`, `c`.`customer_name`, `c`.`id` as `customer_id`, `c`.`customer_mobile`, `c`.`customer_email`
FROM `pine_store_warehouse_barcodes` `b`
LEFT JOIN `customer_inventory` `i` ON `i`.`id` = `b`.`rack_product_id`
LEFT JOIN `pine_upload_inventory` `c` ON `c`.`id` = `i`.`upload_inventory_id`
WHERE `b`.`rack_product_id` = \'1088\'')
 3 SYSTEMPATH\Database\BaseBuilder.php(1649): CodeIgniter\Database\BaseConnection->query('SELECT `b`.*, `i`.`item_name`, `i`.`rack_id`, `c`.`customer_name`, `c`.`id` as `customer_id`, `c`.`customer_mobile`, `c`.`customer_email`
FROM `pine_store_warehouse_barcodes` `b`
LEFT JOIN `customer_inventory` `i` ON `i`.`id` = `b`.`rack_product_id`
LEFT JOIN `pine_upload_inventory` `c` ON `c`.`id` = `i`.`upload_inventory_id`
WHERE `b`.`rack_product_id` = :b.rack_product_id:', [...], false)
 4 APPPATH\Controllers\BarcodeSearchController.php(31): CodeIgniter\Database\BaseBuilder->get()
 5 SYSTEMPATH\CodeIgniter.php(933): App\Controllers\BarcodeSearchController->search('box', '1088')
 6 SYSTEMPATH\CodeIgniter.php(507): CodeIgniter\CodeIgniter->runController(Object(App\Controllers\BarcodeSearchController))
 7 SYSTEMPATH\CodeIgniter.php(354): CodeIgniter\CodeIgniter->handleRequest(null, Object(Config\Cache), false)
 8 SYSTEMPATH\Boot.php(334): CodeIgniter\CodeIgniter->run()
 9 SYSTEMPATH\Boot.php(67): CodeIgniter\Boot::runCodeIgniter(Object(CodeIgniter\CodeIgniter))
10 FCPATH\index.php(56): CodeIgniter\Boot::bootWeb(Object(Config\Paths))
CRITICAL - 2025-07-23 06:15:58 --> [Caused by] mysqli_sql_exception: Unknown column 'i.rack_id' in 'field list'
in SYSTEMPATH\Database\MySQLi\Connection.php on line 327.
 1 SYSTEMPATH\Database\MySQLi\Connection.php(327): mysqli->query('SELECT `b`.*, `i`.`item_name`, `i`.`rack_id`, `c`.`customer_name`, `c`.`id` as `customer_id`, `c`.`customer_mobile`, `c`.`customer_email`
FROM `pine_store_warehouse_barcodes` `b`
LEFT JOIN `customer_inventory` `i` ON `i`.`id` = `b`.`rack_product_id`
LEFT JOIN `pine_upload_inventory` `c` ON `c`.`id` = `i`.`upload_inventory_id`
WHERE `b`.`rack_product_id` = \'1088\'', 0)
 2 SYSTEMPATH\Database\BaseConnection.php(738): CodeIgniter\Database\MySQLi\Connection->execute('SELECT `b`.*, `i`.`item_name`, `i`.`rack_id`, `c`.`customer_name`, `c`.`id` as `customer_id`, `c`.`customer_mobile`, `c`.`customer_email`
FROM `pine_store_warehouse_barcodes` `b`
LEFT JOIN `customer_inventory` `i` ON `i`.`id` = `b`.`rack_product_id`
LEFT JOIN `pine_upload_inventory` `c` ON `c`.`id` = `i`.`upload_inventory_id`
WHERE `b`.`rack_product_id` = \'1088\'')
 3 SYSTEMPATH\Database\BaseConnection.php(652): CodeIgniter\Database\BaseConnection->simpleQuery('SELECT `b`.*, `i`.`item_name`, `i`.`rack_id`, `c`.`customer_name`, `c`.`id` as `customer_id`, `c`.`customer_mobile`, `c`.`customer_email`
FROM `pine_store_warehouse_barcodes` `b`
LEFT JOIN `customer_inventory` `i` ON `i`.`id` = `b`.`rack_product_id`
LEFT JOIN `pine_upload_inventory` `c` ON `c`.`id` = `i`.`upload_inventory_id`
WHERE `b`.`rack_product_id` = \'1088\'')
 4 SYSTEMPATH\Database\BaseBuilder.php(1649): CodeIgniter\Database\BaseConnection->query('SELECT `b`.*, `i`.`item_name`, `i`.`rack_id`, `c`.`customer_name`, `c`.`id` as `customer_id`, `c`.`customer_mobile`, `c`.`customer_email`
FROM `pine_store_warehouse_barcodes` `b`
LEFT JOIN `customer_inventory` `i` ON `i`.`id` = `b`.`rack_product_id`
LEFT JOIN `pine_upload_inventory` `c` ON `c`.`id` = `i`.`upload_inventory_id`
WHERE `b`.`rack_product_id` = :b.rack_product_id:', [...], false)
 5 APPPATH\Controllers\BarcodeSearchController.php(31): CodeIgniter\Database\BaseBuilder->get()
 6 SYSTEMPATH\CodeIgniter.php(933): App\Controllers\BarcodeSearchController->search('box', '1088')
 7 SYSTEMPATH\CodeIgniter.php(507): CodeIgniter\CodeIgniter->runController(Object(App\Controllers\BarcodeSearchController))
 8 SYSTEMPATH\CodeIgniter.php(354): CodeIgniter\CodeIgniter->handleRequest(null, Object(Config\Cache), false)
 9 SYSTEMPATH\Boot.php(334): CodeIgniter\CodeIgniter->run()
10 SYSTEMPATH\Boot.php(67): CodeIgniter\Boot::runCodeIgniter(Object(CodeIgniter\CodeIgniter))
11 FCPATH\index.php(56): CodeIgniter\Boot::bootWeb(Object(Config\Paths))
ERROR - 2025-07-23 06:16:01 --> mysqli_sql_exception: Unknown column 'i.rack_id' in 'field list' in C:\xampp\htdocs\pinestore\system\Database\MySQLi\Connection.php:327
Stack trace:
#0 C:\xampp\htdocs\pinestore\system\Database\MySQLi\Connection.php(327): mysqli->query('SELECT `b`.*, `...', 0)
#1 C:\xampp\htdocs\pinestore\system\Database\BaseConnection.php(738): CodeIgniter\Database\MySQLi\Connection->execute('SELECT `b`.*, `...')
#2 C:\xampp\htdocs\pinestore\system\Database\BaseConnection.php(652): CodeIgniter\Database\BaseConnection->simpleQuery('SELECT `b`.*, `...')
#3 C:\xampp\htdocs\pinestore\system\Database\BaseBuilder.php(1649): CodeIgniter\Database\BaseConnection->query('SELECT `b`.*, `...', Array, false)
#4 C:\xampp\htdocs\pinestore\app\Controllers\BarcodeSearchController.php(31): CodeIgniter\Database\BaseBuilder->get()
#5 C:\xampp\htdocs\pinestore\system\CodeIgniter.php(933): App\Controllers\BarcodeSearchController->search('box', '1088')
#6 C:\xampp\htdocs\pinestore\system\CodeIgniter.php(507): CodeIgniter\CodeIgniter->runController(Object(App\Controllers\BarcodeSearchController))
#7 C:\xampp\htdocs\pinestore\system\CodeIgniter.php(354): CodeIgniter\CodeIgniter->handleRequest(NULL, Object(Config\Cache), false)
#8 C:\xampp\htdocs\pinestore\system\Boot.php(334): CodeIgniter\CodeIgniter->run()
#9 C:\xampp\htdocs\pinestore\system\Boot.php(67): CodeIgniter\Boot::runCodeIgniter(Object(CodeIgniter\CodeIgniter))
#10 C:\xampp\htdocs\pinestore\index.php(56): CodeIgniter\Boot::bootWeb(Object(Config\Paths))
#11 {main}
CRITICAL - 2025-07-23 06:16:01 --> CodeIgniter\Database\Exceptions\DatabaseException: Unknown column 'i.rack_id' in 'field list'
[Method: GET, Route: barcode-search/box/1088]
in SYSTEMPATH\Database\BaseConnection.php on line 692.
 1 SYSTEMPATH\Database\BaseBuilder.php(1649): CodeIgniter\Database\BaseConnection->query('SELECT `b`.*, `i`.`item_name`, `i`.`rack_id`, `c`.`customer_name`, `c`.`id` as `customer_id`, `c`.`customer_mobile`, `c`.`customer_email`
FROM `pine_store_warehouse_barcodes` `b`
LEFT JOIN `customer_inventory` `i` ON `i`.`id` = `b`.`rack_product_id`
LEFT JOIN `pine_upload_inventory` `c` ON `c`.`id` = `i`.`upload_inventory_id`
WHERE `b`.`rack_product_id` = :b.rack_product_id:', [...], false)
 2 APPPATH\Controllers\BarcodeSearchController.php(31): CodeIgniter\Database\BaseBuilder->get()
 3 SYSTEMPATH\CodeIgniter.php(933): App\Controllers\BarcodeSearchController->search('box', '1088')
 4 SYSTEMPATH\CodeIgniter.php(507): CodeIgniter\CodeIgniter->runController(Object(App\Controllers\BarcodeSearchController))
 5 SYSTEMPATH\CodeIgniter.php(354): CodeIgniter\CodeIgniter->handleRequest(null, Object(Config\Cache), false)
 6 SYSTEMPATH\Boot.php(334): CodeIgniter\CodeIgniter->run()
 7 SYSTEMPATH\Boot.php(67): CodeIgniter\Boot::runCodeIgniter(Object(CodeIgniter\CodeIgniter))
 8 FCPATH\index.php(56): CodeIgniter\Boot::bootWeb(Object(Config\Paths))
CRITICAL - 2025-07-23 06:16:01 --> [Caused by] CodeIgniter\Database\Exceptions\DatabaseException: Unknown column 'i.rack_id' in 'field list'
in SYSTEMPATH\Database\MySQLi\Connection.php on line 332.
 1 SYSTEMPATH\Database\BaseConnection.php(738): CodeIgniter\Database\MySQLi\Connection->execute('SELECT `b`.*, `i`.`item_name`, `i`.`rack_id`, `c`.`customer_name`, `c`.`id` as `customer_id`, `c`.`customer_mobile`, `c`.`customer_email`
FROM `pine_store_warehouse_barcodes` `b`
LEFT JOIN `customer_inventory` `i` ON `i`.`id` = `b`.`rack_product_id`
LEFT JOIN `pine_upload_inventory` `c` ON `c`.`id` = `i`.`upload_inventory_id`
WHERE `b`.`rack_product_id` = \'1088\'')
 2 SYSTEMPATH\Database\BaseConnection.php(652): CodeIgniter\Database\BaseConnection->simpleQuery('SELECT `b`.*, `i`.`item_name`, `i`.`rack_id`, `c`.`customer_name`, `c`.`id` as `customer_id`, `c`.`customer_mobile`, `c`.`customer_email`
FROM `pine_store_warehouse_barcodes` `b`
LEFT JOIN `customer_inventory` `i` ON `i`.`id` = `b`.`rack_product_id`
LEFT JOIN `pine_upload_inventory` `c` ON `c`.`id` = `i`.`upload_inventory_id`
WHERE `b`.`rack_product_id` = \'1088\'')
 3 SYSTEMPATH\Database\BaseBuilder.php(1649): CodeIgniter\Database\BaseConnection->query('SELECT `b`.*, `i`.`item_name`, `i`.`rack_id`, `c`.`customer_name`, `c`.`id` as `customer_id`, `c`.`customer_mobile`, `c`.`customer_email`
FROM `pine_store_warehouse_barcodes` `b`
LEFT JOIN `customer_inventory` `i` ON `i`.`id` = `b`.`rack_product_id`
LEFT JOIN `pine_upload_inventory` `c` ON `c`.`id` = `i`.`upload_inventory_id`
WHERE `b`.`rack_product_id` = :b.rack_product_id:', [...], false)
 4 APPPATH\Controllers\BarcodeSearchController.php(31): CodeIgniter\Database\BaseBuilder->get()
 5 SYSTEMPATH\CodeIgniter.php(933): App\Controllers\BarcodeSearchController->search('box', '1088')
 6 SYSTEMPATH\CodeIgniter.php(507): CodeIgniter\CodeIgniter->runController(Object(App\Controllers\BarcodeSearchController))
 7 SYSTEMPATH\CodeIgniter.php(354): CodeIgniter\CodeIgniter->handleRequest(null, Object(Config\Cache), false)
 8 SYSTEMPATH\Boot.php(334): CodeIgniter\CodeIgniter->run()
 9 SYSTEMPATH\Boot.php(67): CodeIgniter\Boot::runCodeIgniter(Object(CodeIgniter\CodeIgniter))
10 FCPATH\index.php(56): CodeIgniter\Boot::bootWeb(Object(Config\Paths))
CRITICAL - 2025-07-23 06:16:01 --> [Caused by] mysqli_sql_exception: Unknown column 'i.rack_id' in 'field list'
in SYSTEMPATH\Database\MySQLi\Connection.php on line 327.
 1 SYSTEMPATH\Database\MySQLi\Connection.php(327): mysqli->query('SELECT `b`.*, `i`.`item_name`, `i`.`rack_id`, `c`.`customer_name`, `c`.`id` as `customer_id`, `c`.`customer_mobile`, `c`.`customer_email`
FROM `pine_store_warehouse_barcodes` `b`
LEFT JOIN `customer_inventory` `i` ON `i`.`id` = `b`.`rack_product_id`
LEFT JOIN `pine_upload_inventory` `c` ON `c`.`id` = `i`.`upload_inventory_id`
WHERE `b`.`rack_product_id` = \'1088\'', 0)
 2 SYSTEMPATH\Database\BaseConnection.php(738): CodeIgniter\Database\MySQLi\Connection->execute('SELECT `b`.*, `i`.`item_name`, `i`.`rack_id`, `c`.`customer_name`, `c`.`id` as `customer_id`, `c`.`customer_mobile`, `c`.`customer_email`
FROM `pine_store_warehouse_barcodes` `b`
LEFT JOIN `customer_inventory` `i` ON `i`.`id` = `b`.`rack_product_id`
LEFT JOIN `pine_upload_inventory` `c` ON `c`.`id` = `i`.`upload_inventory_id`
WHERE `b`.`rack_product_id` = \'1088\'')
 3 SYSTEMPATH\Database\BaseConnection.php(652): CodeIgniter\Database\BaseConnection->simpleQuery('SELECT `b`.*, `i`.`item_name`, `i`.`rack_id`, `c`.`customer_name`, `c`.`id` as `customer_id`, `c`.`customer_mobile`, `c`.`customer_email`
FROM `pine_store_warehouse_barcodes` `b`
LEFT JOIN `customer_inventory` `i` ON `i`.`id` = `b`.`rack_product_id`
LEFT JOIN `pine_upload_inventory` `c` ON `c`.`id` = `i`.`upload_inventory_id`
WHERE `b`.`rack_product_id` = \'1088\'')
 4 SYSTEMPATH\Database\BaseBuilder.php(1649): CodeIgniter\Database\BaseConnection->query('SELECT `b`.*, `i`.`item_name`, `i`.`rack_id`, `c`.`customer_name`, `c`.`id` as `customer_id`, `c`.`customer_mobile`, `c`.`customer_email`
FROM `pine_store_warehouse_barcodes` `b`
LEFT JOIN `customer_inventory` `i` ON `i`.`id` = `b`.`rack_product_id`
LEFT JOIN `pine_upload_inventory` `c` ON `c`.`id` = `i`.`upload_inventory_id`
WHERE `b`.`rack_product_id` = :b.rack_product_id:', [...], false)
 5 APPPATH\Controllers\BarcodeSearchController.php(31): CodeIgniter\Database\BaseBuilder->get()
 6 SYSTEMPATH\CodeIgniter.php(933): App\Controllers\BarcodeSearchController->search('box', '1088')
 7 SYSTEMPATH\CodeIgniter.php(507): CodeIgniter\CodeIgniter->runController(Object(App\Controllers\BarcodeSearchController))
 8 SYSTEMPATH\CodeIgniter.php(354): CodeIgniter\CodeIgniter->handleRequest(null, Object(Config\Cache), false)
 9 SYSTEMPATH\Boot.php(334): CodeIgniter\CodeIgniter->run()
10 SYSTEMPATH\Boot.php(67): CodeIgniter\Boot::runCodeIgniter(Object(CodeIgniter\CodeIgniter))
11 FCPATH\index.php(56): CodeIgniter\Boot::bootWeb(Object(Config\Paths))
ERROR - 2025-07-23 06:16:01 --> mysqli_sql_exception: Unknown column 'i.rack_id' in 'field list' in C:\xampp\htdocs\pinestore\system\Database\MySQLi\Connection.php:327
Stack trace:
#0 C:\xampp\htdocs\pinestore\system\Database\MySQLi\Connection.php(327): mysqli->query('SELECT `b`.*, `...', 0)
#1 C:\xampp\htdocs\pinestore\system\Database\BaseConnection.php(738): CodeIgniter\Database\MySQLi\Connection->execute('SELECT `b`.*, `...')
#2 C:\xampp\htdocs\pinestore\system\Database\BaseConnection.php(652): CodeIgniter\Database\BaseConnection->simpleQuery('SELECT `b`.*, `...')
#3 C:\xampp\htdocs\pinestore\system\Database\BaseBuilder.php(1649): CodeIgniter\Database\BaseConnection->query('SELECT `b`.*, `...', Array, false)
#4 C:\xampp\htdocs\pinestore\app\Controllers\BarcodeSearchController.php(31): CodeIgniter\Database\BaseBuilder->get()
#5 C:\xampp\htdocs\pinestore\system\CodeIgniter.php(933): App\Controllers\BarcodeSearchController->search('box', '1088')
#6 C:\xampp\htdocs\pinestore\system\CodeIgniter.php(507): CodeIgniter\CodeIgniter->runController(Object(App\Controllers\BarcodeSearchController))
#7 C:\xampp\htdocs\pinestore\system\CodeIgniter.php(354): CodeIgniter\CodeIgniter->handleRequest(NULL, Object(Config\Cache), false)
#8 C:\xampp\htdocs\pinestore\system\Boot.php(334): CodeIgniter\CodeIgniter->run()
#9 C:\xampp\htdocs\pinestore\system\Boot.php(67): CodeIgniter\Boot::runCodeIgniter(Object(CodeIgniter\CodeIgniter))
#10 C:\xampp\htdocs\pinestore\index.php(56): CodeIgniter\Boot::bootWeb(Object(Config\Paths))
#11 {main}
CRITICAL - 2025-07-23 06:16:01 --> CodeIgniter\Database\Exceptions\DatabaseException: Unknown column 'i.rack_id' in 'field list'
[Method: GET, Route: barcode-search/box/1088]
in SYSTEMPATH\Database\BaseConnection.php on line 692.
 1 SYSTEMPATH\Database\BaseBuilder.php(1649): CodeIgniter\Database\BaseConnection->query('SELECT `b`.*, `i`.`item_name`, `i`.`rack_id`, `c`.`customer_name`, `c`.`id` as `customer_id`, `c`.`customer_mobile`, `c`.`customer_email`
FROM `pine_store_warehouse_barcodes` `b`
LEFT JOIN `customer_inventory` `i` ON `i`.`id` = `b`.`rack_product_id`
LEFT JOIN `pine_upload_inventory` `c` ON `c`.`id` = `i`.`upload_inventory_id`
WHERE `b`.`rack_product_id` = :b.rack_product_id:', [...], false)
 2 APPPATH\Controllers\BarcodeSearchController.php(31): CodeIgniter\Database\BaseBuilder->get()
 3 SYSTEMPATH\CodeIgniter.php(933): App\Controllers\BarcodeSearchController->search('box', '1088')
 4 SYSTEMPATH\CodeIgniter.php(507): CodeIgniter\CodeIgniter->runController(Object(App\Controllers\BarcodeSearchController))
 5 SYSTEMPATH\CodeIgniter.php(354): CodeIgniter\CodeIgniter->handleRequest(null, Object(Config\Cache), false)
 6 SYSTEMPATH\Boot.php(334): CodeIgniter\CodeIgniter->run()
 7 SYSTEMPATH\Boot.php(67): CodeIgniter\Boot::runCodeIgniter(Object(CodeIgniter\CodeIgniter))
 8 FCPATH\index.php(56): CodeIgniter\Boot::bootWeb(Object(Config\Paths))
CRITICAL - 2025-07-23 06:16:01 --> [Caused by] CodeIgniter\Database\Exceptions\DatabaseException: Unknown column 'i.rack_id' in 'field list'
in SYSTEMPATH\Database\MySQLi\Connection.php on line 332.
 1 SYSTEMPATH\Database\BaseConnection.php(738): CodeIgniter\Database\MySQLi\Connection->execute('SELECT `b`.*, `i`.`item_name`, `i`.`rack_id`, `c`.`customer_name`, `c`.`id` as `customer_id`, `c`.`customer_mobile`, `c`.`customer_email`
FROM `pine_store_warehouse_barcodes` `b`
LEFT JOIN `customer_inventory` `i` ON `i`.`id` = `b`.`rack_product_id`
LEFT JOIN `pine_upload_inventory` `c` ON `c`.`id` = `i`.`upload_inventory_id`
WHERE `b`.`rack_product_id` = \'1088\'')
 2 SYSTEMPATH\Database\BaseConnection.php(652): CodeIgniter\Database\BaseConnection->simpleQuery('SELECT `b`.*, `i`.`item_name`, `i`.`rack_id`, `c`.`customer_name`, `c`.`id` as `customer_id`, `c`.`customer_mobile`, `c`.`customer_email`
FROM `pine_store_warehouse_barcodes` `b`
LEFT JOIN `customer_inventory` `i` ON `i`.`id` = `b`.`rack_product_id`
LEFT JOIN `pine_upload_inventory` `c` ON `c`.`id` = `i`.`upload_inventory_id`
WHERE `b`.`rack_product_id` = \'1088\'')
 3 SYSTEMPATH\Database\BaseBuilder.php(1649): CodeIgniter\Database\BaseConnection->query('SELECT `b`.*, `i`.`item_name`, `i`.`rack_id`, `c`.`customer_name`, `c`.`id` as `customer_id`, `c`.`customer_mobile`, `c`.`customer_email`
FROM `pine_store_warehouse_barcodes` `b`
LEFT JOIN `customer_inventory` `i` ON `i`.`id` = `b`.`rack_product_id`
LEFT JOIN `pine_upload_inventory` `c` ON `c`.`id` = `i`.`upload_inventory_id`
WHERE `b`.`rack_product_id` = :b.rack_product_id:', [...], false)
 4 APPPATH\Controllers\BarcodeSearchController.php(31): CodeIgniter\Database\BaseBuilder->get()
 5 SYSTEMPATH\CodeIgniter.php(933): App\Controllers\BarcodeSearchController->search('box', '1088')
 6 SYSTEMPATH\CodeIgniter.php(507): CodeIgniter\CodeIgniter->runController(Object(App\Controllers\BarcodeSearchController))
 7 SYSTEMPATH\CodeIgniter.php(354): CodeIgniter\CodeIgniter->handleRequest(null, Object(Config\Cache), false)
 8 SYSTEMPATH\Boot.php(334): CodeIgniter\CodeIgniter->run()
 9 SYSTEMPATH\Boot.php(67): CodeIgniter\Boot::runCodeIgniter(Object(CodeIgniter\CodeIgniter))
10 FCPATH\index.php(56): CodeIgniter\Boot::bootWeb(Object(Config\Paths))
CRITICAL - 2025-07-23 06:16:01 --> [Caused by] mysqli_sql_exception: Unknown column 'i.rack_id' in 'field list'
in SYSTEMPATH\Database\MySQLi\Connection.php on line 327.
 1 SYSTEMPATH\Database\MySQLi\Connection.php(327): mysqli->query('SELECT `b`.*, `i`.`item_name`, `i`.`rack_id`, `c`.`customer_name`, `c`.`id` as `customer_id`, `c`.`customer_mobile`, `c`.`customer_email`
FROM `pine_store_warehouse_barcodes` `b`
LEFT JOIN `customer_inventory` `i` ON `i`.`id` = `b`.`rack_product_id`
LEFT JOIN `pine_upload_inventory` `c` ON `c`.`id` = `i`.`upload_inventory_id`
WHERE `b`.`rack_product_id` = \'1088\'', 0)
 2 SYSTEMPATH\Database\BaseConnection.php(738): CodeIgniter\Database\MySQLi\Connection->execute('SELECT `b`.*, `i`.`item_name`, `i`.`rack_id`, `c`.`customer_name`, `c`.`id` as `customer_id`, `c`.`customer_mobile`, `c`.`customer_email`
FROM `pine_store_warehouse_barcodes` `b`
LEFT JOIN `customer_inventory` `i` ON `i`.`id` = `b`.`rack_product_id`
LEFT JOIN `pine_upload_inventory` `c` ON `c`.`id` = `i`.`upload_inventory_id`
WHERE `b`.`rack_product_id` = \'1088\'')
 3 SYSTEMPATH\Database\BaseConnection.php(652): CodeIgniter\Database\BaseConnection->simpleQuery('SELECT `b`.*, `i`.`item_name`, `i`.`rack_id`, `c`.`customer_name`, `c`.`id` as `customer_id`, `c`.`customer_mobile`, `c`.`customer_email`
FROM `pine_store_warehouse_barcodes` `b`
LEFT JOIN `customer_inventory` `i` ON `i`.`id` = `b`.`rack_product_id`
LEFT JOIN `pine_upload_inventory` `c` ON `c`.`id` = `i`.`upload_inventory_id`
WHERE `b`.`rack_product_id` = \'1088\'')
 4 SYSTEMPATH\Database\BaseBuilder.php(1649): CodeIgniter\Database\BaseConnection->query('SELECT `b`.*, `i`.`item_name`, `i`.`rack_id`, `c`.`customer_name`, `c`.`id` as `customer_id`, `c`.`customer_mobile`, `c`.`customer_email`
FROM `pine_store_warehouse_barcodes` `b`
LEFT JOIN `customer_inventory` `i` ON `i`.`id` = `b`.`rack_product_id`
LEFT JOIN `pine_upload_inventory` `c` ON `c`.`id` = `i`.`upload_inventory_id`
WHERE `b`.`rack_product_id` = :b.rack_product_id:', [...], false)
 5 APPPATH\Controllers\BarcodeSearchController.php(31): CodeIgniter\Database\BaseBuilder->get()
 6 SYSTEMPATH\CodeIgniter.php(933): App\Controllers\BarcodeSearchController->search('box', '1088')
 7 SYSTEMPATH\CodeIgniter.php(507): CodeIgniter\CodeIgniter->runController(Object(App\Controllers\BarcodeSearchController))
 8 SYSTEMPATH\CodeIgniter.php(354): CodeIgniter\CodeIgniter->handleRequest(null, Object(Config\Cache), false)
 9 SYSTEMPATH\Boot.php(334): CodeIgniter\CodeIgniter->run()
10 SYSTEMPATH\Boot.php(67): CodeIgniter\Boot::runCodeIgniter(Object(CodeIgniter\CodeIgniter))
11 FCPATH\index.php(56): CodeIgniter\Boot::bootWeb(Object(Config\Paths))
ERROR - 2025-07-23 06:16:01 --> mysqli_sql_exception: Unknown column 'i.rack_id' in 'field list' in C:\xampp\htdocs\pinestore\system\Database\MySQLi\Connection.php:327
Stack trace:
#0 C:\xampp\htdocs\pinestore\system\Database\MySQLi\Connection.php(327): mysqli->query('SELECT `b`.*, `...', 0)
#1 C:\xampp\htdocs\pinestore\system\Database\BaseConnection.php(738): CodeIgniter\Database\MySQLi\Connection->execute('SELECT `b`.*, `...')
#2 C:\xampp\htdocs\pinestore\system\Database\BaseConnection.php(652): CodeIgniter\Database\BaseConnection->simpleQuery('SELECT `b`.*, `...')
#3 C:\xampp\htdocs\pinestore\system\Database\BaseBuilder.php(1649): CodeIgniter\Database\BaseConnection->query('SELECT `b`.*, `...', Array, false)
#4 C:\xampp\htdocs\pinestore\app\Controllers\BarcodeSearchController.php(31): CodeIgniter\Database\BaseBuilder->get()
#5 C:\xampp\htdocs\pinestore\system\CodeIgniter.php(933): App\Controllers\BarcodeSearchController->search('box', '1088')
#6 C:\xampp\htdocs\pinestore\system\CodeIgniter.php(507): CodeIgniter\CodeIgniter->runController(Object(App\Controllers\BarcodeSearchController))
#7 C:\xampp\htdocs\pinestore\system\CodeIgniter.php(354): CodeIgniter\CodeIgniter->handleRequest(NULL, Object(Config\Cache), false)
#8 C:\xampp\htdocs\pinestore\system\Boot.php(334): CodeIgniter\CodeIgniter->run()
#9 C:\xampp\htdocs\pinestore\system\Boot.php(67): CodeIgniter\Boot::runCodeIgniter(Object(CodeIgniter\CodeIgniter))
#10 C:\xampp\htdocs\pinestore\index.php(56): CodeIgniter\Boot::bootWeb(Object(Config\Paths))
#11 {main}
CRITICAL - 2025-07-23 06:16:01 --> CodeIgniter\Database\Exceptions\DatabaseException: Unknown column 'i.rack_id' in 'field list'
[Method: GET, Route: barcode-search/box/1088]
in SYSTEMPATH\Database\BaseConnection.php on line 692.
 1 SYSTEMPATH\Database\BaseBuilder.php(1649): CodeIgniter\Database\BaseConnection->query('SELECT `b`.*, `i`.`item_name`, `i`.`rack_id`, `c`.`customer_name`, `c`.`id` as `customer_id`, `c`.`customer_mobile`, `c`.`customer_email`
FROM `pine_store_warehouse_barcodes` `b`
LEFT JOIN `customer_inventory` `i` ON `i`.`id` = `b`.`rack_product_id`
LEFT JOIN `pine_upload_inventory` `c` ON `c`.`id` = `i`.`upload_inventory_id`
WHERE `b`.`rack_product_id` = :b.rack_product_id:', [...], false)
 2 APPPATH\Controllers\BarcodeSearchController.php(31): CodeIgniter\Database\BaseBuilder->get()
 3 SYSTEMPATH\CodeIgniter.php(933): App\Controllers\BarcodeSearchController->search('box', '1088')
 4 SYSTEMPATH\CodeIgniter.php(507): CodeIgniter\CodeIgniter->runController(Object(App\Controllers\BarcodeSearchController))
 5 SYSTEMPATH\CodeIgniter.php(354): CodeIgniter\CodeIgniter->handleRequest(null, Object(Config\Cache), false)
 6 SYSTEMPATH\Boot.php(334): CodeIgniter\CodeIgniter->run()
 7 SYSTEMPATH\Boot.php(67): CodeIgniter\Boot::runCodeIgniter(Object(CodeIgniter\CodeIgniter))
 8 FCPATH\index.php(56): CodeIgniter\Boot::bootWeb(Object(Config\Paths))
CRITICAL - 2025-07-23 06:16:01 --> [Caused by] CodeIgniter\Database\Exceptions\DatabaseException: Unknown column 'i.rack_id' in 'field list'
in SYSTEMPATH\Database\MySQLi\Connection.php on line 332.
 1 SYSTEMPATH\Database\BaseConnection.php(738): CodeIgniter\Database\MySQLi\Connection->execute('SELECT `b`.*, `i`.`item_name`, `i`.`rack_id`, `c`.`customer_name`, `c`.`id` as `customer_id`, `c`.`customer_mobile`, `c`.`customer_email`
FROM `pine_store_warehouse_barcodes` `b`
LEFT JOIN `customer_inventory` `i` ON `i`.`id` = `b`.`rack_product_id`
LEFT JOIN `pine_upload_inventory` `c` ON `c`.`id` = `i`.`upload_inventory_id`
WHERE `b`.`rack_product_id` = \'1088\'')
 2 SYSTEMPATH\Database\BaseConnection.php(652): CodeIgniter\Database\BaseConnection->simpleQuery('SELECT `b`.*, `i`.`item_name`, `i`.`rack_id`, `c`.`customer_name`, `c`.`id` as `customer_id`, `c`.`customer_mobile`, `c`.`customer_email`
FROM `pine_store_warehouse_barcodes` `b`
LEFT JOIN `customer_inventory` `i` ON `i`.`id` = `b`.`rack_product_id`
LEFT JOIN `pine_upload_inventory` `c` ON `c`.`id` = `i`.`upload_inventory_id`
WHERE `b`.`rack_product_id` = \'1088\'')
 3 SYSTEMPATH\Database\BaseBuilder.php(1649): CodeIgniter\Database\BaseConnection->query('SELECT `b`.*, `i`.`item_name`, `i`.`rack_id`, `c`.`customer_name`, `c`.`id` as `customer_id`, `c`.`customer_mobile`, `c`.`customer_email`
FROM `pine_store_warehouse_barcodes` `b`
LEFT JOIN `customer_inventory` `i` ON `i`.`id` = `b`.`rack_product_id`
LEFT JOIN `pine_upload_inventory` `c` ON `c`.`id` = `i`.`upload_inventory_id`
WHERE `b`.`rack_product_id` = :b.rack_product_id:', [...], false)
 4 APPPATH\Controllers\BarcodeSearchController.php(31): CodeIgniter\Database\BaseBuilder->get()
 5 SYSTEMPATH\CodeIgniter.php(933): App\Controllers\BarcodeSearchController->search('box', '1088')
 6 SYSTEMPATH\CodeIgniter.php(507): CodeIgniter\CodeIgniter->runController(Object(App\Controllers\BarcodeSearchController))
 7 SYSTEMPATH\CodeIgniter.php(354): CodeIgniter\CodeIgniter->handleRequest(null, Object(Config\Cache), false)
 8 SYSTEMPATH\Boot.php(334): CodeIgniter\CodeIgniter->run()
 9 SYSTEMPATH\Boot.php(67): CodeIgniter\Boot::runCodeIgniter(Object(CodeIgniter\CodeIgniter))
10 FCPATH\index.php(56): CodeIgniter\Boot::bootWeb(Object(Config\Paths))
CRITICAL - 2025-07-23 06:16:01 --> [Caused by] mysqli_sql_exception: Unknown column 'i.rack_id' in 'field list'
in SYSTEMPATH\Database\MySQLi\Connection.php on line 327.
 1 SYSTEMPATH\Database\MySQLi\Connection.php(327): mysqli->query('SELECT `b`.*, `i`.`item_name`, `i`.`rack_id`, `c`.`customer_name`, `c`.`id` as `customer_id`, `c`.`customer_mobile`, `c`.`customer_email`
FROM `pine_store_warehouse_barcodes` `b`
LEFT JOIN `customer_inventory` `i` ON `i`.`id` = `b`.`rack_product_id`
LEFT JOIN `pine_upload_inventory` `c` ON `c`.`id` = `i`.`upload_inventory_id`
WHERE `b`.`rack_product_id` = \'1088\'', 0)
 2 SYSTEMPATH\Database\BaseConnection.php(738): CodeIgniter\Database\MySQLi\Connection->execute('SELECT `b`.*, `i`.`item_name`, `i`.`rack_id`, `c`.`customer_name`, `c`.`id` as `customer_id`, `c`.`customer_mobile`, `c`.`customer_email`
FROM `pine_store_warehouse_barcodes` `b`
LEFT JOIN `customer_inventory` `i` ON `i`.`id` = `b`.`rack_product_id`
LEFT JOIN `pine_upload_inventory` `c` ON `c`.`id` = `i`.`upload_inventory_id`
WHERE `b`.`rack_product_id` = \'1088\'')
 3 SYSTEMPATH\Database\BaseConnection.php(652): CodeIgniter\Database\BaseConnection->simpleQuery('SELECT `b`.*, `i`.`item_name`, `i`.`rack_id`, `c`.`customer_name`, `c`.`id` as `customer_id`, `c`.`customer_mobile`, `c`.`customer_email`
FROM `pine_store_warehouse_barcodes` `b`
LEFT JOIN `customer_inventory` `i` ON `i`.`id` = `b`.`rack_product_id`
LEFT JOIN `pine_upload_inventory` `c` ON `c`.`id` = `i`.`upload_inventory_id`
WHERE `b`.`rack_product_id` = \'1088\'')
 4 SYSTEMPATH\Database\BaseBuilder.php(1649): CodeIgniter\Database\BaseConnection->query('SELECT `b`.*, `i`.`item_name`, `i`.`rack_id`, `c`.`customer_name`, `c`.`id` as `customer_id`, `c`.`customer_mobile`, `c`.`customer_email`
FROM `pine_store_warehouse_barcodes` `b`
LEFT JOIN `customer_inventory` `i` ON `i`.`id` = `b`.`rack_product_id`
LEFT JOIN `pine_upload_inventory` `c` ON `c`.`id` = `i`.`upload_inventory_id`
WHERE `b`.`rack_product_id` = :b.rack_product_id:', [...], false)
 5 APPPATH\Controllers\BarcodeSearchController.php(31): CodeIgniter\Database\BaseBuilder->get()
 6 SYSTEMPATH\CodeIgniter.php(933): App\Controllers\BarcodeSearchController->search('box', '1088')
 7 SYSTEMPATH\CodeIgniter.php(507): CodeIgniter\CodeIgniter->runController(Object(App\Controllers\BarcodeSearchController))
 8 SYSTEMPATH\CodeIgniter.php(354): CodeIgniter\CodeIgniter->handleRequest(null, Object(Config\Cache), false)
 9 SYSTEMPATH\Boot.php(334): CodeIgniter\CodeIgniter->run()
10 SYSTEMPATH\Boot.php(67): CodeIgniter\Boot::runCodeIgniter(Object(CodeIgniter\CodeIgniter))
11 FCPATH\index.php(56): CodeIgniter\Boot::bootWeb(Object(Config\Paths))
ERROR - 2025-07-23 06:16:04 --> mysqli_sql_exception: Unknown column 'i.rack_id' in 'field list' in C:\xampp\htdocs\pinestore\system\Database\MySQLi\Connection.php:327
Stack trace:
#0 C:\xampp\htdocs\pinestore\system\Database\MySQLi\Connection.php(327): mysqli->query('SELECT `cb`.*, ...', 0)
#1 C:\xampp\htdocs\pinestore\system\Database\BaseConnection.php(738): CodeIgniter\Database\MySQLi\Connection->execute('SELECT `cb`.*, ...')
#2 C:\xampp\htdocs\pinestore\system\Database\BaseConnection.php(652): CodeIgniter\Database\BaseConnection->simpleQuery('SELECT `cb`.*, ...')
#3 C:\xampp\htdocs\pinestore\system\Database\BaseBuilder.php(1649): CodeIgniter\Database\BaseConnection->query('SELECT `cb`.*, ...', Array, false)
#4 C:\xampp\htdocs\pinestore\app\Controllers\BarcodeSearchController.php(53): CodeIgniter\Database\BaseBuilder->get()
#5 C:\xampp\htdocs\pinestore\system\CodeIgniter.php(933): App\Controllers\BarcodeSearchController->search('item', '1088')
#6 C:\xampp\htdocs\pinestore\system\CodeIgniter.php(507): CodeIgniter\CodeIgniter->runController(Object(App\Controllers\BarcodeSearchController))
#7 C:\xampp\htdocs\pinestore\system\CodeIgniter.php(354): CodeIgniter\CodeIgniter->handleRequest(NULL, Object(Config\Cache), false)
#8 C:\xampp\htdocs\pinestore\system\Boot.php(334): CodeIgniter\CodeIgniter->run()
#9 C:\xampp\htdocs\pinestore\system\Boot.php(67): CodeIgniter\Boot::runCodeIgniter(Object(CodeIgniter\CodeIgniter))
#10 C:\xampp\htdocs\pinestore\index.php(56): CodeIgniter\Boot::bootWeb(Object(Config\Paths))
#11 {main}
CRITICAL - 2025-07-23 06:16:04 --> CodeIgniter\Database\Exceptions\DatabaseException: Unknown column 'i.rack_id' in 'field list'
[Method: GET, Route: barcode-search/item/1088]
in SYSTEMPATH\Database\BaseConnection.php on line 692.
 1 SYSTEMPATH\Database\BaseBuilder.php(1649): CodeIgniter\Database\BaseConnection->query('SELECT `cb`.*, `i`.`item_name`, `i`.`rack_id`, `c`.`customer_name`, `c`.`id` as `customer_id`, `c`.`customer_mobile`, `c`.`customer_email`
FROM `customer_inventory_child_barcodes` `cb`
LEFT JOIN `customer_inventory` `i` ON `i`.`id` = `cb`.`inventory_id`
LEFT JOIN `pine_upload_inventory` `c` ON `c`.`id` = `i`.`upload_inventory_id`
WHERE `cb`.`inventory_id` = :cb.inventory_id:', [...], false)
 2 APPPATH\Controllers\BarcodeSearchController.php(53): CodeIgniter\Database\BaseBuilder->get()
 3 SYSTEMPATH\CodeIgniter.php(933): App\Controllers\BarcodeSearchController->search('item', '1088')
 4 SYSTEMPATH\CodeIgniter.php(507): CodeIgniter\CodeIgniter->runController(Object(App\Controllers\BarcodeSearchController))
 5 SYSTEMPATH\CodeIgniter.php(354): CodeIgniter\CodeIgniter->handleRequest(null, Object(Config\Cache), false)
 6 SYSTEMPATH\Boot.php(334): CodeIgniter\CodeIgniter->run()
 7 SYSTEMPATH\Boot.php(67): CodeIgniter\Boot::runCodeIgniter(Object(CodeIgniter\CodeIgniter))
 8 FCPATH\index.php(56): CodeIgniter\Boot::bootWeb(Object(Config\Paths))
CRITICAL - 2025-07-23 06:16:04 --> [Caused by] CodeIgniter\Database\Exceptions\DatabaseException: Unknown column 'i.rack_id' in 'field list'
in SYSTEMPATH\Database\MySQLi\Connection.php on line 332.
 1 SYSTEMPATH\Database\BaseConnection.php(738): CodeIgniter\Database\MySQLi\Connection->execute('SELECT `cb`.*, `i`.`item_name`, `i`.`rack_id`, `c`.`customer_name`, `c`.`id` as `customer_id`, `c`.`customer_mobile`, `c`.`customer_email`
FROM `customer_inventory_child_barcodes` `cb`
LEFT JOIN `customer_inventory` `i` ON `i`.`id` = `cb`.`inventory_id`
LEFT JOIN `pine_upload_inventory` `c` ON `c`.`id` = `i`.`upload_inventory_id`
WHERE `cb`.`inventory_id` = \'1088\'')
 2 SYSTEMPATH\Database\BaseConnection.php(652): CodeIgniter\Database\BaseConnection->simpleQuery('SELECT `cb`.*, `i`.`item_name`, `i`.`rack_id`, `c`.`customer_name`, `c`.`id` as `customer_id`, `c`.`customer_mobile`, `c`.`customer_email`
FROM `customer_inventory_child_barcodes` `cb`
LEFT JOIN `customer_inventory` `i` ON `i`.`id` = `cb`.`inventory_id`
LEFT JOIN `pine_upload_inventory` `c` ON `c`.`id` = `i`.`upload_inventory_id`
WHERE `cb`.`inventory_id` = \'1088\'')
 3 SYSTEMPATH\Database\BaseBuilder.php(1649): CodeIgniter\Database\BaseConnection->query('SELECT `cb`.*, `i`.`item_name`, `i`.`rack_id`, `c`.`customer_name`, `c`.`id` as `customer_id`, `c`.`customer_mobile`, `c`.`customer_email`
FROM `customer_inventory_child_barcodes` `cb`
LEFT JOIN `customer_inventory` `i` ON `i`.`id` = `cb`.`inventory_id`
LEFT JOIN `pine_upload_inventory` `c` ON `c`.`id` = `i`.`upload_inventory_id`
WHERE `cb`.`inventory_id` = :cb.inventory_id:', [...], false)
 4 APPPATH\Controllers\BarcodeSearchController.php(53): CodeIgniter\Database\BaseBuilder->get()
 5 SYSTEMPATH\CodeIgniter.php(933): App\Controllers\BarcodeSearchController->search('item', '1088')
 6 SYSTEMPATH\CodeIgniter.php(507): CodeIgniter\CodeIgniter->runController(Object(App\Controllers\BarcodeSearchController))
 7 SYSTEMPATH\CodeIgniter.php(354): CodeIgniter\CodeIgniter->handleRequest(null, Object(Config\Cache), false)
 8 SYSTEMPATH\Boot.php(334): CodeIgniter\CodeIgniter->run()
 9 SYSTEMPATH\Boot.php(67): CodeIgniter\Boot::runCodeIgniter(Object(CodeIgniter\CodeIgniter))
10 FCPATH\index.php(56): CodeIgniter\Boot::bootWeb(Object(Config\Paths))
CRITICAL - 2025-07-23 06:16:04 --> [Caused by] mysqli_sql_exception: Unknown column 'i.rack_id' in 'field list'
in SYSTEMPATH\Database\MySQLi\Connection.php on line 327.
 1 SYSTEMPATH\Database\MySQLi\Connection.php(327): mysqli->query('SELECT `cb`.*, `i`.`item_name`, `i`.`rack_id`, `c`.`customer_name`, `c`.`id` as `customer_id`, `c`.`customer_mobile`, `c`.`customer_email`
FROM `customer_inventory_child_barcodes` `cb`
LEFT JOIN `customer_inventory` `i` ON `i`.`id` = `cb`.`inventory_id`
LEFT JOIN `pine_upload_inventory` `c` ON `c`.`id` = `i`.`upload_inventory_id`
WHERE `cb`.`inventory_id` = \'1088\'', 0)
 2 SYSTEMPATH\Database\BaseConnection.php(738): CodeIgniter\Database\MySQLi\Connection->execute('SELECT `cb`.*, `i`.`item_name`, `i`.`rack_id`, `c`.`customer_name`, `c`.`id` as `customer_id`, `c`.`customer_mobile`, `c`.`customer_email`
FROM `customer_inventory_child_barcodes` `cb`
LEFT JOIN `customer_inventory` `i` ON `i`.`id` = `cb`.`inventory_id`
LEFT JOIN `pine_upload_inventory` `c` ON `c`.`id` = `i`.`upload_inventory_id`
WHERE `cb`.`inventory_id` = \'1088\'')
 3 SYSTEMPATH\Database\BaseConnection.php(652): CodeIgniter\Database\BaseConnection->simpleQuery('SELECT `cb`.*, `i`.`item_name`, `i`.`rack_id`, `c`.`customer_name`, `c`.`id` as `customer_id`, `c`.`customer_mobile`, `c`.`customer_email`
FROM `customer_inventory_child_barcodes` `cb`
LEFT JOIN `customer_inventory` `i` ON `i`.`id` = `cb`.`inventory_id`
LEFT JOIN `pine_upload_inventory` `c` ON `c`.`id` = `i`.`upload_inventory_id`
WHERE `cb`.`inventory_id` = \'1088\'')
 4 SYSTEMPATH\Database\BaseBuilder.php(1649): CodeIgniter\Database\BaseConnection->query('SELECT `cb`.*, `i`.`item_name`, `i`.`rack_id`, `c`.`customer_name`, `c`.`id` as `customer_id`, `c`.`customer_mobile`, `c`.`customer_email`
FROM `customer_inventory_child_barcodes` `cb`
LEFT JOIN `customer_inventory` `i` ON `i`.`id` = `cb`.`inventory_id`
LEFT JOIN `pine_upload_inventory` `c` ON `c`.`id` = `i`.`upload_inventory_id`
WHERE `cb`.`inventory_id` = :cb.inventory_id:', [...], false)
 5 APPPATH\Controllers\BarcodeSearchController.php(53): CodeIgniter\Database\BaseBuilder->get()
 6 SYSTEMPATH\CodeIgniter.php(933): App\Controllers\BarcodeSearchController->search('item', '1088')
 7 SYSTEMPATH\CodeIgniter.php(507): CodeIgniter\CodeIgniter->runController(Object(App\Controllers\BarcodeSearchController))
 8 SYSTEMPATH\CodeIgniter.php(354): CodeIgniter\CodeIgniter->handleRequest(null, Object(Config\Cache), false)
 9 SYSTEMPATH\Boot.php(334): CodeIgniter\CodeIgniter->run()
10 SYSTEMPATH\Boot.php(67): CodeIgniter\Boot::runCodeIgniter(Object(CodeIgniter\CodeIgniter))
11 FCPATH\index.php(56): CodeIgniter\Boot::bootWeb(Object(Config\Paths))
ERROR - 2025-07-23 06:16:09 --> mysqli_sql_exception: Unknown column 'i.rack_id' in 'field list' in C:\xampp\htdocs\pinestore\system\Database\MySQLi\Connection.php:327
Stack trace:
#0 C:\xampp\htdocs\pinestore\system\Database\MySQLi\Connection.php(327): mysqli->query('SELECT `cb`.*, ...', 0)
#1 C:\xampp\htdocs\pinestore\system\Database\BaseConnection.php(738): CodeIgniter\Database\MySQLi\Connection->execute('SELECT `cb`.*, ...')
#2 C:\xampp\htdocs\pinestore\system\Database\BaseConnection.php(652): CodeIgniter\Database\BaseConnection->simpleQuery('SELECT `cb`.*, ...')
#3 C:\xampp\htdocs\pinestore\system\Database\BaseBuilder.php(1649): CodeIgniter\Database\BaseConnection->query('SELECT `cb`.*, ...', Array, false)
#4 C:\xampp\htdocs\pinestore\app\Controllers\BarcodeSearchController.php(53): CodeIgniter\Database\BaseBuilder->get()
#5 C:\xampp\htdocs\pinestore\system\CodeIgniter.php(933): App\Controllers\BarcodeSearchController->search('item', '1088')
#6 C:\xampp\htdocs\pinestore\system\CodeIgniter.php(507): CodeIgniter\CodeIgniter->runController(Object(App\Controllers\BarcodeSearchController))
#7 C:\xampp\htdocs\pinestore\system\CodeIgniter.php(354): CodeIgniter\CodeIgniter->handleRequest(NULL, Object(Config\Cache), false)
#8 C:\xampp\htdocs\pinestore\system\Boot.php(334): CodeIgniter\CodeIgniter->run()
#9 C:\xampp\htdocs\pinestore\system\Boot.php(67): CodeIgniter\Boot::runCodeIgniter(Object(CodeIgniter\CodeIgniter))
#10 C:\xampp\htdocs\pinestore\index.php(56): CodeIgniter\Boot::bootWeb(Object(Config\Paths))
#11 {main}
CRITICAL - 2025-07-23 06:16:09 --> CodeIgniter\Database\Exceptions\DatabaseException: Unknown column 'i.rack_id' in 'field list'
[Method: GET, Route: barcode-search/item/1088]
in SYSTEMPATH\Database\BaseConnection.php on line 692.
 1 SYSTEMPATH\Database\BaseBuilder.php(1649): CodeIgniter\Database\BaseConnection->query('SELECT `cb`.*, `i`.`item_name`, `i`.`rack_id`, `c`.`customer_name`, `c`.`id` as `customer_id`, `c`.`customer_mobile`, `c`.`customer_email`
FROM `customer_inventory_child_barcodes` `cb`
LEFT JOIN `customer_inventory` `i` ON `i`.`id` = `cb`.`inventory_id`
LEFT JOIN `pine_upload_inventory` `c` ON `c`.`id` = `i`.`upload_inventory_id`
WHERE `cb`.`inventory_id` = :cb.inventory_id:', [...], false)
 2 APPPATH\Controllers\BarcodeSearchController.php(53): CodeIgniter\Database\BaseBuilder->get()
 3 SYSTEMPATH\CodeIgniter.php(933): App\Controllers\BarcodeSearchController->search('item', '1088')
 4 SYSTEMPATH\CodeIgniter.php(507): CodeIgniter\CodeIgniter->runController(Object(App\Controllers\BarcodeSearchController))
 5 SYSTEMPATH\CodeIgniter.php(354): CodeIgniter\CodeIgniter->handleRequest(null, Object(Config\Cache), false)
 6 SYSTEMPATH\Boot.php(334): CodeIgniter\CodeIgniter->run()
 7 SYSTEMPATH\Boot.php(67): CodeIgniter\Boot::runCodeIgniter(Object(CodeIgniter\CodeIgniter))
 8 FCPATH\index.php(56): CodeIgniter\Boot::bootWeb(Object(Config\Paths))
CRITICAL - 2025-07-23 06:16:09 --> [Caused by] CodeIgniter\Database\Exceptions\DatabaseException: Unknown column 'i.rack_id' in 'field list'
in SYSTEMPATH\Database\MySQLi\Connection.php on line 332.
 1 SYSTEMPATH\Database\BaseConnection.php(738): CodeIgniter\Database\MySQLi\Connection->execute('SELECT `cb`.*, `i`.`item_name`, `i`.`rack_id`, `c`.`customer_name`, `c`.`id` as `customer_id`, `c`.`customer_mobile`, `c`.`customer_email`
FROM `customer_inventory_child_barcodes` `cb`
LEFT JOIN `customer_inventory` `i` ON `i`.`id` = `cb`.`inventory_id`
LEFT JOIN `pine_upload_inventory` `c` ON `c`.`id` = `i`.`upload_inventory_id`
WHERE `cb`.`inventory_id` = \'1088\'')
 2 SYSTEMPATH\Database\BaseConnection.php(652): CodeIgniter\Database\BaseConnection->simpleQuery('SELECT `cb`.*, `i`.`item_name`, `i`.`rack_id`, `c`.`customer_name`, `c`.`id` as `customer_id`, `c`.`customer_mobile`, `c`.`customer_email`
FROM `customer_inventory_child_barcodes` `cb`
LEFT JOIN `customer_inventory` `i` ON `i`.`id` = `cb`.`inventory_id`
LEFT JOIN `pine_upload_inventory` `c` ON `c`.`id` = `i`.`upload_inventory_id`
WHERE `cb`.`inventory_id` = \'1088\'')
 3 SYSTEMPATH\Database\BaseBuilder.php(1649): CodeIgniter\Database\BaseConnection->query('SELECT `cb`.*, `i`.`item_name`, `i`.`rack_id`, `c`.`customer_name`, `c`.`id` as `customer_id`, `c`.`customer_mobile`, `c`.`customer_email`
FROM `customer_inventory_child_barcodes` `cb`
LEFT JOIN `customer_inventory` `i` ON `i`.`id` = `cb`.`inventory_id`
LEFT JOIN `pine_upload_inventory` `c` ON `c`.`id` = `i`.`upload_inventory_id`
WHERE `cb`.`inventory_id` = :cb.inventory_id:', [...], false)
 4 APPPATH\Controllers\BarcodeSearchController.php(53): CodeIgniter\Database\BaseBuilder->get()
 5 SYSTEMPATH\CodeIgniter.php(933): App\Controllers\BarcodeSearchController->search('item', '1088')
 6 SYSTEMPATH\CodeIgniter.php(507): CodeIgniter\CodeIgniter->runController(Object(App\Controllers\BarcodeSearchController))
 7 SYSTEMPATH\CodeIgniter.php(354): CodeIgniter\CodeIgniter->handleRequest(null, Object(Config\Cache), false)
 8 SYSTEMPATH\Boot.php(334): CodeIgniter\CodeIgniter->run()
 9 SYSTEMPATH\Boot.php(67): CodeIgniter\Boot::runCodeIgniter(Object(CodeIgniter\CodeIgniter))
10 FCPATH\index.php(56): CodeIgniter\Boot::bootWeb(Object(Config\Paths))
CRITICAL - 2025-07-23 06:16:09 --> [Caused by] mysqli_sql_exception: Unknown column 'i.rack_id' in 'field list'
in SYSTEMPATH\Database\MySQLi\Connection.php on line 327.
 1 SYSTEMPATH\Database\MySQLi\Connection.php(327): mysqli->query('SELECT `cb`.*, `i`.`item_name`, `i`.`rack_id`, `c`.`customer_name`, `c`.`id` as `customer_id`, `c`.`customer_mobile`, `c`.`customer_email`
FROM `customer_inventory_child_barcodes` `cb`
LEFT JOIN `customer_inventory` `i` ON `i`.`id` = `cb`.`inventory_id`
LEFT JOIN `pine_upload_inventory` `c` ON `c`.`id` = `i`.`upload_inventory_id`
WHERE `cb`.`inventory_id` = \'1088\'', 0)
 2 SYSTEMPATH\Database\BaseConnection.php(738): CodeIgniter\Database\MySQLi\Connection->execute('SELECT `cb`.*, `i`.`item_name`, `i`.`rack_id`, `c`.`customer_name`, `c`.`id` as `customer_id`, `c`.`customer_mobile`, `c`.`customer_email`
FROM `customer_inventory_child_barcodes` `cb`
LEFT JOIN `customer_inventory` `i` ON `i`.`id` = `cb`.`inventory_id`
LEFT JOIN `pine_upload_inventory` `c` ON `c`.`id` = `i`.`upload_inventory_id`
WHERE `cb`.`inventory_id` = \'1088\'')
 3 SYSTEMPATH\Database\BaseConnection.php(652): CodeIgniter\Database\BaseConnection->simpleQuery('SELECT `cb`.*, `i`.`item_name`, `i`.`rack_id`, `c`.`customer_name`, `c`.`id` as `customer_id`, `c`.`customer_mobile`, `c`.`customer_email`
FROM `customer_inventory_child_barcodes` `cb`
LEFT JOIN `customer_inventory` `i` ON `i`.`id` = `cb`.`inventory_id`
LEFT JOIN `pine_upload_inventory` `c` ON `c`.`id` = `i`.`upload_inventory_id`
WHERE `cb`.`inventory_id` = \'1088\'')
 4 SYSTEMPATH\Database\BaseBuilder.php(1649): CodeIgniter\Database\BaseConnection->query('SELECT `cb`.*, `i`.`item_name`, `i`.`rack_id`, `c`.`customer_name`, `c`.`id` as `customer_id`, `c`.`customer_mobile`, `c`.`customer_email`
FROM `customer_inventory_child_barcodes` `cb`
LEFT JOIN `customer_inventory` `i` ON `i`.`id` = `cb`.`inventory_id`
LEFT JOIN `pine_upload_inventory` `c` ON `c`.`id` = `i`.`upload_inventory_id`
WHERE `cb`.`inventory_id` = :cb.inventory_id:', [...], false)
 5 APPPATH\Controllers\BarcodeSearchController.php(53): CodeIgniter\Database\BaseBuilder->get()
 6 SYSTEMPATH\CodeIgniter.php(933): App\Controllers\BarcodeSearchController->search('item', '1088')
 7 SYSTEMPATH\CodeIgniter.php(507): CodeIgniter\CodeIgniter->runController(Object(App\Controllers\BarcodeSearchController))
 8 SYSTEMPATH\CodeIgniter.php(354): CodeIgniter\CodeIgniter->handleRequest(null, Object(Config\Cache), false)
 9 SYSTEMPATH\Boot.php(334): CodeIgniter\CodeIgniter->run()
10 SYSTEMPATH\Boot.php(67): CodeIgniter\Boot::runCodeIgniter(Object(CodeIgniter\CodeIgniter))
11 FCPATH\index.php(56): CodeIgniter\Boot::bootWeb(Object(Config\Paths))
DEBUG - 2025-07-23 06:16:10 --> Session: Class initialized using 'CodeIgniter\Session\Handlers\FileHandler' driver.
DEBUG - 2025-07-23 06:16:10 --> Session: Class initialized using 'CodeIgniter\Session\Handlers\FileHandler' driver.
ERROR - 2025-07-23 06:16:14 --> mysqli_sql_exception: Unknown column 'i.rack_id' in 'field list' in C:\xampp\htdocs\pinestore\system\Database\MySQLi\Connection.php:327
Stack trace:
#0 C:\xampp\htdocs\pinestore\system\Database\MySQLi\Connection.php(327): mysqli->query('SELECT `b`.*, `...', 0)
#1 C:\xampp\htdocs\pinestore\system\Database\BaseConnection.php(738): CodeIgniter\Database\MySQLi\Connection->execute('SELECT `b`.*, `...')
#2 C:\xampp\htdocs\pinestore\system\Database\BaseConnection.php(652): CodeIgniter\Database\BaseConnection->simpleQuery('SELECT `b`.*, `...')
#3 C:\xampp\htdocs\pinestore\system\Database\BaseBuilder.php(1649): CodeIgniter\Database\BaseConnection->query('SELECT `b`.*, `...', Array, false)
#4 C:\xampp\htdocs\pinestore\app\Controllers\BarcodeSearchController.php(31): CodeIgniter\Database\BaseBuilder->get()
#5 C:\xampp\htdocs\pinestore\system\CodeIgniter.php(933): App\Controllers\BarcodeSearchController->search('box', '1088')
#6 C:\xampp\htdocs\pinestore\system\CodeIgniter.php(507): CodeIgniter\CodeIgniter->runController(Object(App\Controllers\BarcodeSearchController))
#7 C:\xampp\htdocs\pinestore\system\CodeIgniter.php(354): CodeIgniter\CodeIgniter->handleRequest(NULL, Object(Config\Cache), false)
#8 C:\xampp\htdocs\pinestore\system\Boot.php(334): CodeIgniter\CodeIgniter->run()
#9 C:\xampp\htdocs\pinestore\system\Boot.php(67): CodeIgniter\Boot::runCodeIgniter(Object(CodeIgniter\CodeIgniter))
#10 C:\xampp\htdocs\pinestore\index.php(56): CodeIgniter\Boot::bootWeb(Object(Config\Paths))
#11 {main}
CRITICAL - 2025-07-23 06:16:14 --> CodeIgniter\Database\Exceptions\DatabaseException: Unknown column 'i.rack_id' in 'field list'
[Method: GET, Route: barcode-search/box/1088]
in SYSTEMPATH\Database\BaseConnection.php on line 692.
 1 SYSTEMPATH\Database\BaseBuilder.php(1649): CodeIgniter\Database\BaseConnection->query('SELECT `b`.*, `i`.`item_name`, `i`.`rack_id`, `c`.`customer_name`, `c`.`id` as `customer_id`, `c`.`customer_mobile`, `c`.`customer_email`
FROM `pine_store_warehouse_barcodes` `b`
LEFT JOIN `customer_inventory` `i` ON `i`.`id` = `b`.`rack_product_id`
LEFT JOIN `pine_upload_inventory` `c` ON `c`.`id` = `i`.`upload_inventory_id`
WHERE `b`.`rack_product_id` = :b.rack_product_id:', [...], false)
 2 APPPATH\Controllers\BarcodeSearchController.php(31): CodeIgniter\Database\BaseBuilder->get()
 3 SYSTEMPATH\CodeIgniter.php(933): App\Controllers\BarcodeSearchController->search('box', '1088')
 4 SYSTEMPATH\CodeIgniter.php(507): CodeIgniter\CodeIgniter->runController(Object(App\Controllers\BarcodeSearchController))
 5 SYSTEMPATH\CodeIgniter.php(354): CodeIgniter\CodeIgniter->handleRequest(null, Object(Config\Cache), false)
 6 SYSTEMPATH\Boot.php(334): CodeIgniter\CodeIgniter->run()
 7 SYSTEMPATH\Boot.php(67): CodeIgniter\Boot::runCodeIgniter(Object(CodeIgniter\CodeIgniter))
 8 FCPATH\index.php(56): CodeIgniter\Boot::bootWeb(Object(Config\Paths))
CRITICAL - 2025-07-23 06:16:14 --> [Caused by] CodeIgniter\Database\Exceptions\DatabaseException: Unknown column 'i.rack_id' in 'field list'
in SYSTEMPATH\Database\MySQLi\Connection.php on line 332.
 1 SYSTEMPATH\Database\BaseConnection.php(738): CodeIgniter\Database\MySQLi\Connection->execute('SELECT `b`.*, `i`.`item_name`, `i`.`rack_id`, `c`.`customer_name`, `c`.`id` as `customer_id`, `c`.`customer_mobile`, `c`.`customer_email`
FROM `pine_store_warehouse_barcodes` `b`
LEFT JOIN `customer_inventory` `i` ON `i`.`id` = `b`.`rack_product_id`
LEFT JOIN `pine_upload_inventory` `c` ON `c`.`id` = `i`.`upload_inventory_id`
WHERE `b`.`rack_product_id` = \'1088\'')
 2 SYSTEMPATH\Database\BaseConnection.php(652): CodeIgniter\Database\BaseConnection->simpleQuery('SELECT `b`.*, `i`.`item_name`, `i`.`rack_id`, `c`.`customer_name`, `c`.`id` as `customer_id`, `c`.`customer_mobile`, `c`.`customer_email`
FROM `pine_store_warehouse_barcodes` `b`
LEFT JOIN `customer_inventory` `i` ON `i`.`id` = `b`.`rack_product_id`
LEFT JOIN `pine_upload_inventory` `c` ON `c`.`id` = `i`.`upload_inventory_id`
WHERE `b`.`rack_product_id` = \'1088\'')
 3 SYSTEMPATH\Database\BaseBuilder.php(1649): CodeIgniter\Database\BaseConnection->query('SELECT `b`.*, `i`.`item_name`, `i`.`rack_id`, `c`.`customer_name`, `c`.`id` as `customer_id`, `c`.`customer_mobile`, `c`.`customer_email`
FROM `pine_store_warehouse_barcodes` `b`
LEFT JOIN `customer_inventory` `i` ON `i`.`id` = `b`.`rack_product_id`
LEFT JOIN `pine_upload_inventory` `c` ON `c`.`id` = `i`.`upload_inventory_id`
WHERE `b`.`rack_product_id` = :b.rack_product_id:', [...], false)
 4 APPPATH\Controllers\BarcodeSearchController.php(31): CodeIgniter\Database\BaseBuilder->get()
 5 SYSTEMPATH\CodeIgniter.php(933): App\Controllers\BarcodeSearchController->search('box', '1088')
 6 SYSTEMPATH\CodeIgniter.php(507): CodeIgniter\CodeIgniter->runController(Object(App\Controllers\BarcodeSearchController))
 7 SYSTEMPATH\CodeIgniter.php(354): CodeIgniter\CodeIgniter->handleRequest(null, Object(Config\Cache), false)
 8 SYSTEMPATH\Boot.php(334): CodeIgniter\CodeIgniter->run()
 9 SYSTEMPATH\Boot.php(67): CodeIgniter\Boot::runCodeIgniter(Object(CodeIgniter\CodeIgniter))
10 FCPATH\index.php(56): CodeIgniter\Boot::bootWeb(Object(Config\Paths))
CRITICAL - 2025-07-23 06:16:14 --> [Caused by] mysqli_sql_exception: Unknown column 'i.rack_id' in 'field list'
in SYSTEMPATH\Database\MySQLi\Connection.php on line 327.
 1 SYSTEMPATH\Database\MySQLi\Connection.php(327): mysqli->query('SELECT `b`.*, `i`.`item_name`, `i`.`rack_id`, `c`.`customer_name`, `c`.`id` as `customer_id`, `c`.`customer_mobile`, `c`.`customer_email`
FROM `pine_store_warehouse_barcodes` `b`
LEFT JOIN `customer_inventory` `i` ON `i`.`id` = `b`.`rack_product_id`
LEFT JOIN `pine_upload_inventory` `c` ON `c`.`id` = `i`.`upload_inventory_id`
WHERE `b`.`rack_product_id` = \'1088\'', 0)
 2 SYSTEMPATH\Database\BaseConnection.php(738): CodeIgniter\Database\MySQLi\Connection->execute('SELECT `b`.*, `i`.`item_name`, `i`.`rack_id`, `c`.`customer_name`, `c`.`id` as `customer_id`, `c`.`customer_mobile`, `c`.`customer_email`
FROM `pine_store_warehouse_barcodes` `b`
LEFT JOIN `customer_inventory` `i` ON `i`.`id` = `b`.`rack_product_id`
LEFT JOIN `pine_upload_inventory` `c` ON `c`.`id` = `i`.`upload_inventory_id`
WHERE `b`.`rack_product_id` = \'1088\'')
 3 SYSTEMPATH\Database\BaseConnection.php(652): CodeIgniter\Database\BaseConnection->simpleQuery('SELECT `b`.*, `i`.`item_name`, `i`.`rack_id`, `c`.`customer_name`, `c`.`id` as `customer_id`, `c`.`customer_mobile`, `c`.`customer_email`
FROM `pine_store_warehouse_barcodes` `b`
LEFT JOIN `customer_inventory` `i` ON `i`.`id` = `b`.`rack_product_id`
LEFT JOIN `pine_upload_inventory` `c` ON `c`.`id` = `i`.`upload_inventory_id`
WHERE `b`.`rack_product_id` = \'1088\'')
 4 SYSTEMPATH\Database\BaseBuilder.php(1649): CodeIgniter\Database\BaseConnection->query('SELECT `b`.*, `i`.`item_name`, `i`.`rack_id`, `c`.`customer_name`, `c`.`id` as `customer_id`, `c`.`customer_mobile`, `c`.`customer_email`
FROM `pine_store_warehouse_barcodes` `b`
LEFT JOIN `customer_inventory` `i` ON `i`.`id` = `b`.`rack_product_id`
LEFT JOIN `pine_upload_inventory` `c` ON `c`.`id` = `i`.`upload_inventory_id`
WHERE `b`.`rack_product_id` = :b.rack_product_id:', [...], false)
 5 APPPATH\Controllers\BarcodeSearchController.php(31): CodeIgniter\Database\BaseBuilder->get()
 6 SYSTEMPATH\CodeIgniter.php(933): App\Controllers\BarcodeSearchController->search('box', '1088')
 7 SYSTEMPATH\CodeIgniter.php(507): CodeIgniter\CodeIgniter->runController(Object(App\Controllers\BarcodeSearchController))
 8 SYSTEMPATH\CodeIgniter.php(354): CodeIgniter\CodeIgniter->handleRequest(null, Object(Config\Cache), false)
 9 SYSTEMPATH\Boot.php(334): CodeIgniter\CodeIgniter->run()
10 SYSTEMPATH\Boot.php(67): CodeIgniter\Boot::runCodeIgniter(Object(CodeIgniter\CodeIgniter))
11 FCPATH\index.php(56): CodeIgniter\Boot::bootWeb(Object(Config\Paths))
ERROR - 2025-07-23 06:16:20 --> mysqli_sql_exception: Unknown column 'i.rack_id' in 'field list' in C:\xampp\htdocs\pinestore\system\Database\MySQLi\Connection.php:327
Stack trace:
#0 C:\xampp\htdocs\pinestore\system\Database\MySQLi\Connection.php(327): mysqli->query('SELECT `cb`.*, ...', 0)
#1 C:\xampp\htdocs\pinestore\system\Database\BaseConnection.php(738): CodeIgniter\Database\MySQLi\Connection->execute('SELECT `cb`.*, ...')
#2 C:\xampp\htdocs\pinestore\system\Database\BaseConnection.php(652): CodeIgniter\Database\BaseConnection->simpleQuery('SELECT `cb`.*, ...')
#3 C:\xampp\htdocs\pinestore\system\Database\BaseBuilder.php(1649): CodeIgniter\Database\BaseConnection->query('SELECT `cb`.*, ...', Array, false)
#4 C:\xampp\htdocs\pinestore\app\Controllers\BarcodeSearchController.php(53): CodeIgniter\Database\BaseBuilder->get()
#5 C:\xampp\htdocs\pinestore\system\CodeIgniter.php(933): App\Controllers\BarcodeSearchController->search('item', '1088')
#6 C:\xampp\htdocs\pinestore\system\CodeIgniter.php(507): CodeIgniter\CodeIgniter->runController(Object(App\Controllers\BarcodeSearchController))
#7 C:\xampp\htdocs\pinestore\system\CodeIgniter.php(354): CodeIgniter\CodeIgniter->handleRequest(NULL, Object(Config\Cache), false)
#8 C:\xampp\htdocs\pinestore\system\Boot.php(334): CodeIgniter\CodeIgniter->run()
#9 C:\xampp\htdocs\pinestore\system\Boot.php(67): CodeIgniter\Boot::runCodeIgniter(Object(CodeIgniter\CodeIgniter))
#10 C:\xampp\htdocs\pinestore\index.php(56): CodeIgniter\Boot::bootWeb(Object(Config\Paths))
#11 {main}
CRITICAL - 2025-07-23 06:16:20 --> CodeIgniter\Database\Exceptions\DatabaseException: Unknown column 'i.rack_id' in 'field list'
[Method: GET, Route: barcode-search/item/1088]
in SYSTEMPATH\Database\BaseConnection.php on line 692.
 1 SYSTEMPATH\Database\BaseBuilder.php(1649): CodeIgniter\Database\BaseConnection->query('SELECT `cb`.*, `i`.`item_name`, `i`.`rack_id`, `c`.`customer_name`, `c`.`id` as `customer_id`, `c`.`customer_mobile`, `c`.`customer_email`
FROM `customer_inventory_child_barcodes` `cb`
LEFT JOIN `customer_inventory` `i` ON `i`.`id` = `cb`.`inventory_id`
LEFT JOIN `pine_upload_inventory` `c` ON `c`.`id` = `i`.`upload_inventory_id`
WHERE `cb`.`inventory_id` = :cb.inventory_id:', [...], false)
 2 APPPATH\Controllers\BarcodeSearchController.php(53): CodeIgniter\Database\BaseBuilder->get()
 3 SYSTEMPATH\CodeIgniter.php(933): App\Controllers\BarcodeSearchController->search('item', '1088')
 4 SYSTEMPATH\CodeIgniter.php(507): CodeIgniter\CodeIgniter->runController(Object(App\Controllers\BarcodeSearchController))
 5 SYSTEMPATH\CodeIgniter.php(354): CodeIgniter\CodeIgniter->handleRequest(null, Object(Config\Cache), false)
 6 SYSTEMPATH\Boot.php(334): CodeIgniter\CodeIgniter->run()
 7 SYSTEMPATH\Boot.php(67): CodeIgniter\Boot::runCodeIgniter(Object(CodeIgniter\CodeIgniter))
 8 FCPATH\index.php(56): CodeIgniter\Boot::bootWeb(Object(Config\Paths))
CRITICAL - 2025-07-23 06:16:20 --> [Caused by] CodeIgniter\Database\Exceptions\DatabaseException: Unknown column 'i.rack_id' in 'field list'
in SYSTEMPATH\Database\MySQLi\Connection.php on line 332.
 1 SYSTEMPATH\Database\BaseConnection.php(738): CodeIgniter\Database\MySQLi\Connection->execute('SELECT `cb`.*, `i`.`item_name`, `i`.`rack_id`, `c`.`customer_name`, `c`.`id` as `customer_id`, `c`.`customer_mobile`, `c`.`customer_email`
FROM `customer_inventory_child_barcodes` `cb`
LEFT JOIN `customer_inventory` `i` ON `i`.`id` = `cb`.`inventory_id`
LEFT JOIN `pine_upload_inventory` `c` ON `c`.`id` = `i`.`upload_inventory_id`
WHERE `cb`.`inventory_id` = \'1088\'')
 2 SYSTEMPATH\Database\BaseConnection.php(652): CodeIgniter\Database\BaseConnection->simpleQuery('SELECT `cb`.*, `i`.`item_name`, `i`.`rack_id`, `c`.`customer_name`, `c`.`id` as `customer_id`, `c`.`customer_mobile`, `c`.`customer_email`
FROM `customer_inventory_child_barcodes` `cb`
LEFT JOIN `customer_inventory` `i` ON `i`.`id` = `cb`.`inventory_id`
LEFT JOIN `pine_upload_inventory` `c` ON `c`.`id` = `i`.`upload_inventory_id`
WHERE `cb`.`inventory_id` = \'1088\'')
 3 SYSTEMPATH\Database\BaseBuilder.php(1649): CodeIgniter\Database\BaseConnection->query('SELECT `cb`.*, `i`.`item_name`, `i`.`rack_id`, `c`.`customer_name`, `c`.`id` as `customer_id`, `c`.`customer_mobile`, `c`.`customer_email`
FROM `customer_inventory_child_barcodes` `cb`
LEFT JOIN `customer_inventory` `i` ON `i`.`id` = `cb`.`inventory_id`
LEFT JOIN `pine_upload_inventory` `c` ON `c`.`id` = `i`.`upload_inventory_id`
WHERE `cb`.`inventory_id` = :cb.inventory_id:', [...], false)
 4 APPPATH\Controllers\BarcodeSearchController.php(53): CodeIgniter\Database\BaseBuilder->get()
 5 SYSTEMPATH\CodeIgniter.php(933): App\Controllers\BarcodeSearchController->search('item', '1088')
 6 SYSTEMPATH\CodeIgniter.php(507): CodeIgniter\CodeIgniter->runController(Object(App\Controllers\BarcodeSearchController))
 7 SYSTEMPATH\CodeIgniter.php(354): CodeIgniter\CodeIgniter->handleRequest(null, Object(Config\Cache), false)
 8 SYSTEMPATH\Boot.php(334): CodeIgniter\CodeIgniter->run()
 9 SYSTEMPATH\Boot.php(67): CodeIgniter\Boot::runCodeIgniter(Object(CodeIgniter\CodeIgniter))
10 FCPATH\index.php(56): CodeIgniter\Boot::bootWeb(Object(Config\Paths))
CRITICAL - 2025-07-23 06:16:20 --> [Caused by] mysqli_sql_exception: Unknown column 'i.rack_id' in 'field list'
in SYSTEMPATH\Database\MySQLi\Connection.php on line 327.
 1 SYSTEMPATH\Database\MySQLi\Connection.php(327): mysqli->query('SELECT `cb`.*, `i`.`item_name`, `i`.`rack_id`, `c`.`customer_name`, `c`.`id` as `customer_id`, `c`.`customer_mobile`, `c`.`customer_email`
FROM `customer_inventory_child_barcodes` `cb`
LEFT JOIN `customer_inventory` `i` ON `i`.`id` = `cb`.`inventory_id`
LEFT JOIN `pine_upload_inventory` `c` ON `c`.`id` = `i`.`upload_inventory_id`
WHERE `cb`.`inventory_id` = \'1088\'', 0)
 2 SYSTEMPATH\Database\BaseConnection.php(738): CodeIgniter\Database\MySQLi\Connection->execute('SELECT `cb`.*, `i`.`item_name`, `i`.`rack_id`, `c`.`customer_name`, `c`.`id` as `customer_id`, `c`.`customer_mobile`, `c`.`customer_email`
FROM `customer_inventory_child_barcodes` `cb`
LEFT JOIN `customer_inventory` `i` ON `i`.`id` = `cb`.`inventory_id`
LEFT JOIN `pine_upload_inventory` `c` ON `c`.`id` = `i`.`upload_inventory_id`
WHERE `cb`.`inventory_id` = \'1088\'')
 3 SYSTEMPATH\Database\BaseConnection.php(652): CodeIgniter\Database\BaseConnection->simpleQuery('SELECT `cb`.*, `i`.`item_name`, `i`.`rack_id`, `c`.`customer_name`, `c`.`id` as `customer_id`, `c`.`customer_mobile`, `c`.`customer_email`
FROM `customer_inventory_child_barcodes` `cb`
LEFT JOIN `customer_inventory` `i` ON `i`.`id` = `cb`.`inventory_id`
LEFT JOIN `pine_upload_inventory` `c` ON `c`.`id` = `i`.`upload_inventory_id`
WHERE `cb`.`inventory_id` = \'1088\'')
 4 SYSTEMPATH\Database\BaseBuilder.php(1649): CodeIgniter\Database\BaseConnection->query('SELECT `cb`.*, `i`.`item_name`, `i`.`rack_id`, `c`.`customer_name`, `c`.`id` as `customer_id`, `c`.`customer_mobile`, `c`.`customer_email`
FROM `customer_inventory_child_barcodes` `cb`
LEFT JOIN `customer_inventory` `i` ON `i`.`id` = `cb`.`inventory_id`
LEFT JOIN `pine_upload_inventory` `c` ON `c`.`id` = `i`.`upload_inventory_id`
WHERE `cb`.`inventory_id` = :cb.inventory_id:', [...], false)
 5 APPPATH\Controllers\BarcodeSearchController.php(53): CodeIgniter\Database\BaseBuilder->get()
 6 SYSTEMPATH\CodeIgniter.php(933): App\Controllers\BarcodeSearchController->search('item', '1088')
 7 SYSTEMPATH\CodeIgniter.php(507): CodeIgniter\CodeIgniter->runController(Object(App\Controllers\BarcodeSearchController))
 8 SYSTEMPATH\CodeIgniter.php(354): CodeIgniter\CodeIgniter->handleRequest(null, Object(Config\Cache), false)
 9 SYSTEMPATH\Boot.php(334): CodeIgniter\CodeIgniter->run()
10 SYSTEMPATH\Boot.php(67): CodeIgniter\Boot::runCodeIgniter(Object(CodeIgniter\CodeIgniter))
11 FCPATH\index.php(56): CodeIgniter\Boot::bootWeb(Object(Config\Paths))
DEBUG - 2025-07-23 06:16:44 --> Session: Class initialized using 'CodeIgniter\Session\Handlers\FileHandler' driver.
DEBUG - 2025-07-23 06:16:45 --> Session: Class initialized using 'CodeIgniter\Session\Handlers\FileHandler' driver.
ERROR - 2025-07-23 06:16:52 --> mysqli_sql_exception: Unknown column 'i.rack_id' in 'field list' in C:\xampp\htdocs\pinestore\system\Database\MySQLi\Connection.php:327
Stack trace:
#0 C:\xampp\htdocs\pinestore\system\Database\MySQLi\Connection.php(327): mysqli->query('SELECT `cb`.*, ...', 0)
#1 C:\xampp\htdocs\pinestore\system\Database\BaseConnection.php(738): CodeIgniter\Database\MySQLi\Connection->execute('SELECT `cb`.*, ...')
#2 C:\xampp\htdocs\pinestore\system\Database\BaseConnection.php(652): CodeIgniter\Database\BaseConnection->simpleQuery('SELECT `cb`.*, ...')
#3 C:\xampp\htdocs\pinestore\system\Database\BaseBuilder.php(1649): CodeIgniter\Database\BaseConnection->query('SELECT `cb`.*, ...', Array, false)
#4 C:\xampp\htdocs\pinestore\app\Controllers\BarcodeSearchController.php(54): CodeIgniter\Database\BaseBuilder->get()
#5 C:\xampp\htdocs\pinestore\system\CodeIgniter.php(933): App\Controllers\BarcodeSearchController->search('item', '1088')
#6 C:\xampp\htdocs\pinestore\system\CodeIgniter.php(507): CodeIgniter\CodeIgniter->runController(Object(App\Controllers\BarcodeSearchController))
#7 C:\xampp\htdocs\pinestore\system\CodeIgniter.php(354): CodeIgniter\CodeIgniter->handleRequest(NULL, Object(Config\Cache), false)
#8 C:\xampp\htdocs\pinestore\system\Boot.php(334): CodeIgniter\CodeIgniter->run()
#9 C:\xampp\htdocs\pinestore\system\Boot.php(67): CodeIgniter\Boot::runCodeIgniter(Object(CodeIgniter\CodeIgniter))
#10 C:\xampp\htdocs\pinestore\index.php(56): CodeIgniter\Boot::bootWeb(Object(Config\Paths))
#11 {main}
CRITICAL - 2025-07-23 06:16:52 --> CodeIgniter\Database\Exceptions\DatabaseException: Unknown column 'i.rack_id' in 'field list'
[Method: GET, Route: barcode-search/item/1088]
in SYSTEMPATH\Database\BaseConnection.php on line 692.
 1 SYSTEMPATH\Database\BaseBuilder.php(1649): CodeIgniter\Database\BaseConnection->query('SELECT `cb`.*, `i`.`item_name`, `i`.`rack_id`, `c`.`customer_name`, `c`.`id` as `customer_id`, `c`.`customer_mobile`, `c`.`customer_email`
FROM `customer_inventory_child_barcodes` `cb`
LEFT JOIN `customer_inventory` `i` ON `i`.`id` = `cb`.`inventory_id`
LEFT JOIN `pine_upload_inventory` `c` ON `c`.`id` = `i`.`upload_inventory_id`
WHERE `cb`.`inventory_id` = :cb.inventory_id:', [...], false)
 2 APPPATH\Controllers\BarcodeSearchController.php(54): CodeIgniter\Database\BaseBuilder->get()
 3 SYSTEMPATH\CodeIgniter.php(933): App\Controllers\BarcodeSearchController->search('item', '1088')
 4 SYSTEMPATH\CodeIgniter.php(507): CodeIgniter\CodeIgniter->runController(Object(App\Controllers\BarcodeSearchController))
 5 SYSTEMPATH\CodeIgniter.php(354): CodeIgniter\CodeIgniter->handleRequest(null, Object(Config\Cache), false)
 6 SYSTEMPATH\Boot.php(334): CodeIgniter\CodeIgniter->run()
 7 SYSTEMPATH\Boot.php(67): CodeIgniter\Boot::runCodeIgniter(Object(CodeIgniter\CodeIgniter))
 8 FCPATH\index.php(56): CodeIgniter\Boot::bootWeb(Object(Config\Paths))
CRITICAL - 2025-07-23 06:16:52 --> [Caused by] CodeIgniter\Database\Exceptions\DatabaseException: Unknown column 'i.rack_id' in 'field list'
in SYSTEMPATH\Database\MySQLi\Connection.php on line 332.
 1 SYSTEMPATH\Database\BaseConnection.php(738): CodeIgniter\Database\MySQLi\Connection->execute('SELECT `cb`.*, `i`.`item_name`, `i`.`rack_id`, `c`.`customer_name`, `c`.`id` as `customer_id`, `c`.`customer_mobile`, `c`.`customer_email`
FROM `customer_inventory_child_barcodes` `cb`
LEFT JOIN `customer_inventory` `i` ON `i`.`id` = `cb`.`inventory_id`
LEFT JOIN `pine_upload_inventory` `c` ON `c`.`id` = `i`.`upload_inventory_id`
WHERE `cb`.`inventory_id` = \'1088\'')
 2 SYSTEMPATH\Database\BaseConnection.php(652): CodeIgniter\Database\BaseConnection->simpleQuery('SELECT `cb`.*, `i`.`item_name`, `i`.`rack_id`, `c`.`customer_name`, `c`.`id` as `customer_id`, `c`.`customer_mobile`, `c`.`customer_email`
FROM `customer_inventory_child_barcodes` `cb`
LEFT JOIN `customer_inventory` `i` ON `i`.`id` = `cb`.`inventory_id`
LEFT JOIN `pine_upload_inventory` `c` ON `c`.`id` = `i`.`upload_inventory_id`
WHERE `cb`.`inventory_id` = \'1088\'')
 3 SYSTEMPATH\Database\BaseBuilder.php(1649): CodeIgniter\Database\BaseConnection->query('SELECT `cb`.*, `i`.`item_name`, `i`.`rack_id`, `c`.`customer_name`, `c`.`id` as `customer_id`, `c`.`customer_mobile`, `c`.`customer_email`
FROM `customer_inventory_child_barcodes` `cb`
LEFT JOIN `customer_inventory` `i` ON `i`.`id` = `cb`.`inventory_id`
LEFT JOIN `pine_upload_inventory` `c` ON `c`.`id` = `i`.`upload_inventory_id`
WHERE `cb`.`inventory_id` = :cb.inventory_id:', [...], false)
 4 APPPATH\Controllers\BarcodeSearchController.php(54): CodeIgniter\Database\BaseBuilder->get()
 5 SYSTEMPATH\CodeIgniter.php(933): App\Controllers\BarcodeSearchController->search('item', '1088')
 6 SYSTEMPATH\CodeIgniter.php(507): CodeIgniter\CodeIgniter->runController(Object(App\Controllers\BarcodeSearchController))
 7 SYSTEMPATH\CodeIgniter.php(354): CodeIgniter\CodeIgniter->handleRequest(null, Object(Config\Cache), false)
 8 SYSTEMPATH\Boot.php(334): CodeIgniter\CodeIgniter->run()
 9 SYSTEMPATH\Boot.php(67): CodeIgniter\Boot::runCodeIgniter(Object(CodeIgniter\CodeIgniter))
10 FCPATH\index.php(56): CodeIgniter\Boot::bootWeb(Object(Config\Paths))
CRITICAL - 2025-07-23 06:16:52 --> [Caused by] mysqli_sql_exception: Unknown column 'i.rack_id' in 'field list'
in SYSTEMPATH\Database\MySQLi\Connection.php on line 327.
 1 SYSTEMPATH\Database\MySQLi\Connection.php(327): mysqli->query('SELECT `cb`.*, `i`.`item_name`, `i`.`rack_id`, `c`.`customer_name`, `c`.`id` as `customer_id`, `c`.`customer_mobile`, `c`.`customer_email`
FROM `customer_inventory_child_barcodes` `cb`
LEFT JOIN `customer_inventory` `i` ON `i`.`id` = `cb`.`inventory_id`
LEFT JOIN `pine_upload_inventory` `c` ON `c`.`id` = `i`.`upload_inventory_id`
WHERE `cb`.`inventory_id` = \'1088\'', 0)
 2 SYSTEMPATH\Database\BaseConnection.php(738): CodeIgniter\Database\MySQLi\Connection->execute('SELECT `cb`.*, `i`.`item_name`, `i`.`rack_id`, `c`.`customer_name`, `c`.`id` as `customer_id`, `c`.`customer_mobile`, `c`.`customer_email`
FROM `customer_inventory_child_barcodes` `cb`
LEFT JOIN `customer_inventory` `i` ON `i`.`id` = `cb`.`inventory_id`
LEFT JOIN `pine_upload_inventory` `c` ON `c`.`id` = `i`.`upload_inventory_id`
WHERE `cb`.`inventory_id` = \'1088\'')
 3 SYSTEMPATH\Database\BaseConnection.php(652): CodeIgniter\Database\BaseConnection->simpleQuery('SELECT `cb`.*, `i`.`item_name`, `i`.`rack_id`, `c`.`customer_name`, `c`.`id` as `customer_id`, `c`.`customer_mobile`, `c`.`customer_email`
FROM `customer_inventory_child_barcodes` `cb`
LEFT JOIN `customer_inventory` `i` ON `i`.`id` = `cb`.`inventory_id`
LEFT JOIN `pine_upload_inventory` `c` ON `c`.`id` = `i`.`upload_inventory_id`
WHERE `cb`.`inventory_id` = \'1088\'')
 4 SYSTEMPATH\Database\BaseBuilder.php(1649): CodeIgniter\Database\BaseConnection->query('SELECT `cb`.*, `i`.`item_name`, `i`.`rack_id`, `c`.`customer_name`, `c`.`id` as `customer_id`, `c`.`customer_mobile`, `c`.`customer_email`
FROM `customer_inventory_child_barcodes` `cb`
LEFT JOIN `customer_inventory` `i` ON `i`.`id` = `cb`.`inventory_id`
LEFT JOIN `pine_upload_inventory` `c` ON `c`.`id` = `i`.`upload_inventory_id`
WHERE `cb`.`inventory_id` = :cb.inventory_id:', [...], false)
 5 APPPATH\Controllers\BarcodeSearchController.php(54): CodeIgniter\Database\BaseBuilder->get()
 6 SYSTEMPATH\CodeIgniter.php(933): App\Controllers\BarcodeSearchController->search('item', '1088')
 7 SYSTEMPATH\CodeIgniter.php(507): CodeIgniter\CodeIgniter->runController(Object(App\Controllers\BarcodeSearchController))
 8 SYSTEMPATH\CodeIgniter.php(354): CodeIgniter\CodeIgniter->handleRequest(null, Object(Config\Cache), false)
 9 SYSTEMPATH\Boot.php(334): CodeIgniter\CodeIgniter->run()
10 SYSTEMPATH\Boot.php(67): CodeIgniter\Boot::runCodeIgniter(Object(CodeIgniter\CodeIgniter))
11 FCPATH\index.php(56): CodeIgniter\Boot::bootWeb(Object(Config\Paths))
ERROR - 2025-07-23 06:18:44 --> mysqli_sql_exception: Unknown column 'i.rack_id' in 'field list' in C:\xampp\htdocs\pinestore\system\Database\MySQLi\Connection.php:327
Stack trace:
#0 C:\xampp\htdocs\pinestore\system\Database\MySQLi\Connection.php(327): mysqli->query('SELECT `cb`.*, ...', 0)
#1 C:\xampp\htdocs\pinestore\system\Database\BaseConnection.php(738): CodeIgniter\Database\MySQLi\Connection->execute('SELECT `cb`.*, ...')
#2 C:\xampp\htdocs\pinestore\system\Database\BaseConnection.php(652): CodeIgniter\Database\BaseConnection->simpleQuery('SELECT `cb`.*, ...')
#3 C:\xampp\htdocs\pinestore\system\Database\BaseBuilder.php(1649): CodeIgniter\Database\BaseConnection->query('SELECT `cb`.*, ...', Array, false)
#4 C:\xampp\htdocs\pinestore\app\Controllers\BarcodeSearchController.php(54): CodeIgniter\Database\BaseBuilder->get()
#5 C:\xampp\htdocs\pinestore\system\CodeIgniter.php(933): App\Controllers\BarcodeSearchController->search('item', '1088')
#6 C:\xampp\htdocs\pinestore\system\CodeIgniter.php(507): CodeIgniter\CodeIgniter->runController(Object(App\Controllers\BarcodeSearchController))
#7 C:\xampp\htdocs\pinestore\system\CodeIgniter.php(354): CodeIgniter\CodeIgniter->handleRequest(NULL, Object(Config\Cache), false)
#8 C:\xampp\htdocs\pinestore\system\Boot.php(334): CodeIgniter\CodeIgniter->run()
#9 C:\xampp\htdocs\pinestore\system\Boot.php(67): CodeIgniter\Boot::runCodeIgniter(Object(CodeIgniter\CodeIgniter))
#10 C:\xampp\htdocs\pinestore\index.php(56): CodeIgniter\Boot::bootWeb(Object(Config\Paths))
#11 {main}
CRITICAL - 2025-07-23 06:18:44 --> CodeIgniter\Database\Exceptions\DatabaseException: Unknown column 'i.rack_id' in 'field list'
[Method: GET, Route: barcode-search/item/1088]
in SYSTEMPATH\Database\BaseConnection.php on line 692.
 1 SYSTEMPATH\Database\BaseBuilder.php(1649): CodeIgniter\Database\BaseConnection->query('SELECT `cb`.*, `i`.`item_name`, `i`.`rack_id`, `c`.`customer_name`, `c`.`id` as `customer_id`, `c`.`customer_mobile`, `c`.`customer_email`
FROM `customer_inventory_child_barcodes` `cb`
LEFT JOIN `customer_inventory` `i` ON `i`.`id` = `cb`.`inventory_id`
LEFT JOIN `pine_upload_inventory` `c` ON `c`.`id` = `i`.`upload_inventory_id`
WHERE `cb`.`inventory_id` = :cb.inventory_id:', [...], false)
 2 APPPATH\Controllers\BarcodeSearchController.php(54): CodeIgniter\Database\BaseBuilder->get()
 3 SYSTEMPATH\CodeIgniter.php(933): App\Controllers\BarcodeSearchController->search('item', '1088')
 4 SYSTEMPATH\CodeIgniter.php(507): CodeIgniter\CodeIgniter->runController(Object(App\Controllers\BarcodeSearchController))
 5 SYSTEMPATH\CodeIgniter.php(354): CodeIgniter\CodeIgniter->handleRequest(null, Object(Config\Cache), false)
 6 SYSTEMPATH\Boot.php(334): CodeIgniter\CodeIgniter->run()
 7 SYSTEMPATH\Boot.php(67): CodeIgniter\Boot::runCodeIgniter(Object(CodeIgniter\CodeIgniter))
 8 FCPATH\index.php(56): CodeIgniter\Boot::bootWeb(Object(Config\Paths))
CRITICAL - 2025-07-23 06:18:44 --> [Caused by] CodeIgniter\Database\Exceptions\DatabaseException: Unknown column 'i.rack_id' in 'field list'
in SYSTEMPATH\Database\MySQLi\Connection.php on line 332.
 1 SYSTEMPATH\Database\BaseConnection.php(738): CodeIgniter\Database\MySQLi\Connection->execute('SELECT `cb`.*, `i`.`item_name`, `i`.`rack_id`, `c`.`customer_name`, `c`.`id` as `customer_id`, `c`.`customer_mobile`, `c`.`customer_email`
FROM `customer_inventory_child_barcodes` `cb`
LEFT JOIN `customer_inventory` `i` ON `i`.`id` = `cb`.`inventory_id`
LEFT JOIN `pine_upload_inventory` `c` ON `c`.`id` = `i`.`upload_inventory_id`
WHERE `cb`.`inventory_id` = \'1088\'')
 2 SYSTEMPATH\Database\BaseConnection.php(652): CodeIgniter\Database\BaseConnection->simpleQuery('SELECT `cb`.*, `i`.`item_name`, `i`.`rack_id`, `c`.`customer_name`, `c`.`id` as `customer_id`, `c`.`customer_mobile`, `c`.`customer_email`
FROM `customer_inventory_child_barcodes` `cb`
LEFT JOIN `customer_inventory` `i` ON `i`.`id` = `cb`.`inventory_id`
LEFT JOIN `pine_upload_inventory` `c` ON `c`.`id` = `i`.`upload_inventory_id`
WHERE `cb`.`inventory_id` = \'1088\'')
 3 SYSTEMPATH\Database\BaseBuilder.php(1649): CodeIgniter\Database\BaseConnection->query('SELECT `cb`.*, `i`.`item_name`, `i`.`rack_id`, `c`.`customer_name`, `c`.`id` as `customer_id`, `c`.`customer_mobile`, `c`.`customer_email`
FROM `customer_inventory_child_barcodes` `cb`
LEFT JOIN `customer_inventory` `i` ON `i`.`id` = `cb`.`inventory_id`
LEFT JOIN `pine_upload_inventory` `c` ON `c`.`id` = `i`.`upload_inventory_id`
WHERE `cb`.`inventory_id` = :cb.inventory_id:', [...], false)
 4 APPPATH\Controllers\BarcodeSearchController.php(54): CodeIgniter\Database\BaseBuilder->get()
 5 SYSTEMPATH\CodeIgniter.php(933): App\Controllers\BarcodeSearchController->search('item', '1088')
 6 SYSTEMPATH\CodeIgniter.php(507): CodeIgniter\CodeIgniter->runController(Object(App\Controllers\BarcodeSearchController))
 7 SYSTEMPATH\CodeIgniter.php(354): CodeIgniter\CodeIgniter->handleRequest(null, Object(Config\Cache), false)
 8 SYSTEMPATH\Boot.php(334): CodeIgniter\CodeIgniter->run()
 9 SYSTEMPATH\Boot.php(67): CodeIgniter\Boot::runCodeIgniter(Object(CodeIgniter\CodeIgniter))
10 FCPATH\index.php(56): CodeIgniter\Boot::bootWeb(Object(Config\Paths))
CRITICAL - 2025-07-23 06:18:44 --> [Caused by] mysqli_sql_exception: Unknown column 'i.rack_id' in 'field list'
in SYSTEMPATH\Database\MySQLi\Connection.php on line 327.
 1 SYSTEMPATH\Database\MySQLi\Connection.php(327): mysqli->query('SELECT `cb`.*, `i`.`item_name`, `i`.`rack_id`, `c`.`customer_name`, `c`.`id` as `customer_id`, `c`.`customer_mobile`, `c`.`customer_email`
FROM `customer_inventory_child_barcodes` `cb`
LEFT JOIN `customer_inventory` `i` ON `i`.`id` = `cb`.`inventory_id`
LEFT JOIN `pine_upload_inventory` `c` ON `c`.`id` = `i`.`upload_inventory_id`
WHERE `cb`.`inventory_id` = \'1088\'', 0)
 2 SYSTEMPATH\Database\BaseConnection.php(738): CodeIgniter\Database\MySQLi\Connection->execute('SELECT `cb`.*, `i`.`item_name`, `i`.`rack_id`, `c`.`customer_name`, `c`.`id` as `customer_id`, `c`.`customer_mobile`, `c`.`customer_email`
FROM `customer_inventory_child_barcodes` `cb`
LEFT JOIN `customer_inventory` `i` ON `i`.`id` = `cb`.`inventory_id`
LEFT JOIN `pine_upload_inventory` `c` ON `c`.`id` = `i`.`upload_inventory_id`
WHERE `cb`.`inventory_id` = \'1088\'')
 3 SYSTEMPATH\Database\BaseConnection.php(652): CodeIgniter\Database\BaseConnection->simpleQuery('SELECT `cb`.*, `i`.`item_name`, `i`.`rack_id`, `c`.`customer_name`, `c`.`id` as `customer_id`, `c`.`customer_mobile`, `c`.`customer_email`
FROM `customer_inventory_child_barcodes` `cb`
LEFT JOIN `customer_inventory` `i` ON `i`.`id` = `cb`.`inventory_id`
LEFT JOIN `pine_upload_inventory` `c` ON `c`.`id` = `i`.`upload_inventory_id`
WHERE `cb`.`inventory_id` = \'1088\'')
 4 SYSTEMPATH\Database\BaseBuilder.php(1649): CodeIgniter\Database\BaseConnection->query('SELECT `cb`.*, `i`.`item_name`, `i`.`rack_id`, `c`.`customer_name`, `c`.`id` as `customer_id`, `c`.`customer_mobile`, `c`.`customer_email`
FROM `customer_inventory_child_barcodes` `cb`
LEFT JOIN `customer_inventory` `i` ON `i`.`id` = `cb`.`inventory_id`
LEFT JOIN `pine_upload_inventory` `c` ON `c`.`id` = `i`.`upload_inventory_id`
WHERE `cb`.`inventory_id` = :cb.inventory_id:', [...], false)
 5 APPPATH\Controllers\BarcodeSearchController.php(54): CodeIgniter\Database\BaseBuilder->get()
 6 SYSTEMPATH\CodeIgniter.php(933): App\Controllers\BarcodeSearchController->search('item', '1088')
 7 SYSTEMPATH\CodeIgniter.php(507): CodeIgniter\CodeIgniter->runController(Object(App\Controllers\BarcodeSearchController))
 8 SYSTEMPATH\CodeIgniter.php(354): CodeIgniter\CodeIgniter->handleRequest(null, Object(Config\Cache), false)
 9 SYSTEMPATH\Boot.php(334): CodeIgniter\CodeIgniter->run()
10 SYSTEMPATH\Boot.php(67): CodeIgniter\Boot::runCodeIgniter(Object(CodeIgniter\CodeIgniter))
11 FCPATH\index.php(56): CodeIgniter\Boot::bootWeb(Object(Config\Paths))
DEBUG - 2025-07-23 06:19:40 --> Session: Class initialized using 'CodeIgniter\Session\Handlers\FileHandler' driver.
DEBUG - 2025-07-23 06:19:41 --> Session: Class initialized using 'CodeIgniter\Session\Handlers\FileHandler' driver.
ERROR - 2025-07-23 06:19:47 --> mysqli_sql_exception: Unknown column 'i.rack_id' in 'field list' in C:\xampp\htdocs\pinestore\system\Database\MySQLi\Connection.php:327
Stack trace:
#0 C:\xampp\htdocs\pinestore\system\Database\MySQLi\Connection.php(327): mysqli->query('SELECT `cb`.*, ...', 0)
#1 C:\xampp\htdocs\pinestore\system\Database\BaseConnection.php(738): CodeIgniter\Database\MySQLi\Connection->execute('SELECT `cb`.*, ...')
#2 C:\xampp\htdocs\pinestore\system\Database\BaseConnection.php(652): CodeIgniter\Database\BaseConnection->simpleQuery('SELECT `cb`.*, ...')
#3 C:\xampp\htdocs\pinestore\system\Database\BaseBuilder.php(1649): CodeIgniter\Database\BaseConnection->query('SELECT `cb`.*, ...', Array, false)
#4 C:\xampp\htdocs\pinestore\app\Controllers\BarcodeSearchController.php(54): CodeIgniter\Database\BaseBuilder->get()
#5 C:\xampp\htdocs\pinestore\system\CodeIgniter.php(933): App\Controllers\BarcodeSearchController->search('item', '1088')
#6 C:\xampp\htdocs\pinestore\system\CodeIgniter.php(507): CodeIgniter\CodeIgniter->runController(Object(App\Controllers\BarcodeSearchController))
#7 C:\xampp\htdocs\pinestore\system\CodeIgniter.php(354): CodeIgniter\CodeIgniter->handleRequest(NULL, Object(Config\Cache), false)
#8 C:\xampp\htdocs\pinestore\system\Boot.php(334): CodeIgniter\CodeIgniter->run()
#9 C:\xampp\htdocs\pinestore\system\Boot.php(67): CodeIgniter\Boot::runCodeIgniter(Object(CodeIgniter\CodeIgniter))
#10 C:\xampp\htdocs\pinestore\index.php(56): CodeIgniter\Boot::bootWeb(Object(Config\Paths))
#11 {main}
CRITICAL - 2025-07-23 06:19:47 --> CodeIgniter\Database\Exceptions\DatabaseException: Unknown column 'i.rack_id' in 'field list'
[Method: GET, Route: barcode-search/item/1088]
in SYSTEMPATH\Database\BaseConnection.php on line 692.
 1 SYSTEMPATH\Database\BaseBuilder.php(1649): CodeIgniter\Database\BaseConnection->query('SELECT `cb`.*, `i`.`item_name`, `i`.`rack_id`, `c`.`customer_name`, `c`.`id` as `customer_id`, `c`.`customer_mobile`, `c`.`customer_email`
FROM `customer_inventory_child_barcodes` `cb`
LEFT JOIN `customer_inventory` `i` ON `i`.`id` = `cb`.`inventory_id`
LEFT JOIN `pine_upload_inventory` `c` ON `c`.`id` = `i`.`upload_inventory_id`
WHERE `cb`.`inventory_id` = :cb.inventory_id:', [...], false)
 2 APPPATH\Controllers\BarcodeSearchController.php(54): CodeIgniter\Database\BaseBuilder->get()
 3 SYSTEMPATH\CodeIgniter.php(933): App\Controllers\BarcodeSearchController->search('item', '1088')
 4 SYSTEMPATH\CodeIgniter.php(507): CodeIgniter\CodeIgniter->runController(Object(App\Controllers\BarcodeSearchController))
 5 SYSTEMPATH\CodeIgniter.php(354): CodeIgniter\CodeIgniter->handleRequest(null, Object(Config\Cache), false)
 6 SYSTEMPATH\Boot.php(334): CodeIgniter\CodeIgniter->run()
 7 SYSTEMPATH\Boot.php(67): CodeIgniter\Boot::runCodeIgniter(Object(CodeIgniter\CodeIgniter))
 8 FCPATH\index.php(56): CodeIgniter\Boot::bootWeb(Object(Config\Paths))
CRITICAL - 2025-07-23 06:19:47 --> [Caused by] CodeIgniter\Database\Exceptions\DatabaseException: Unknown column 'i.rack_id' in 'field list'
in SYSTEMPATH\Database\MySQLi\Connection.php on line 332.
 1 SYSTEMPATH\Database\BaseConnection.php(738): CodeIgniter\Database\MySQLi\Connection->execute('SELECT `cb`.*, `i`.`item_name`, `i`.`rack_id`, `c`.`customer_name`, `c`.`id` as `customer_id`, `c`.`customer_mobile`, `c`.`customer_email`
FROM `customer_inventory_child_barcodes` `cb`
LEFT JOIN `customer_inventory` `i` ON `i`.`id` = `cb`.`inventory_id`
LEFT JOIN `pine_upload_inventory` `c` ON `c`.`id` = `i`.`upload_inventory_id`
WHERE `cb`.`inventory_id` = \'1088\'')
 2 SYSTEMPATH\Database\BaseConnection.php(652): CodeIgniter\Database\BaseConnection->simpleQuery('SELECT `cb`.*, `i`.`item_name`, `i`.`rack_id`, `c`.`customer_name`, `c`.`id` as `customer_id`, `c`.`customer_mobile`, `c`.`customer_email`
FROM `customer_inventory_child_barcodes` `cb`
LEFT JOIN `customer_inventory` `i` ON `i`.`id` = `cb`.`inventory_id`
LEFT JOIN `pine_upload_inventory` `c` ON `c`.`id` = `i`.`upload_inventory_id`
WHERE `cb`.`inventory_id` = \'1088\'')
 3 SYSTEMPATH\Database\BaseBuilder.php(1649): CodeIgniter\Database\BaseConnection->query('SELECT `cb`.*, `i`.`item_name`, `i`.`rack_id`, `c`.`customer_name`, `c`.`id` as `customer_id`, `c`.`customer_mobile`, `c`.`customer_email`
FROM `customer_inventory_child_barcodes` `cb`
LEFT JOIN `customer_inventory` `i` ON `i`.`id` = `cb`.`inventory_id`
LEFT JOIN `pine_upload_inventory` `c` ON `c`.`id` = `i`.`upload_inventory_id`
WHERE `cb`.`inventory_id` = :cb.inventory_id:', [...], false)
 4 APPPATH\Controllers\BarcodeSearchController.php(54): CodeIgniter\Database\BaseBuilder->get()
 5 SYSTEMPATH\CodeIgniter.php(933): App\Controllers\BarcodeSearchController->search('item', '1088')
 6 SYSTEMPATH\CodeIgniter.php(507): CodeIgniter\CodeIgniter->runController(Object(App\Controllers\BarcodeSearchController))
 7 SYSTEMPATH\CodeIgniter.php(354): CodeIgniter\CodeIgniter->handleRequest(null, Object(Config\Cache), false)
 8 SYSTEMPATH\Boot.php(334): CodeIgniter\CodeIgniter->run()
 9 SYSTEMPATH\Boot.php(67): CodeIgniter\Boot::runCodeIgniter(Object(CodeIgniter\CodeIgniter))
10 FCPATH\index.php(56): CodeIgniter\Boot::bootWeb(Object(Config\Paths))
CRITICAL - 2025-07-23 06:19:47 --> [Caused by] mysqli_sql_exception: Unknown column 'i.rack_id' in 'field list'
in SYSTEMPATH\Database\MySQLi\Connection.php on line 327.
 1 SYSTEMPATH\Database\MySQLi\Connection.php(327): mysqli->query('SELECT `cb`.*, `i`.`item_name`, `i`.`rack_id`, `c`.`customer_name`, `c`.`id` as `customer_id`, `c`.`customer_mobile`, `c`.`customer_email`
FROM `customer_inventory_child_barcodes` `cb`
LEFT JOIN `customer_inventory` `i` ON `i`.`id` = `cb`.`inventory_id`
LEFT JOIN `pine_upload_inventory` `c` ON `c`.`id` = `i`.`upload_inventory_id`
WHERE `cb`.`inventory_id` = \'1088\'', 0)
 2 SYSTEMPATH\Database\BaseConnection.php(738): CodeIgniter\Database\MySQLi\Connection->execute('SELECT `cb`.*, `i`.`item_name`, `i`.`rack_id`, `c`.`customer_name`, `c`.`id` as `customer_id`, `c`.`customer_mobile`, `c`.`customer_email`
FROM `customer_inventory_child_barcodes` `cb`
LEFT JOIN `customer_inventory` `i` ON `i`.`id` = `cb`.`inventory_id`
LEFT JOIN `pine_upload_inventory` `c` ON `c`.`id` = `i`.`upload_inventory_id`
WHERE `cb`.`inventory_id` = \'1088\'')
 3 SYSTEMPATH\Database\BaseConnection.php(652): CodeIgniter\Database\BaseConnection->simpleQuery('SELECT `cb`.*, `i`.`item_name`, `i`.`rack_id`, `c`.`customer_name`, `c`.`id` as `customer_id`, `c`.`customer_mobile`, `c`.`customer_email`
FROM `customer_inventory_child_barcodes` `cb`
LEFT JOIN `customer_inventory` `i` ON `i`.`id` = `cb`.`inventory_id`
LEFT JOIN `pine_upload_inventory` `c` ON `c`.`id` = `i`.`upload_inventory_id`
WHERE `cb`.`inventory_id` = \'1088\'')
 4 SYSTEMPATH\Database\BaseBuilder.php(1649): CodeIgniter\Database\BaseConnection->query('SELECT `cb`.*, `i`.`item_name`, `i`.`rack_id`, `c`.`customer_name`, `c`.`id` as `customer_id`, `c`.`customer_mobile`, `c`.`customer_email`
FROM `customer_inventory_child_barcodes` `cb`
LEFT JOIN `customer_inventory` `i` ON `i`.`id` = `cb`.`inventory_id`
LEFT JOIN `pine_upload_inventory` `c` ON `c`.`id` = `i`.`upload_inventory_id`
WHERE `cb`.`inventory_id` = :cb.inventory_id:', [...], false)
 5 APPPATH\Controllers\BarcodeSearchController.php(54): CodeIgniter\Database\BaseBuilder->get()
 6 SYSTEMPATH\CodeIgniter.php(933): App\Controllers\BarcodeSearchController->search('item', '1088')
 7 SYSTEMPATH\CodeIgniter.php(507): CodeIgniter\CodeIgniter->runController(Object(App\Controllers\BarcodeSearchController))
 8 SYSTEMPATH\CodeIgniter.php(354): CodeIgniter\CodeIgniter->handleRequest(null, Object(Config\Cache), false)
 9 SYSTEMPATH\Boot.php(334): CodeIgniter\CodeIgniter->run()
10 SYSTEMPATH\Boot.php(67): CodeIgniter\Boot::runCodeIgniter(Object(CodeIgniter\CodeIgniter))
11 FCPATH\index.php(56): CodeIgniter\Boot::bootWeb(Object(Config\Paths))
DEBUG - 2025-07-23 06:27:38 --> Session: Class initialized using 'CodeIgniter\Session\Handlers\FileHandler' driver.
DEBUG - 2025-07-23 06:27:38 --> Session: Class initialized using 'CodeIgniter\Session\Handlers\FileHandler' driver.
DEBUG - 2025-07-23 06:27:38 --> Session: Class initialized using 'CodeIgniter\Session\Handlers\FileHandler' driver.
DEBUG - 2025-07-23 06:27:38 --> Session: Class initialized using 'CodeIgniter\Session\Handlers\FileHandler' driver.
DEBUG - 2025-07-23 06:27:38 --> Session: Class initialized using 'CodeIgniter\Session\Handlers\FileHandler' driver.
DEBUG - 2025-07-23 06:27:39 --> Session: Class initialized using 'CodeIgniter\Session\Handlers\FileHandler' driver.
DEBUG - 2025-07-23 06:27:39 --> Session: Class initialized using 'CodeIgniter\Session\Handlers\FileHandler' driver.
ERROR - 2025-07-23 06:27:46 --> mysqli_sql_exception: Unknown column 'i.rack_id' in 'field list' in C:\xampp\htdocs\pinestore\system\Database\MySQLi\Connection.php:327
Stack trace:
#0 C:\xampp\htdocs\pinestore\system\Database\MySQLi\Connection.php(327): mysqli->query('SELECT `cb`.*, ...', 0)
#1 C:\xampp\htdocs\pinestore\system\Database\BaseConnection.php(738): CodeIgniter\Database\MySQLi\Connection->execute('SELECT `cb`.*, ...')
#2 C:\xampp\htdocs\pinestore\system\Database\BaseConnection.php(652): CodeIgniter\Database\BaseConnection->simpleQuery('SELECT `cb`.*, ...')
#3 C:\xampp\htdocs\pinestore\system\Database\BaseBuilder.php(1649): CodeIgniter\Database\BaseConnection->query('SELECT `cb`.*, ...', Array, false)
#4 C:\xampp\htdocs\pinestore\app\Controllers\BarcodeSearchController.php(54): CodeIgniter\Database\BaseBuilder->get()
#5 C:\xampp\htdocs\pinestore\system\CodeIgniter.php(933): App\Controllers\BarcodeSearchController->search('item', '1088')
#6 C:\xampp\htdocs\pinestore\system\CodeIgniter.php(507): CodeIgniter\CodeIgniter->runController(Object(App\Controllers\BarcodeSearchController))
#7 C:\xampp\htdocs\pinestore\system\CodeIgniter.php(354): CodeIgniter\CodeIgniter->handleRequest(NULL, Object(Config\Cache), false)
#8 C:\xampp\htdocs\pinestore\system\Boot.php(334): CodeIgniter\CodeIgniter->run()
#9 C:\xampp\htdocs\pinestore\system\Boot.php(67): CodeIgniter\Boot::runCodeIgniter(Object(CodeIgniter\CodeIgniter))
#10 C:\xampp\htdocs\pinestore\index.php(56): CodeIgniter\Boot::bootWeb(Object(Config\Paths))
#11 {main}
CRITICAL - 2025-07-23 06:27:46 --> CodeIgniter\Database\Exceptions\DatabaseException: Unknown column 'i.rack_id' in 'field list'
[Method: GET, Route: barcode-search/item/1088]
in SYSTEMPATH\Database\BaseConnection.php on line 692.
 1 SYSTEMPATH\Database\BaseBuilder.php(1649): CodeIgniter\Database\BaseConnection->query('SELECT `cb`.*, `i`.`item_name`, `i`.`rack_id`, `c`.`customer_name`, `c`.`id` as `customer_id`, `c`.`customer_mobile`, `c`.`customer_email`
FROM `customer_inventory_child_barcodes` `cb`
LEFT JOIN `customer_inventory` `i` ON `i`.`id` = `cb`.`inventory_id`
LEFT JOIN `pine_upload_inventory` `c` ON `c`.`id` = `i`.`upload_inventory_id`
WHERE `cb`.`inventory_id` = :cb.inventory_id:', [...], false)
 2 APPPATH\Controllers\BarcodeSearchController.php(54): CodeIgniter\Database\BaseBuilder->get()
 3 SYSTEMPATH\CodeIgniter.php(933): App\Controllers\BarcodeSearchController->search('item', '1088')
 4 SYSTEMPATH\CodeIgniter.php(507): CodeIgniter\CodeIgniter->runController(Object(App\Controllers\BarcodeSearchController))
 5 SYSTEMPATH\CodeIgniter.php(354): CodeIgniter\CodeIgniter->handleRequest(null, Object(Config\Cache), false)
 6 SYSTEMPATH\Boot.php(334): CodeIgniter\CodeIgniter->run()
 7 SYSTEMPATH\Boot.php(67): CodeIgniter\Boot::runCodeIgniter(Object(CodeIgniter\CodeIgniter))
 8 FCPATH\index.php(56): CodeIgniter\Boot::bootWeb(Object(Config\Paths))
CRITICAL - 2025-07-23 06:27:46 --> [Caused by] CodeIgniter\Database\Exceptions\DatabaseException: Unknown column 'i.rack_id' in 'field list'
in SYSTEMPATH\Database\MySQLi\Connection.php on line 332.
 1 SYSTEMPATH\Database\BaseConnection.php(738): CodeIgniter\Database\MySQLi\Connection->execute('SELECT `cb`.*, `i`.`item_name`, `i`.`rack_id`, `c`.`customer_name`, `c`.`id` as `customer_id`, `c`.`customer_mobile`, `c`.`customer_email`
FROM `customer_inventory_child_barcodes` `cb`
LEFT JOIN `customer_inventory` `i` ON `i`.`id` = `cb`.`inventory_id`
LEFT JOIN `pine_upload_inventory` `c` ON `c`.`id` = `i`.`upload_inventory_id`
WHERE `cb`.`inventory_id` = \'1088\'')
 2 SYSTEMPATH\Database\BaseConnection.php(652): CodeIgniter\Database\BaseConnection->simpleQuery('SELECT `cb`.*, `i`.`item_name`, `i`.`rack_id`, `c`.`customer_name`, `c`.`id` as `customer_id`, `c`.`customer_mobile`, `c`.`customer_email`
FROM `customer_inventory_child_barcodes` `cb`
LEFT JOIN `customer_inventory` `i` ON `i`.`id` = `cb`.`inventory_id`
LEFT JOIN `pine_upload_inventory` `c` ON `c`.`id` = `i`.`upload_inventory_id`
WHERE `cb`.`inventory_id` = \'1088\'')
 3 SYSTEMPATH\Database\BaseBuilder.php(1649): CodeIgniter\Database\BaseConnection->query('SELECT `cb`.*, `i`.`item_name`, `i`.`rack_id`, `c`.`customer_name`, `c`.`id` as `customer_id`, `c`.`customer_mobile`, `c`.`customer_email`
FROM `customer_inventory_child_barcodes` `cb`
LEFT JOIN `customer_inventory` `i` ON `i`.`id` = `cb`.`inventory_id`
LEFT JOIN `pine_upload_inventory` `c` ON `c`.`id` = `i`.`upload_inventory_id`
WHERE `cb`.`inventory_id` = :cb.inventory_id:', [...], false)
 4 APPPATH\Controllers\BarcodeSearchController.php(54): CodeIgniter\Database\BaseBuilder->get()
 5 SYSTEMPATH\CodeIgniter.php(933): App\Controllers\BarcodeSearchController->search('item', '1088')
 6 SYSTEMPATH\CodeIgniter.php(507): CodeIgniter\CodeIgniter->runController(Object(App\Controllers\BarcodeSearchController))
 7 SYSTEMPATH\CodeIgniter.php(354): CodeIgniter\CodeIgniter->handleRequest(null, Object(Config\Cache), false)
 8 SYSTEMPATH\Boot.php(334): CodeIgniter\CodeIgniter->run()
 9 SYSTEMPATH\Boot.php(67): CodeIgniter\Boot::runCodeIgniter(Object(CodeIgniter\CodeIgniter))
10 FCPATH\index.php(56): CodeIgniter\Boot::bootWeb(Object(Config\Paths))
CRITICAL - 2025-07-23 06:27:46 --> [Caused by] mysqli_sql_exception: Unknown column 'i.rack_id' in 'field list'
in SYSTEMPATH\Database\MySQLi\Connection.php on line 327.
 1 SYSTEMPATH\Database\MySQLi\Connection.php(327): mysqli->query('SELECT `cb`.*, `i`.`item_name`, `i`.`rack_id`, `c`.`customer_name`, `c`.`id` as `customer_id`, `c`.`customer_mobile`, `c`.`customer_email`
FROM `customer_inventory_child_barcodes` `cb`
LEFT JOIN `customer_inventory` `i` ON `i`.`id` = `cb`.`inventory_id`
LEFT JOIN `pine_upload_inventory` `c` ON `c`.`id` = `i`.`upload_inventory_id`
WHERE `cb`.`inventory_id` = \'1088\'', 0)
 2 SYSTEMPATH\Database\BaseConnection.php(738): CodeIgniter\Database\MySQLi\Connection->execute('SELECT `cb`.*, `i`.`item_name`, `i`.`rack_id`, `c`.`customer_name`, `c`.`id` as `customer_id`, `c`.`customer_mobile`, `c`.`customer_email`
FROM `customer_inventory_child_barcodes` `cb`
LEFT JOIN `customer_inventory` `i` ON `i`.`id` = `cb`.`inventory_id`
LEFT JOIN `pine_upload_inventory` `c` ON `c`.`id` = `i`.`upload_inventory_id`
WHERE `cb`.`inventory_id` = \'1088\'')
 3 SYSTEMPATH\Database\BaseConnection.php(652): CodeIgniter\Database\BaseConnection->simpleQuery('SELECT `cb`.*, `i`.`item_name`, `i`.`rack_id`, `c`.`customer_name`, `c`.`id` as `customer_id`, `c`.`customer_mobile`, `c`.`customer_email`
FROM `customer_inventory_child_barcodes` `cb`
LEFT JOIN `customer_inventory` `i` ON `i`.`id` = `cb`.`inventory_id`
LEFT JOIN `pine_upload_inventory` `c` ON `c`.`id` = `i`.`upload_inventory_id`
WHERE `cb`.`inventory_id` = \'1088\'')
 4 SYSTEMPATH\Database\BaseBuilder.php(1649): CodeIgniter\Database\BaseConnection->query('SELECT `cb`.*, `i`.`item_name`, `i`.`rack_id`, `c`.`customer_name`, `c`.`id` as `customer_id`, `c`.`customer_mobile`, `c`.`customer_email`
FROM `customer_inventory_child_barcodes` `cb`
LEFT JOIN `customer_inventory` `i` ON `i`.`id` = `cb`.`inventory_id`
LEFT JOIN `pine_upload_inventory` `c` ON `c`.`id` = `i`.`upload_inventory_id`
WHERE `cb`.`inventory_id` = :cb.inventory_id:', [...], false)
 5 APPPATH\Controllers\BarcodeSearchController.php(54): CodeIgniter\Database\BaseBuilder->get()
 6 SYSTEMPATH\CodeIgniter.php(933): App\Controllers\BarcodeSearchController->search('item', '1088')
 7 SYSTEMPATH\CodeIgniter.php(507): CodeIgniter\CodeIgniter->runController(Object(App\Controllers\BarcodeSearchController))
 8 SYSTEMPATH\CodeIgniter.php(354): CodeIgniter\CodeIgniter->handleRequest(null, Object(Config\Cache), false)
 9 SYSTEMPATH\Boot.php(334): CodeIgniter\CodeIgniter->run()
10 SYSTEMPATH\Boot.php(67): CodeIgniter\Boot::runCodeIgniter(Object(CodeIgniter\CodeIgniter))
11 FCPATH\index.php(56): CodeIgniter\Boot::bootWeb(Object(Config\Paths))
ERROR - 2025-07-23 06:27:53 --> mysqli_sql_exception: Unknown column 'i.rack_id' in 'field list' in C:\xampp\htdocs\pinestore\system\Database\MySQLi\Connection.php:327
Stack trace:
#0 C:\xampp\htdocs\pinestore\system\Database\MySQLi\Connection.php(327): mysqli->query('SELECT `cb`.*, ...', 0)
#1 C:\xampp\htdocs\pinestore\system\Database\BaseConnection.php(738): CodeIgniter\Database\MySQLi\Connection->execute('SELECT `cb`.*, ...')
#2 C:\xampp\htdocs\pinestore\system\Database\BaseConnection.php(652): CodeIgniter\Database\BaseConnection->simpleQuery('SELECT `cb`.*, ...')
#3 C:\xampp\htdocs\pinestore\system\Database\BaseBuilder.php(1649): CodeIgniter\Database\BaseConnection->query('SELECT `cb`.*, ...', Array, false)
#4 C:\xampp\htdocs\pinestore\app\Controllers\BarcodeSearchController.php(54): CodeIgniter\Database\BaseBuilder->get()
#5 C:\xampp\htdocs\pinestore\system\CodeIgniter.php(933): App\Controllers\BarcodeSearchController->search('item', '541')
#6 C:\xampp\htdocs\pinestore\system\CodeIgniter.php(507): CodeIgniter\CodeIgniter->runController(Object(App\Controllers\BarcodeSearchController))
#7 C:\xampp\htdocs\pinestore\system\CodeIgniter.php(354): CodeIgniter\CodeIgniter->handleRequest(NULL, Object(Config\Cache), false)
#8 C:\xampp\htdocs\pinestore\system\Boot.php(334): CodeIgniter\CodeIgniter->run()
#9 C:\xampp\htdocs\pinestore\system\Boot.php(67): CodeIgniter\Boot::runCodeIgniter(Object(CodeIgniter\CodeIgniter))
#10 C:\xampp\htdocs\pinestore\index.php(56): CodeIgniter\Boot::bootWeb(Object(Config\Paths))
#11 {main}
CRITICAL - 2025-07-23 06:27:53 --> CodeIgniter\Database\Exceptions\DatabaseException: Unknown column 'i.rack_id' in 'field list'
[Method: GET, Route: barcode-search/item/541]
in SYSTEMPATH\Database\BaseConnection.php on line 692.
 1 SYSTEMPATH\Database\BaseBuilder.php(1649): CodeIgniter\Database\BaseConnection->query('SELECT `cb`.*, `i`.`item_name`, `i`.`rack_id`, `c`.`customer_name`, `c`.`id` as `customer_id`, `c`.`customer_mobile`, `c`.`customer_email`
FROM `customer_inventory_child_barcodes` `cb`
LEFT JOIN `customer_inventory` `i` ON `i`.`id` = `cb`.`inventory_id`
LEFT JOIN `pine_upload_inventory` `c` ON `c`.`id` = `i`.`upload_inventory_id`
WHERE `cb`.`inventory_id` = :cb.inventory_id:', [...], false)
 2 APPPATH\Controllers\BarcodeSearchController.php(54): CodeIgniter\Database\BaseBuilder->get()
 3 SYSTEMPATH\CodeIgniter.php(933): App\Controllers\BarcodeSearchController->search('item', '541')
 4 SYSTEMPATH\CodeIgniter.php(507): CodeIgniter\CodeIgniter->runController(Object(App\Controllers\BarcodeSearchController))
 5 SYSTEMPATH\CodeIgniter.php(354): CodeIgniter\CodeIgniter->handleRequest(null, Object(Config\Cache), false)
 6 SYSTEMPATH\Boot.php(334): CodeIgniter\CodeIgniter->run()
 7 SYSTEMPATH\Boot.php(67): CodeIgniter\Boot::runCodeIgniter(Object(CodeIgniter\CodeIgniter))
 8 FCPATH\index.php(56): CodeIgniter\Boot::bootWeb(Object(Config\Paths))
CRITICAL - 2025-07-23 06:27:53 --> [Caused by] CodeIgniter\Database\Exceptions\DatabaseException: Unknown column 'i.rack_id' in 'field list'
in SYSTEMPATH\Database\MySQLi\Connection.php on line 332.
 1 SYSTEMPATH\Database\BaseConnection.php(738): CodeIgniter\Database\MySQLi\Connection->execute('SELECT `cb`.*, `i`.`item_name`, `i`.`rack_id`, `c`.`customer_name`, `c`.`id` as `customer_id`, `c`.`customer_mobile`, `c`.`customer_email`
FROM `customer_inventory_child_barcodes` `cb`
LEFT JOIN `customer_inventory` `i` ON `i`.`id` = `cb`.`inventory_id`
LEFT JOIN `pine_upload_inventory` `c` ON `c`.`id` = `i`.`upload_inventory_id`
WHERE `cb`.`inventory_id` = \'541\'')
 2 SYSTEMPATH\Database\BaseConnection.php(652): CodeIgniter\Database\BaseConnection->simpleQuery('SELECT `cb`.*, `i`.`item_name`, `i`.`rack_id`, `c`.`customer_name`, `c`.`id` as `customer_id`, `c`.`customer_mobile`, `c`.`customer_email`
FROM `customer_inventory_child_barcodes` `cb`
LEFT JOIN `customer_inventory` `i` ON `i`.`id` = `cb`.`inventory_id`
LEFT JOIN `pine_upload_inventory` `c` ON `c`.`id` = `i`.`upload_inventory_id`
WHERE `cb`.`inventory_id` = \'541\'')
 3 SYSTEMPATH\Database\BaseBuilder.php(1649): CodeIgniter\Database\BaseConnection->query('SELECT `cb`.*, `i`.`item_name`, `i`.`rack_id`, `c`.`customer_name`, `c`.`id` as `customer_id`, `c`.`customer_mobile`, `c`.`customer_email`
FROM `customer_inventory_child_barcodes` `cb`
LEFT JOIN `customer_inventory` `i` ON `i`.`id` = `cb`.`inventory_id`
LEFT JOIN `pine_upload_inventory` `c` ON `c`.`id` = `i`.`upload_inventory_id`
WHERE `cb`.`inventory_id` = :cb.inventory_id:', [...], false)
 4 APPPATH\Controllers\BarcodeSearchController.php(54): CodeIgniter\Database\BaseBuilder->get()
 5 SYSTEMPATH\CodeIgniter.php(933): App\Controllers\BarcodeSearchController->search('item', '541')
 6 SYSTEMPATH\CodeIgniter.php(507): CodeIgniter\CodeIgniter->runController(Object(App\Controllers\BarcodeSearchController))
 7 SYSTEMPATH\CodeIgniter.php(354): CodeIgniter\CodeIgniter->handleRequest(null, Object(Config\Cache), false)
 8 SYSTEMPATH\Boot.php(334): CodeIgniter\CodeIgniter->run()
 9 SYSTEMPATH\Boot.php(67): CodeIgniter\Boot::runCodeIgniter(Object(CodeIgniter\CodeIgniter))
10 FCPATH\index.php(56): CodeIgniter\Boot::bootWeb(Object(Config\Paths))
CRITICAL - 2025-07-23 06:27:53 --> [Caused by] mysqli_sql_exception: Unknown column 'i.rack_id' in 'field list'
in SYSTEMPATH\Database\MySQLi\Connection.php on line 327.
 1 SYSTEMPATH\Database\MySQLi\Connection.php(327): mysqli->query('SELECT `cb`.*, `i`.`item_name`, `i`.`rack_id`, `c`.`customer_name`, `c`.`id` as `customer_id`, `c`.`customer_mobile`, `c`.`customer_email`
FROM `customer_inventory_child_barcodes` `cb`
LEFT JOIN `customer_inventory` `i` ON `i`.`id` = `cb`.`inventory_id`
LEFT JOIN `pine_upload_inventory` `c` ON `c`.`id` = `i`.`upload_inventory_id`
WHERE `cb`.`inventory_id` = \'541\'', 0)
 2 SYSTEMPATH\Database\BaseConnection.php(738): CodeIgniter\Database\MySQLi\Connection->execute('SELECT `cb`.*, `i`.`item_name`, `i`.`rack_id`, `c`.`customer_name`, `c`.`id` as `customer_id`, `c`.`customer_mobile`, `c`.`customer_email`
FROM `customer_inventory_child_barcodes` `cb`
LEFT JOIN `customer_inventory` `i` ON `i`.`id` = `cb`.`inventory_id`
LEFT JOIN `pine_upload_inventory` `c` ON `c`.`id` = `i`.`upload_inventory_id`
WHERE `cb`.`inventory_id` = \'541\'')
 3 SYSTEMPATH\Database\BaseConnection.php(652): CodeIgniter\Database\BaseConnection->simpleQuery('SELECT `cb`.*, `i`.`item_name`, `i`.`rack_id`, `c`.`customer_name`, `c`.`id` as `customer_id`, `c`.`customer_mobile`, `c`.`customer_email`
FROM `customer_inventory_child_barcodes` `cb`
LEFT JOIN `customer_inventory` `i` ON `i`.`id` = `cb`.`inventory_id`
LEFT JOIN `pine_upload_inventory` `c` ON `c`.`id` = `i`.`upload_inventory_id`
WHERE `cb`.`inventory_id` = \'541\'')
 4 SYSTEMPATH\Database\BaseBuilder.php(1649): CodeIgniter\Database\BaseConnection->query('SELECT `cb`.*, `i`.`item_name`, `i`.`rack_id`, `c`.`customer_name`, `c`.`id` as `customer_id`, `c`.`customer_mobile`, `c`.`customer_email`
FROM `customer_inventory_child_barcodes` `cb`
LEFT JOIN `customer_inventory` `i` ON `i`.`id` = `cb`.`inventory_id`
LEFT JOIN `pine_upload_inventory` `c` ON `c`.`id` = `i`.`upload_inventory_id`
WHERE `cb`.`inventory_id` = :cb.inventory_id:', [...], false)
 5 APPPATH\Controllers\BarcodeSearchController.php(54): CodeIgniter\Database\BaseBuilder->get()
 6 SYSTEMPATH\CodeIgniter.php(933): App\Controllers\BarcodeSearchController->search('item', '541')
 7 SYSTEMPATH\CodeIgniter.php(507): CodeIgniter\CodeIgniter->runController(Object(App\Controllers\BarcodeSearchController))
 8 SYSTEMPATH\CodeIgniter.php(354): CodeIgniter\CodeIgniter->handleRequest(null, Object(Config\Cache), false)
 9 SYSTEMPATH\Boot.php(334): CodeIgniter\CodeIgniter->run()
10 SYSTEMPATH\Boot.php(67): CodeIgniter\Boot::runCodeIgniter(Object(CodeIgniter\CodeIgniter))
11 FCPATH\index.php(56): CodeIgniter\Boot::bootWeb(Object(Config\Paths))
ERROR - 2025-07-23 06:27:55 --> mysqli_sql_exception: Unknown column 'i.rack_id' in 'field list' in C:\xampp\htdocs\pinestore\system\Database\MySQLi\Connection.php:327
Stack trace:
#0 C:\xampp\htdocs\pinestore\system\Database\MySQLi\Connection.php(327): mysqli->query('SELECT `cb`.*, ...', 0)
#1 C:\xampp\htdocs\pinestore\system\Database\BaseConnection.php(738): CodeIgniter\Database\MySQLi\Connection->execute('SELECT `cb`.*, ...')
#2 C:\xampp\htdocs\pinestore\system\Database\BaseConnection.php(652): CodeIgniter\Database\BaseConnection->simpleQuery('SELECT `cb`.*, ...')
#3 C:\xampp\htdocs\pinestore\system\Database\BaseBuilder.php(1649): CodeIgniter\Database\BaseConnection->query('SELECT `cb`.*, ...', Array, false)
#4 C:\xampp\htdocs\pinestore\app\Controllers\BarcodeSearchController.php(54): CodeIgniter\Database\BaseBuilder->get()
#5 C:\xampp\htdocs\pinestore\system\CodeIgniter.php(933): App\Controllers\BarcodeSearchController->search('item', '541')
#6 C:\xampp\htdocs\pinestore\system\CodeIgniter.php(507): CodeIgniter\CodeIgniter->runController(Object(App\Controllers\BarcodeSearchController))
#7 C:\xampp\htdocs\pinestore\system\CodeIgniter.php(354): CodeIgniter\CodeIgniter->handleRequest(NULL, Object(Config\Cache), false)
#8 C:\xampp\htdocs\pinestore\system\Boot.php(334): CodeIgniter\CodeIgniter->run()
#9 C:\xampp\htdocs\pinestore\system\Boot.php(67): CodeIgniter\Boot::runCodeIgniter(Object(CodeIgniter\CodeIgniter))
#10 C:\xampp\htdocs\pinestore\index.php(56): CodeIgniter\Boot::bootWeb(Object(Config\Paths))
#11 {main}
CRITICAL - 2025-07-23 06:27:55 --> CodeIgniter\Database\Exceptions\DatabaseException: Unknown column 'i.rack_id' in 'field list'
[Method: GET, Route: barcode-search/item/541]
in SYSTEMPATH\Database\BaseConnection.php on line 692.
 1 SYSTEMPATH\Database\BaseBuilder.php(1649): CodeIgniter\Database\BaseConnection->query('SELECT `cb`.*, `i`.`item_name`, `i`.`rack_id`, `c`.`customer_name`, `c`.`id` as `customer_id`, `c`.`customer_mobile`, `c`.`customer_email`
FROM `customer_inventory_child_barcodes` `cb`
LEFT JOIN `customer_inventory` `i` ON `i`.`id` = `cb`.`inventory_id`
LEFT JOIN `pine_upload_inventory` `c` ON `c`.`id` = `i`.`upload_inventory_id`
WHERE `cb`.`inventory_id` = :cb.inventory_id:', [...], false)
 2 APPPATH\Controllers\BarcodeSearchController.php(54): CodeIgniter\Database\BaseBuilder->get()
 3 SYSTEMPATH\CodeIgniter.php(933): App\Controllers\BarcodeSearchController->search('item', '541')
 4 SYSTEMPATH\CodeIgniter.php(507): CodeIgniter\CodeIgniter->runController(Object(App\Controllers\BarcodeSearchController))
 5 SYSTEMPATH\CodeIgniter.php(354): CodeIgniter\CodeIgniter->handleRequest(null, Object(Config\Cache), false)
 6 SYSTEMPATH\Boot.php(334): CodeIgniter\CodeIgniter->run()
 7 SYSTEMPATH\Boot.php(67): CodeIgniter\Boot::runCodeIgniter(Object(CodeIgniter\CodeIgniter))
 8 FCPATH\index.php(56): CodeIgniter\Boot::bootWeb(Object(Config\Paths))
CRITICAL - 2025-07-23 06:27:55 --> [Caused by] CodeIgniter\Database\Exceptions\DatabaseException: Unknown column 'i.rack_id' in 'field list'
in SYSTEMPATH\Database\MySQLi\Connection.php on line 332.
 1 SYSTEMPATH\Database\BaseConnection.php(738): CodeIgniter\Database\MySQLi\Connection->execute('SELECT `cb`.*, `i`.`item_name`, `i`.`rack_id`, `c`.`customer_name`, `c`.`id` as `customer_id`, `c`.`customer_mobile`, `c`.`customer_email`
FROM `customer_inventory_child_barcodes` `cb`
LEFT JOIN `customer_inventory` `i` ON `i`.`id` = `cb`.`inventory_id`
LEFT JOIN `pine_upload_inventory` `c` ON `c`.`id` = `i`.`upload_inventory_id`
WHERE `cb`.`inventory_id` = \'541\'')
 2 SYSTEMPATH\Database\BaseConnection.php(652): CodeIgniter\Database\BaseConnection->simpleQuery('SELECT `cb`.*, `i`.`item_name`, `i`.`rack_id`, `c`.`customer_name`, `c`.`id` as `customer_id`, `c`.`customer_mobile`, `c`.`customer_email`
FROM `customer_inventory_child_barcodes` `cb`
LEFT JOIN `customer_inventory` `i` ON `i`.`id` = `cb`.`inventory_id`
LEFT JOIN `pine_upload_inventory` `c` ON `c`.`id` = `i`.`upload_inventory_id`
WHERE `cb`.`inventory_id` = \'541\'')
 3 SYSTEMPATH\Database\BaseBuilder.php(1649): CodeIgniter\Database\BaseConnection->query('SELECT `cb`.*, `i`.`item_name`, `i`.`rack_id`, `c`.`customer_name`, `c`.`id` as `customer_id`, `c`.`customer_mobile`, `c`.`customer_email`
FROM `customer_inventory_child_barcodes` `cb`
LEFT JOIN `customer_inventory` `i` ON `i`.`id` = `cb`.`inventory_id`
LEFT JOIN `pine_upload_inventory` `c` ON `c`.`id` = `i`.`upload_inventory_id`
WHERE `cb`.`inventory_id` = :cb.inventory_id:', [...], false)
 4 APPPATH\Controllers\BarcodeSearchController.php(54): CodeIgniter\Database\BaseBuilder->get()
 5 SYSTEMPATH\CodeIgniter.php(933): App\Controllers\BarcodeSearchController->search('item', '541')
 6 SYSTEMPATH\CodeIgniter.php(507): CodeIgniter\CodeIgniter->runController(Object(App\Controllers\BarcodeSearchController))
 7 SYSTEMPATH\CodeIgniter.php(354): CodeIgniter\CodeIgniter->handleRequest(null, Object(Config\Cache), false)
 8 SYSTEMPATH\Boot.php(334): CodeIgniter\CodeIgniter->run()
 9 SYSTEMPATH\Boot.php(67): CodeIgniter\Boot::runCodeIgniter(Object(CodeIgniter\CodeIgniter))
10 FCPATH\index.php(56): CodeIgniter\Boot::bootWeb(Object(Config\Paths))
CRITICAL - 2025-07-23 06:27:55 --> [Caused by] mysqli_sql_exception: Unknown column 'i.rack_id' in 'field list'
in SYSTEMPATH\Database\MySQLi\Connection.php on line 327.
 1 SYSTEMPATH\Database\MySQLi\Connection.php(327): mysqli->query('SELECT `cb`.*, `i`.`item_name`, `i`.`rack_id`, `c`.`customer_name`, `c`.`id` as `customer_id`, `c`.`customer_mobile`, `c`.`customer_email`
FROM `customer_inventory_child_barcodes` `cb`
LEFT JOIN `customer_inventory` `i` ON `i`.`id` = `cb`.`inventory_id`
LEFT JOIN `pine_upload_inventory` `c` ON `c`.`id` = `i`.`upload_inventory_id`
WHERE `cb`.`inventory_id` = \'541\'', 0)
 2 SYSTEMPATH\Database\BaseConnection.php(738): CodeIgniter\Database\MySQLi\Connection->execute('SELECT `cb`.*, `i`.`item_name`, `i`.`rack_id`, `c`.`customer_name`, `c`.`id` as `customer_id`, `c`.`customer_mobile`, `c`.`customer_email`
FROM `customer_inventory_child_barcodes` `cb`
LEFT JOIN `customer_inventory` `i` ON `i`.`id` = `cb`.`inventory_id`
LEFT JOIN `pine_upload_inventory` `c` ON `c`.`id` = `i`.`upload_inventory_id`
WHERE `cb`.`inventory_id` = \'541\'')
 3 SYSTEMPATH\Database\BaseConnection.php(652): CodeIgniter\Database\BaseConnection->simpleQuery('SELECT `cb`.*, `i`.`item_name`, `i`.`rack_id`, `c`.`customer_name`, `c`.`id` as `customer_id`, `c`.`customer_mobile`, `c`.`customer_email`
FROM `customer_inventory_child_barcodes` `cb`
LEFT JOIN `customer_inventory` `i` ON `i`.`id` = `cb`.`inventory_id`
LEFT JOIN `pine_upload_inventory` `c` ON `c`.`id` = `i`.`upload_inventory_id`
WHERE `cb`.`inventory_id` = \'541\'')
 4 SYSTEMPATH\Database\BaseBuilder.php(1649): CodeIgniter\Database\BaseConnection->query('SELECT `cb`.*, `i`.`item_name`, `i`.`rack_id`, `c`.`customer_name`, `c`.`id` as `customer_id`, `c`.`customer_mobile`, `c`.`customer_email`
FROM `customer_inventory_child_barcodes` `cb`
LEFT JOIN `customer_inventory` `i` ON `i`.`id` = `cb`.`inventory_id`
LEFT JOIN `pine_upload_inventory` `c` ON `c`.`id` = `i`.`upload_inventory_id`
WHERE `cb`.`inventory_id` = :cb.inventory_id:', [...], false)
 5 APPPATH\Controllers\BarcodeSearchController.php(54): CodeIgniter\Database\BaseBuilder->get()
 6 SYSTEMPATH\CodeIgniter.php(933): App\Controllers\BarcodeSearchController->search('item', '541')
 7 SYSTEMPATH\CodeIgniter.php(507): CodeIgniter\CodeIgniter->runController(Object(App\Controllers\BarcodeSearchController))
 8 SYSTEMPATH\CodeIgniter.php(354): CodeIgniter\CodeIgniter->handleRequest(null, Object(Config\Cache), false)
 9 SYSTEMPATH\Boot.php(334): CodeIgniter\CodeIgniter->run()
10 SYSTEMPATH\Boot.php(67): CodeIgniter\Boot::runCodeIgniter(Object(CodeIgniter\CodeIgniter))
11 FCPATH\index.php(56): CodeIgniter\Boot::bootWeb(Object(Config\Paths))
ERROR - 2025-07-23 06:27:55 --> mysqli_sql_exception: Unknown column 'i.rack_id' in 'field list' in C:\xampp\htdocs\pinestore\system\Database\MySQLi\Connection.php:327
Stack trace:
#0 C:\xampp\htdocs\pinestore\system\Database\MySQLi\Connection.php(327): mysqli->query('SELECT `cb`.*, ...', 0)
#1 C:\xampp\htdocs\pinestore\system\Database\BaseConnection.php(738): CodeIgniter\Database\MySQLi\Connection->execute('SELECT `cb`.*, ...')
#2 C:\xampp\htdocs\pinestore\system\Database\BaseConnection.php(652): CodeIgniter\Database\BaseConnection->simpleQuery('SELECT `cb`.*, ...')
#3 C:\xampp\htdocs\pinestore\system\Database\BaseBuilder.php(1649): CodeIgniter\Database\BaseConnection->query('SELECT `cb`.*, ...', Array, false)
#4 C:\xampp\htdocs\pinestore\app\Controllers\BarcodeSearchController.php(54): CodeIgniter\Database\BaseBuilder->get()
#5 C:\xampp\htdocs\pinestore\system\CodeIgniter.php(933): App\Controllers\BarcodeSearchController->search('item', '541')
#6 C:\xampp\htdocs\pinestore\system\CodeIgniter.php(507): CodeIgniter\CodeIgniter->runController(Object(App\Controllers\BarcodeSearchController))
#7 C:\xampp\htdocs\pinestore\system\CodeIgniter.php(354): CodeIgniter\CodeIgniter->handleRequest(NULL, Object(Config\Cache), false)
#8 C:\xampp\htdocs\pinestore\system\Boot.php(334): CodeIgniter\CodeIgniter->run()
#9 C:\xampp\htdocs\pinestore\system\Boot.php(67): CodeIgniter\Boot::runCodeIgniter(Object(CodeIgniter\CodeIgniter))
#10 C:\xampp\htdocs\pinestore\index.php(56): CodeIgniter\Boot::bootWeb(Object(Config\Paths))
#11 {main}
CRITICAL - 2025-07-23 06:27:55 --> CodeIgniter\Database\Exceptions\DatabaseException: Unknown column 'i.rack_id' in 'field list'
[Method: GET, Route: barcode-search/item/541]
in SYSTEMPATH\Database\BaseConnection.php on line 692.
 1 SYSTEMPATH\Database\BaseBuilder.php(1649): CodeIgniter\Database\BaseConnection->query('SELECT `cb`.*, `i`.`item_name`, `i`.`rack_id`, `c`.`customer_name`, `c`.`id` as `customer_id`, `c`.`customer_mobile`, `c`.`customer_email`
FROM `customer_inventory_child_barcodes` `cb`
LEFT JOIN `customer_inventory` `i` ON `i`.`id` = `cb`.`inventory_id`
LEFT JOIN `pine_upload_inventory` `c` ON `c`.`id` = `i`.`upload_inventory_id`
WHERE `cb`.`inventory_id` = :cb.inventory_id:', [...], false)
 2 APPPATH\Controllers\BarcodeSearchController.php(54): CodeIgniter\Database\BaseBuilder->get()
 3 SYSTEMPATH\CodeIgniter.php(933): App\Controllers\BarcodeSearchController->search('item', '541')
 4 SYSTEMPATH\CodeIgniter.php(507): CodeIgniter\CodeIgniter->runController(Object(App\Controllers\BarcodeSearchController))
 5 SYSTEMPATH\CodeIgniter.php(354): CodeIgniter\CodeIgniter->handleRequest(null, Object(Config\Cache), false)
 6 SYSTEMPATH\Boot.php(334): CodeIgniter\CodeIgniter->run()
 7 SYSTEMPATH\Boot.php(67): CodeIgniter\Boot::runCodeIgniter(Object(CodeIgniter\CodeIgniter))
 8 FCPATH\index.php(56): CodeIgniter\Boot::bootWeb(Object(Config\Paths))
CRITICAL - 2025-07-23 06:27:55 --> [Caused by] CodeIgniter\Database\Exceptions\DatabaseException: Unknown column 'i.rack_id' in 'field list'
in SYSTEMPATH\Database\MySQLi\Connection.php on line 332.
 1 SYSTEMPATH\Database\BaseConnection.php(738): CodeIgniter\Database\MySQLi\Connection->execute('SELECT `cb`.*, `i`.`item_name`, `i`.`rack_id`, `c`.`customer_name`, `c`.`id` as `customer_id`, `c`.`customer_mobile`, `c`.`customer_email`
FROM `customer_inventory_child_barcodes` `cb`
LEFT JOIN `customer_inventory` `i` ON `i`.`id` = `cb`.`inventory_id`
LEFT JOIN `pine_upload_inventory` `c` ON `c`.`id` = `i`.`upload_inventory_id`
WHERE `cb`.`inventory_id` = \'541\'')
 2 SYSTEMPATH\Database\BaseConnection.php(652): CodeIgniter\Database\BaseConnection->simpleQuery('SELECT `cb`.*, `i`.`item_name`, `i`.`rack_id`, `c`.`customer_name`, `c`.`id` as `customer_id`, `c`.`customer_mobile`, `c`.`customer_email`
FROM `customer_inventory_child_barcodes` `cb`
LEFT JOIN `customer_inventory` `i` ON `i`.`id` = `cb`.`inventory_id`
LEFT JOIN `pine_upload_inventory` `c` ON `c`.`id` = `i`.`upload_inventory_id`
WHERE `cb`.`inventory_id` = \'541\'')
 3 SYSTEMPATH\Database\BaseBuilder.php(1649): CodeIgniter\Database\BaseConnection->query('SELECT `cb`.*, `i`.`item_name`, `i`.`rack_id`, `c`.`customer_name`, `c`.`id` as `customer_id`, `c`.`customer_mobile`, `c`.`customer_email`
FROM `customer_inventory_child_barcodes` `cb`
LEFT JOIN `customer_inventory` `i` ON `i`.`id` = `cb`.`inventory_id`
LEFT JOIN `pine_upload_inventory` `c` ON `c`.`id` = `i`.`upload_inventory_id`
WHERE `cb`.`inventory_id` = :cb.inventory_id:', [...], false)
 4 APPPATH\Controllers\BarcodeSearchController.php(54): CodeIgniter\Database\BaseBuilder->get()
 5 SYSTEMPATH\CodeIgniter.php(933): App\Controllers\BarcodeSearchController->search('item', '541')
 6 SYSTEMPATH\CodeIgniter.php(507): CodeIgniter\CodeIgniter->runController(Object(App\Controllers\BarcodeSearchController))
 7 SYSTEMPATH\CodeIgniter.php(354): CodeIgniter\CodeIgniter->handleRequest(null, Object(Config\Cache), false)
 8 SYSTEMPATH\Boot.php(334): CodeIgniter\CodeIgniter->run()
 9 SYSTEMPATH\Boot.php(67): CodeIgniter\Boot::runCodeIgniter(Object(CodeIgniter\CodeIgniter))
10 FCPATH\index.php(56): CodeIgniter\Boot::bootWeb(Object(Config\Paths))
CRITICAL - 2025-07-23 06:27:55 --> [Caused by] mysqli_sql_exception: Unknown column 'i.rack_id' in 'field list'
in SYSTEMPATH\Database\MySQLi\Connection.php on line 327.
 1 SYSTEMPATH\Database\MySQLi\Connection.php(327): mysqli->query('SELECT `cb`.*, `i`.`item_name`, `i`.`rack_id`, `c`.`customer_name`, `c`.`id` as `customer_id`, `c`.`customer_mobile`, `c`.`customer_email`
FROM `customer_inventory_child_barcodes` `cb`
LEFT JOIN `customer_inventory` `i` ON `i`.`id` = `cb`.`inventory_id`
LEFT JOIN `pine_upload_inventory` `c` ON `c`.`id` = `i`.`upload_inventory_id`
WHERE `cb`.`inventory_id` = \'541\'', 0)
 2 SYSTEMPATH\Database\BaseConnection.php(738): CodeIgniter\Database\MySQLi\Connection->execute('SELECT `cb`.*, `i`.`item_name`, `i`.`rack_id`, `c`.`customer_name`, `c`.`id` as `customer_id`, `c`.`customer_mobile`, `c`.`customer_email`
FROM `customer_inventory_child_barcodes` `cb`
LEFT JOIN `customer_inventory` `i` ON `i`.`id` = `cb`.`inventory_id`
LEFT JOIN `pine_upload_inventory` `c` ON `c`.`id` = `i`.`upload_inventory_id`
WHERE `cb`.`inventory_id` = \'541\'')
 3 SYSTEMPATH\Database\BaseConnection.php(652): CodeIgniter\Database\BaseConnection->simpleQuery('SELECT `cb`.*, `i`.`item_name`, `i`.`rack_id`, `c`.`customer_name`, `c`.`id` as `customer_id`, `c`.`customer_mobile`, `c`.`customer_email`
FROM `customer_inventory_child_barcodes` `cb`
LEFT JOIN `customer_inventory` `i` ON `i`.`id` = `cb`.`inventory_id`
LEFT JOIN `pine_upload_inventory` `c` ON `c`.`id` = `i`.`upload_inventory_id`
WHERE `cb`.`inventory_id` = \'541\'')
 4 SYSTEMPATH\Database\BaseBuilder.php(1649): CodeIgniter\Database\BaseConnection->query('SELECT `cb`.*, `i`.`item_name`, `i`.`rack_id`, `c`.`customer_name`, `c`.`id` as `customer_id`, `c`.`customer_mobile`, `c`.`customer_email`
FROM `customer_inventory_child_barcodes` `cb`
LEFT JOIN `customer_inventory` `i` ON `i`.`id` = `cb`.`inventory_id`
LEFT JOIN `pine_upload_inventory` `c` ON `c`.`id` = `i`.`upload_inventory_id`
WHERE `cb`.`inventory_id` = :cb.inventory_id:', [...], false)
 5 APPPATH\Controllers\BarcodeSearchController.php(54): CodeIgniter\Database\BaseBuilder->get()
 6 SYSTEMPATH\CodeIgniter.php(933): App\Controllers\BarcodeSearchController->search('item', '541')
 7 SYSTEMPATH\CodeIgniter.php(507): CodeIgniter\CodeIgniter->runController(Object(App\Controllers\BarcodeSearchController))
 8 SYSTEMPATH\CodeIgniter.php(354): CodeIgniter\CodeIgniter->handleRequest(null, Object(Config\Cache), false)
 9 SYSTEMPATH\Boot.php(334): CodeIgniter\CodeIgniter->run()
10 SYSTEMPATH\Boot.php(67): CodeIgniter\Boot::runCodeIgniter(Object(CodeIgniter\CodeIgniter))
11 FCPATH\index.php(56): CodeIgniter\Boot::bootWeb(Object(Config\Paths))
ERROR - 2025-07-23 06:27:55 --> mysqli_sql_exception: Unknown column 'i.rack_id' in 'field list' in C:\xampp\htdocs\pinestore\system\Database\MySQLi\Connection.php:327
Stack trace:
#0 C:\xampp\htdocs\pinestore\system\Database\MySQLi\Connection.php(327): mysqli->query('SELECT `cb`.*, ...', 0)
#1 C:\xampp\htdocs\pinestore\system\Database\BaseConnection.php(738): CodeIgniter\Database\MySQLi\Connection->execute('SELECT `cb`.*, ...')
#2 C:\xampp\htdocs\pinestore\system\Database\BaseConnection.php(652): CodeIgniter\Database\BaseConnection->simpleQuery('SELECT `cb`.*, ...')
#3 C:\xampp\htdocs\pinestore\system\Database\BaseBuilder.php(1649): CodeIgniter\Database\BaseConnection->query('SELECT `cb`.*, ...', Array, false)
#4 C:\xampp\htdocs\pinestore\app\Controllers\BarcodeSearchController.php(54): CodeIgniter\Database\BaseBuilder->get()
#5 C:\xampp\htdocs\pinestore\system\CodeIgniter.php(933): App\Controllers\BarcodeSearchController->search('item', '541')
#6 C:\xampp\htdocs\pinestore\system\CodeIgniter.php(507): CodeIgniter\CodeIgniter->runController(Object(App\Controllers\BarcodeSearchController))
#7 C:\xampp\htdocs\pinestore\system\CodeIgniter.php(354): CodeIgniter\CodeIgniter->handleRequest(NULL, Object(Config\Cache), false)
#8 C:\xampp\htdocs\pinestore\system\Boot.php(334): CodeIgniter\CodeIgniter->run()
#9 C:\xampp\htdocs\pinestore\system\Boot.php(67): CodeIgniter\Boot::runCodeIgniter(Object(CodeIgniter\CodeIgniter))
#10 C:\xampp\htdocs\pinestore\index.php(56): CodeIgniter\Boot::bootWeb(Object(Config\Paths))
#11 {main}
CRITICAL - 2025-07-23 06:27:55 --> CodeIgniter\Database\Exceptions\DatabaseException: Unknown column 'i.rack_id' in 'field list'
[Method: GET, Route: barcode-search/item/541]
in SYSTEMPATH\Database\BaseConnection.php on line 692.
 1 SYSTEMPATH\Database\BaseBuilder.php(1649): CodeIgniter\Database\BaseConnection->query('SELECT `cb`.*, `i`.`item_name`, `i`.`rack_id`, `c`.`customer_name`, `c`.`id` as `customer_id`, `c`.`customer_mobile`, `c`.`customer_email`
FROM `customer_inventory_child_barcodes` `cb`
LEFT JOIN `customer_inventory` `i` ON `i`.`id` = `cb`.`inventory_id`
LEFT JOIN `pine_upload_inventory` `c` ON `c`.`id` = `i`.`upload_inventory_id`
WHERE `cb`.`inventory_id` = :cb.inventory_id:', [...], false)
 2 APPPATH\Controllers\BarcodeSearchController.php(54): CodeIgniter\Database\BaseBuilder->get()
 3 SYSTEMPATH\CodeIgniter.php(933): App\Controllers\BarcodeSearchController->search('item', '541')
 4 SYSTEMPATH\CodeIgniter.php(507): CodeIgniter\CodeIgniter->runController(Object(App\Controllers\BarcodeSearchController))
 5 SYSTEMPATH\CodeIgniter.php(354): CodeIgniter\CodeIgniter->handleRequest(null, Object(Config\Cache), false)
 6 SYSTEMPATH\Boot.php(334): CodeIgniter\CodeIgniter->run()
 7 SYSTEMPATH\Boot.php(67): CodeIgniter\Boot::runCodeIgniter(Object(CodeIgniter\CodeIgniter))
 8 FCPATH\index.php(56): CodeIgniter\Boot::bootWeb(Object(Config\Paths))
CRITICAL - 2025-07-23 06:27:55 --> [Caused by] CodeIgniter\Database\Exceptions\DatabaseException: Unknown column 'i.rack_id' in 'field list'
in SYSTEMPATH\Database\MySQLi\Connection.php on line 332.
 1 SYSTEMPATH\Database\BaseConnection.php(738): CodeIgniter\Database\MySQLi\Connection->execute('SELECT `cb`.*, `i`.`item_name`, `i`.`rack_id`, `c`.`customer_name`, `c`.`id` as `customer_id`, `c`.`customer_mobile`, `c`.`customer_email`
FROM `customer_inventory_child_barcodes` `cb`
LEFT JOIN `customer_inventory` `i` ON `i`.`id` = `cb`.`inventory_id`
LEFT JOIN `pine_upload_inventory` `c` ON `c`.`id` = `i`.`upload_inventory_id`
WHERE `cb`.`inventory_id` = \'541\'')
 2 SYSTEMPATH\Database\BaseConnection.php(652): CodeIgniter\Database\BaseConnection->simpleQuery('SELECT `cb`.*, `i`.`item_name`, `i`.`rack_id`, `c`.`customer_name`, `c`.`id` as `customer_id`, `c`.`customer_mobile`, `c`.`customer_email`
FROM `customer_inventory_child_barcodes` `cb`
LEFT JOIN `customer_inventory` `i` ON `i`.`id` = `cb`.`inventory_id`
LEFT JOIN `pine_upload_inventory` `c` ON `c`.`id` = `i`.`upload_inventory_id`
WHERE `cb`.`inventory_id` = \'541\'')
 3 SYSTEMPATH\Database\BaseBuilder.php(1649): CodeIgniter\Database\BaseConnection->query('SELECT `cb`.*, `i`.`item_name`, `i`.`rack_id`, `c`.`customer_name`, `c`.`id` as `customer_id`, `c`.`customer_mobile`, `c`.`customer_email`
FROM `customer_inventory_child_barcodes` `cb`
LEFT JOIN `customer_inventory` `i` ON `i`.`id` = `cb`.`inventory_id`
LEFT JOIN `pine_upload_inventory` `c` ON `c`.`id` = `i`.`upload_inventory_id`
WHERE `cb`.`inventory_id` = :cb.inventory_id:', [...], false)
 4 APPPATH\Controllers\BarcodeSearchController.php(54): CodeIgniter\Database\BaseBuilder->get()
 5 SYSTEMPATH\CodeIgniter.php(933): App\Controllers\BarcodeSearchController->search('item', '541')
 6 SYSTEMPATH\CodeIgniter.php(507): CodeIgniter\CodeIgniter->runController(Object(App\Controllers\BarcodeSearchController))
 7 SYSTEMPATH\CodeIgniter.php(354): CodeIgniter\CodeIgniter->handleRequest(null, Object(Config\Cache), false)
 8 SYSTEMPATH\Boot.php(334): CodeIgniter\CodeIgniter->run()
 9 SYSTEMPATH\Boot.php(67): CodeIgniter\Boot::runCodeIgniter(Object(CodeIgniter\CodeIgniter))
10 FCPATH\index.php(56): CodeIgniter\Boot::bootWeb(Object(Config\Paths))
CRITICAL - 2025-07-23 06:27:55 --> [Caused by] mysqli_sql_exception: Unknown column 'i.rack_id' in 'field list'
in SYSTEMPATH\Database\MySQLi\Connection.php on line 327.
 1 SYSTEMPATH\Database\MySQLi\Connection.php(327): mysqli->query('SELECT `cb`.*, `i`.`item_name`, `i`.`rack_id`, `c`.`customer_name`, `c`.`id` as `customer_id`, `c`.`customer_mobile`, `c`.`customer_email`
FROM `customer_inventory_child_barcodes` `cb`
LEFT JOIN `customer_inventory` `i` ON `i`.`id` = `cb`.`inventory_id`
LEFT JOIN `pine_upload_inventory` `c` ON `c`.`id` = `i`.`upload_inventory_id`
WHERE `cb`.`inventory_id` = \'541\'', 0)
 2 SYSTEMPATH\Database\BaseConnection.php(738): CodeIgniter\Database\MySQLi\Connection->execute('SELECT `cb`.*, `i`.`item_name`, `i`.`rack_id`, `c`.`customer_name`, `c`.`id` as `customer_id`, `c`.`customer_mobile`, `c`.`customer_email`
FROM `customer_inventory_child_barcodes` `cb`
LEFT JOIN `customer_inventory` `i` ON `i`.`id` = `cb`.`inventory_id`
LEFT JOIN `pine_upload_inventory` `c` ON `c`.`id` = `i`.`upload_inventory_id`
WHERE `cb`.`inventory_id` = \'541\'')
 3 SYSTEMPATH\Database\BaseConnection.php(652): CodeIgniter\Database\BaseConnection->simpleQuery('SELECT `cb`.*, `i`.`item_name`, `i`.`rack_id`, `c`.`customer_name`, `c`.`id` as `customer_id`, `c`.`customer_mobile`, `c`.`customer_email`
FROM `customer_inventory_child_barcodes` `cb`
LEFT JOIN `customer_inventory` `i` ON `i`.`id` = `cb`.`inventory_id`
LEFT JOIN `pine_upload_inventory` `c` ON `c`.`id` = `i`.`upload_inventory_id`
WHERE `cb`.`inventory_id` = \'541\'')
 4 SYSTEMPATH\Database\BaseBuilder.php(1649): CodeIgniter\Database\BaseConnection->query('SELECT `cb`.*, `i`.`item_name`, `i`.`rack_id`, `c`.`customer_name`, `c`.`id` as `customer_id`, `c`.`customer_mobile`, `c`.`customer_email`
FROM `customer_inventory_child_barcodes` `cb`
LEFT JOIN `customer_inventory` `i` ON `i`.`id` = `cb`.`inventory_id`
LEFT JOIN `pine_upload_inventory` `c` ON `c`.`id` = `i`.`upload_inventory_id`
WHERE `cb`.`inventory_id` = :cb.inventory_id:', [...], false)
 5 APPPATH\Controllers\BarcodeSearchController.php(54): CodeIgniter\Database\BaseBuilder->get()
 6 SYSTEMPATH\CodeIgniter.php(933): App\Controllers\BarcodeSearchController->search('item', '541')
 7 SYSTEMPATH\CodeIgniter.php(507): CodeIgniter\CodeIgniter->runController(Object(App\Controllers\BarcodeSearchController))
 8 SYSTEMPATH\CodeIgniter.php(354): CodeIgniter\CodeIgniter->handleRequest(null, Object(Config\Cache), false)
 9 SYSTEMPATH\Boot.php(334): CodeIgniter\CodeIgniter->run()
10 SYSTEMPATH\Boot.php(67): CodeIgniter\Boot::runCodeIgniter(Object(CodeIgniter\CodeIgniter))
11 FCPATH\index.php(56): CodeIgniter\Boot::bootWeb(Object(Config\Paths))
DEBUG - 2025-07-23 06:27:56 --> Session: Class initialized using 'CodeIgniter\Session\Handlers\FileHandler' driver.
DEBUG - 2025-07-23 06:27:56 --> Session: Class initialized using 'CodeIgniter\Session\Handlers\FileHandler' driver.
ERROR - 2025-07-23 06:28:03 --> mysqli_sql_exception: Unknown column 'i.rack_id' in 'field list' in C:\xampp\htdocs\pinestore\system\Database\MySQLi\Connection.php:327
Stack trace:
#0 C:\xampp\htdocs\pinestore\system\Database\MySQLi\Connection.php(327): mysqli->query('SELECT `cb`.*, ...', 0)
#1 C:\xampp\htdocs\pinestore\system\Database\BaseConnection.php(738): CodeIgniter\Database\MySQLi\Connection->execute('SELECT `cb`.*, ...')
#2 C:\xampp\htdocs\pinestore\system\Database\BaseConnection.php(652): CodeIgniter\Database\BaseConnection->simpleQuery('SELECT `cb`.*, ...')
#3 C:\xampp\htdocs\pinestore\system\Database\BaseBuilder.php(1649): CodeIgniter\Database\BaseConnection->query('SELECT `cb`.*, ...', Array, false)
#4 C:\xampp\htdocs\pinestore\app\Controllers\BarcodeSearchController.php(54): CodeIgniter\Database\BaseBuilder->get()
#5 C:\xampp\htdocs\pinestore\system\CodeIgniter.php(933): App\Controllers\BarcodeSearchController->search('item', '514')
#6 C:\xampp\htdocs\pinestore\system\CodeIgniter.php(507): CodeIgniter\CodeIgniter->runController(Object(App\Controllers\BarcodeSearchController))
#7 C:\xampp\htdocs\pinestore\system\CodeIgniter.php(354): CodeIgniter\CodeIgniter->handleRequest(NULL, Object(Config\Cache), false)
#8 C:\xampp\htdocs\pinestore\system\Boot.php(334): CodeIgniter\CodeIgniter->run()
#9 C:\xampp\htdocs\pinestore\system\Boot.php(67): CodeIgniter\Boot::runCodeIgniter(Object(CodeIgniter\CodeIgniter))
#10 C:\xampp\htdocs\pinestore\index.php(56): CodeIgniter\Boot::bootWeb(Object(Config\Paths))
#11 {main}
CRITICAL - 2025-07-23 06:28:03 --> CodeIgniter\Database\Exceptions\DatabaseException: Unknown column 'i.rack_id' in 'field list'
[Method: GET, Route: barcode-search/item/514]
in SYSTEMPATH\Database\BaseConnection.php on line 692.
 1 SYSTEMPATH\Database\BaseBuilder.php(1649): CodeIgniter\Database\BaseConnection->query('SELECT `cb`.*, `i`.`item_name`, `i`.`rack_id`, `c`.`customer_name`, `c`.`id` as `customer_id`, `c`.`customer_mobile`, `c`.`customer_email`
FROM `customer_inventory_child_barcodes` `cb`
LEFT JOIN `customer_inventory` `i` ON `i`.`id` = `cb`.`inventory_id`
LEFT JOIN `pine_upload_inventory` `c` ON `c`.`id` = `i`.`upload_inventory_id`
WHERE `cb`.`inventory_id` = :cb.inventory_id:', [...], false)
 2 APPPATH\Controllers\BarcodeSearchController.php(54): CodeIgniter\Database\BaseBuilder->get()
 3 SYSTEMPATH\CodeIgniter.php(933): App\Controllers\BarcodeSearchController->search('item', '514')
 4 SYSTEMPATH\CodeIgniter.php(507): CodeIgniter\CodeIgniter->runController(Object(App\Controllers\BarcodeSearchController))
 5 SYSTEMPATH\CodeIgniter.php(354): CodeIgniter\CodeIgniter->handleRequest(null, Object(Config\Cache), false)
 6 SYSTEMPATH\Boot.php(334): CodeIgniter\CodeIgniter->run()
 7 SYSTEMPATH\Boot.php(67): CodeIgniter\Boot::runCodeIgniter(Object(CodeIgniter\CodeIgniter))
 8 FCPATH\index.php(56): CodeIgniter\Boot::bootWeb(Object(Config\Paths))
CRITICAL - 2025-07-23 06:28:03 --> [Caused by] CodeIgniter\Database\Exceptions\DatabaseException: Unknown column 'i.rack_id' in 'field list'
in SYSTEMPATH\Database\MySQLi\Connection.php on line 332.
 1 SYSTEMPATH\Database\BaseConnection.php(738): CodeIgniter\Database\MySQLi\Connection->execute('SELECT `cb`.*, `i`.`item_name`, `i`.`rack_id`, `c`.`customer_name`, `c`.`id` as `customer_id`, `c`.`customer_mobile`, `c`.`customer_email`
FROM `customer_inventory_child_barcodes` `cb`
LEFT JOIN `customer_inventory` `i` ON `i`.`id` = `cb`.`inventory_id`
LEFT JOIN `pine_upload_inventory` `c` ON `c`.`id` = `i`.`upload_inventory_id`
WHERE `cb`.`inventory_id` = \'514\'')
 2 SYSTEMPATH\Database\BaseConnection.php(652): CodeIgniter\Database\BaseConnection->simpleQuery('SELECT `cb`.*, `i`.`item_name`, `i`.`rack_id`, `c`.`customer_name`, `c`.`id` as `customer_id`, `c`.`customer_mobile`, `c`.`customer_email`
FROM `customer_inventory_child_barcodes` `cb`
LEFT JOIN `customer_inventory` `i` ON `i`.`id` = `cb`.`inventory_id`
LEFT JOIN `pine_upload_inventory` `c` ON `c`.`id` = `i`.`upload_inventory_id`
WHERE `cb`.`inventory_id` = \'514\'')
 3 SYSTEMPATH\Database\BaseBuilder.php(1649): CodeIgniter\Database\BaseConnection->query('SELECT `cb`.*, `i`.`item_name`, `i`.`rack_id`, `c`.`customer_name`, `c`.`id` as `customer_id`, `c`.`customer_mobile`, `c`.`customer_email`
FROM `customer_inventory_child_barcodes` `cb`
LEFT JOIN `customer_inventory` `i` ON `i`.`id` = `cb`.`inventory_id`
LEFT JOIN `pine_upload_inventory` `c` ON `c`.`id` = `i`.`upload_inventory_id`
WHERE `cb`.`inventory_id` = :cb.inventory_id:', [...], false)
 4 APPPATH\Controllers\BarcodeSearchController.php(54): CodeIgniter\Database\BaseBuilder->get()
 5 SYSTEMPATH\CodeIgniter.php(933): App\Controllers\BarcodeSearchController->search('item', '514')
 6 SYSTEMPATH\CodeIgniter.php(507): CodeIgniter\CodeIgniter->runController(Object(App\Controllers\BarcodeSearchController))
 7 SYSTEMPATH\CodeIgniter.php(354): CodeIgniter\CodeIgniter->handleRequest(null, Object(Config\Cache), false)
 8 SYSTEMPATH\Boot.php(334): CodeIgniter\CodeIgniter->run()
 9 SYSTEMPATH\Boot.php(67): CodeIgniter\Boot::runCodeIgniter(Object(CodeIgniter\CodeIgniter))
10 FCPATH\index.php(56): CodeIgniter\Boot::bootWeb(Object(Config\Paths))
CRITICAL - 2025-07-23 06:28:03 --> [Caused by] mysqli_sql_exception: Unknown column 'i.rack_id' in 'field list'
in SYSTEMPATH\Database\MySQLi\Connection.php on line 327.
 1 SYSTEMPATH\Database\MySQLi\Connection.php(327): mysqli->query('SELECT `cb`.*, `i`.`item_name`, `i`.`rack_id`, `c`.`customer_name`, `c`.`id` as `customer_id`, `c`.`customer_mobile`, `c`.`customer_email`
FROM `customer_inventory_child_barcodes` `cb`
LEFT JOIN `customer_inventory` `i` ON `i`.`id` = `cb`.`inventory_id`
LEFT JOIN `pine_upload_inventory` `c` ON `c`.`id` = `i`.`upload_inventory_id`
WHERE `cb`.`inventory_id` = \'514\'', 0)
 2 SYSTEMPATH\Database\BaseConnection.php(738): CodeIgniter\Database\MySQLi\Connection->execute('SELECT `cb`.*, `i`.`item_name`, `i`.`rack_id`, `c`.`customer_name`, `c`.`id` as `customer_id`, `c`.`customer_mobile`, `c`.`customer_email`
FROM `customer_inventory_child_barcodes` `cb`
LEFT JOIN `customer_inventory` `i` ON `i`.`id` = `cb`.`inventory_id`
LEFT JOIN `pine_upload_inventory` `c` ON `c`.`id` = `i`.`upload_inventory_id`
WHERE `cb`.`inventory_id` = \'514\'')
 3 SYSTEMPATH\Database\BaseConnection.php(652): CodeIgniter\Database\BaseConnection->simpleQuery('SELECT `cb`.*, `i`.`item_name`, `i`.`rack_id`, `c`.`customer_name`, `c`.`id` as `customer_id`, `c`.`customer_mobile`, `c`.`customer_email`
FROM `customer_inventory_child_barcodes` `cb`
LEFT JOIN `customer_inventory` `i` ON `i`.`id` = `cb`.`inventory_id`
LEFT JOIN `pine_upload_inventory` `c` ON `c`.`id` = `i`.`upload_inventory_id`
WHERE `cb`.`inventory_id` = \'514\'')
 4 SYSTEMPATH\Database\BaseBuilder.php(1649): CodeIgniter\Database\BaseConnection->query('SELECT `cb`.*, `i`.`item_name`, `i`.`rack_id`, `c`.`customer_name`, `c`.`id` as `customer_id`, `c`.`customer_mobile`, `c`.`customer_email`
FROM `customer_inventory_child_barcodes` `cb`
LEFT JOIN `customer_inventory` `i` ON `i`.`id` = `cb`.`inventory_id`
LEFT JOIN `pine_upload_inventory` `c` ON `c`.`id` = `i`.`upload_inventory_id`
WHERE `cb`.`inventory_id` = :cb.inventory_id:', [...], false)
 5 APPPATH\Controllers\BarcodeSearchController.php(54): CodeIgniter\Database\BaseBuilder->get()
 6 SYSTEMPATH\CodeIgniter.php(933): App\Controllers\BarcodeSearchController->search('item', '514')
 7 SYSTEMPATH\CodeIgniter.php(507): CodeIgniter\CodeIgniter->runController(Object(App\Controllers\BarcodeSearchController))
 8 SYSTEMPATH\CodeIgniter.php(354): CodeIgniter\CodeIgniter->handleRequest(null, Object(Config\Cache), false)
 9 SYSTEMPATH\Boot.php(334): CodeIgniter\CodeIgniter->run()
10 SYSTEMPATH\Boot.php(67): CodeIgniter\Boot::runCodeIgniter(Object(CodeIgniter\CodeIgniter))
11 FCPATH\index.php(56): CodeIgniter\Boot::bootWeb(Object(Config\Paths))
ERROR - 2025-07-23 06:28:10 --> mysqli_sql_exception: Unknown column 'i.rack_id' in 'field list' in C:\xampp\htdocs\pinestore\system\Database\MySQLi\Connection.php:327
Stack trace:
#0 C:\xampp\htdocs\pinestore\system\Database\MySQLi\Connection.php(327): mysqli->query('SELECT `cb`.*, ...', 0)
#1 C:\xampp\htdocs\pinestore\system\Database\BaseConnection.php(738): CodeIgniter\Database\MySQLi\Connection->execute('SELECT `cb`.*, ...')
#2 C:\xampp\htdocs\pinestore\system\Database\BaseConnection.php(652): CodeIgniter\Database\BaseConnection->simpleQuery('SELECT `cb`.*, ...')
#3 C:\xampp\htdocs\pinestore\system\Database\BaseBuilder.php(1649): CodeIgniter\Database\BaseConnection->query('SELECT `cb`.*, ...', Array, false)
#4 C:\xampp\htdocs\pinestore\app\Controllers\BarcodeSearchController.php(54): CodeIgniter\Database\BaseBuilder->get()
#5 C:\xampp\htdocs\pinestore\system\CodeIgniter.php(933): App\Controllers\BarcodeSearchController->search('item', '541')
#6 C:\xampp\htdocs\pinestore\system\CodeIgniter.php(507): CodeIgniter\CodeIgniter->runController(Object(App\Controllers\BarcodeSearchController))
#7 C:\xampp\htdocs\pinestore\system\CodeIgniter.php(354): CodeIgniter\CodeIgniter->handleRequest(NULL, Object(Config\Cache), false)
#8 C:\xampp\htdocs\pinestore\system\Boot.php(334): CodeIgniter\CodeIgniter->run()
#9 C:\xampp\htdocs\pinestore\system\Boot.php(67): CodeIgniter\Boot::runCodeIgniter(Object(CodeIgniter\CodeIgniter))
#10 C:\xampp\htdocs\pinestore\index.php(56): CodeIgniter\Boot::bootWeb(Object(Config\Paths))
#11 {main}
CRITICAL - 2025-07-23 06:28:10 --> CodeIgniter\Database\Exceptions\DatabaseException: Unknown column 'i.rack_id' in 'field list'
[Method: GET, Route: barcode-search/item/541]
in SYSTEMPATH\Database\BaseConnection.php on line 692.
 1 SYSTEMPATH\Database\BaseBuilder.php(1649): CodeIgniter\Database\BaseConnection->query('SELECT `cb`.*, `i`.`item_name`, `i`.`rack_id`, `c`.`customer_name`, `c`.`id` as `customer_id`, `c`.`customer_mobile`, `c`.`customer_email`
FROM `customer_inventory_child_barcodes` `cb`
LEFT JOIN `customer_inventory` `i` ON `i`.`id` = `cb`.`inventory_id`
LEFT JOIN `pine_upload_inventory` `c` ON `c`.`id` = `i`.`upload_inventory_id`
WHERE `cb`.`inventory_id` = :cb.inventory_id:', [...], false)
 2 APPPATH\Controllers\BarcodeSearchController.php(54): CodeIgniter\Database\BaseBuilder->get()
 3 SYSTEMPATH\CodeIgniter.php(933): App\Controllers\BarcodeSearchController->search('item', '541')
 4 SYSTEMPATH\CodeIgniter.php(507): CodeIgniter\CodeIgniter->runController(Object(App\Controllers\BarcodeSearchController))
 5 SYSTEMPATH\CodeIgniter.php(354): CodeIgniter\CodeIgniter->handleRequest(null, Object(Config\Cache), false)
 6 SYSTEMPATH\Boot.php(334): CodeIgniter\CodeIgniter->run()
 7 SYSTEMPATH\Boot.php(67): CodeIgniter\Boot::runCodeIgniter(Object(CodeIgniter\CodeIgniter))
 8 FCPATH\index.php(56): CodeIgniter\Boot::bootWeb(Object(Config\Paths))
CRITICAL - 2025-07-23 06:28:10 --> [Caused by] CodeIgniter\Database\Exceptions\DatabaseException: Unknown column 'i.rack_id' in 'field list'
in SYSTEMPATH\Database\MySQLi\Connection.php on line 332.
 1 SYSTEMPATH\Database\BaseConnection.php(738): CodeIgniter\Database\MySQLi\Connection->execute('SELECT `cb`.*, `i`.`item_name`, `i`.`rack_id`, `c`.`customer_name`, `c`.`id` as `customer_id`, `c`.`customer_mobile`, `c`.`customer_email`
FROM `customer_inventory_child_barcodes` `cb`
LEFT JOIN `customer_inventory` `i` ON `i`.`id` = `cb`.`inventory_id`
LEFT JOIN `pine_upload_inventory` `c` ON `c`.`id` = `i`.`upload_inventory_id`
WHERE `cb`.`inventory_id` = \'541\'')
 2 SYSTEMPATH\Database\BaseConnection.php(652): CodeIgniter\Database\BaseConnection->simpleQuery('SELECT `cb`.*, `i`.`item_name`, `i`.`rack_id`, `c`.`customer_name`, `c`.`id` as `customer_id`, `c`.`customer_mobile`, `c`.`customer_email`
FROM `customer_inventory_child_barcodes` `cb`
LEFT JOIN `customer_inventory` `i` ON `i`.`id` = `cb`.`inventory_id`
LEFT JOIN `pine_upload_inventory` `c` ON `c`.`id` = `i`.`upload_inventory_id`
WHERE `cb`.`inventory_id` = \'541\'')
 3 SYSTEMPATH\Database\BaseBuilder.php(1649): CodeIgniter\Database\BaseConnection->query('SELECT `cb`.*, `i`.`item_name`, `i`.`rack_id`, `c`.`customer_name`, `c`.`id` as `customer_id`, `c`.`customer_mobile`, `c`.`customer_email`
FROM `customer_inventory_child_barcodes` `cb`
LEFT JOIN `customer_inventory` `i` ON `i`.`id` = `cb`.`inventory_id`
LEFT JOIN `pine_upload_inventory` `c` ON `c`.`id` = `i`.`upload_inventory_id`
WHERE `cb`.`inventory_id` = :cb.inventory_id:', [...], false)
 4 APPPATH\Controllers\BarcodeSearchController.php(54): CodeIgniter\Database\BaseBuilder->get()
 5 SYSTEMPATH\CodeIgniter.php(933): App\Controllers\BarcodeSearchController->search('item', '541')
 6 SYSTEMPATH\CodeIgniter.php(507): CodeIgniter\CodeIgniter->runController(Object(App\Controllers\BarcodeSearchController))
 7 SYSTEMPATH\CodeIgniter.php(354): CodeIgniter\CodeIgniter->handleRequest(null, Object(Config\Cache), false)
 8 SYSTEMPATH\Boot.php(334): CodeIgniter\CodeIgniter->run()
 9 SYSTEMPATH\Boot.php(67): CodeIgniter\Boot::runCodeIgniter(Object(CodeIgniter\CodeIgniter))
10 FCPATH\index.php(56): CodeIgniter\Boot::bootWeb(Object(Config\Paths))
CRITICAL - 2025-07-23 06:28:10 --> [Caused by] mysqli_sql_exception: Unknown column 'i.rack_id' in 'field list'
in SYSTEMPATH\Database\MySQLi\Connection.php on line 327.
 1 SYSTEMPATH\Database\MySQLi\Connection.php(327): mysqli->query('SELECT `cb`.*, `i`.`item_name`, `i`.`rack_id`, `c`.`customer_name`, `c`.`id` as `customer_id`, `c`.`customer_mobile`, `c`.`customer_email`
FROM `customer_inventory_child_barcodes` `cb`
LEFT JOIN `customer_inventory` `i` ON `i`.`id` = `cb`.`inventory_id`
LEFT JOIN `pine_upload_inventory` `c` ON `c`.`id` = `i`.`upload_inventory_id`
WHERE `cb`.`inventory_id` = \'541\'', 0)
 2 SYSTEMPATH\Database\BaseConnection.php(738): CodeIgniter\Database\MySQLi\Connection->execute('SELECT `cb`.*, `i`.`item_name`, `i`.`rack_id`, `c`.`customer_name`, `c`.`id` as `customer_id`, `c`.`customer_mobile`, `c`.`customer_email`
FROM `customer_inventory_child_barcodes` `cb`
LEFT JOIN `customer_inventory` `i` ON `i`.`id` = `cb`.`inventory_id`
LEFT JOIN `pine_upload_inventory` `c` ON `c`.`id` = `i`.`upload_inventory_id`
WHERE `cb`.`inventory_id` = \'541\'')
 3 SYSTEMPATH\Database\BaseConnection.php(652): CodeIgniter\Database\BaseConnection->simpleQuery('SELECT `cb`.*, `i`.`item_name`, `i`.`rack_id`, `c`.`customer_name`, `c`.`id` as `customer_id`, `c`.`customer_mobile`, `c`.`customer_email`
FROM `customer_inventory_child_barcodes` `cb`
LEFT JOIN `customer_inventory` `i` ON `i`.`id` = `cb`.`inventory_id`
LEFT JOIN `pine_upload_inventory` `c` ON `c`.`id` = `i`.`upload_inventory_id`
WHERE `cb`.`inventory_id` = \'541\'')
 4 SYSTEMPATH\Database\BaseBuilder.php(1649): CodeIgniter\Database\BaseConnection->query('SELECT `cb`.*, `i`.`item_name`, `i`.`rack_id`, `c`.`customer_name`, `c`.`id` as `customer_id`, `c`.`customer_mobile`, `c`.`customer_email`
FROM `customer_inventory_child_barcodes` `cb`
LEFT JOIN `customer_inventory` `i` ON `i`.`id` = `cb`.`inventory_id`
LEFT JOIN `pine_upload_inventory` `c` ON `c`.`id` = `i`.`upload_inventory_id`
WHERE `cb`.`inventory_id` = :cb.inventory_id:', [...], false)
 5 APPPATH\Controllers\BarcodeSearchController.php(54): CodeIgniter\Database\BaseBuilder->get()
 6 SYSTEMPATH\CodeIgniter.php(933): App\Controllers\BarcodeSearchController->search('item', '541')
 7 SYSTEMPATH\CodeIgniter.php(507): CodeIgniter\CodeIgniter->runController(Object(App\Controllers\BarcodeSearchController))
 8 SYSTEMPATH\CodeIgniter.php(354): CodeIgniter\CodeIgniter->handleRequest(null, Object(Config\Cache), false)
 9 SYSTEMPATH\Boot.php(334): CodeIgniter\CodeIgniter->run()
10 SYSTEMPATH\Boot.php(67): CodeIgniter\Boot::runCodeIgniter(Object(CodeIgniter\CodeIgniter))
11 FCPATH\index.php(56): CodeIgniter\Boot::bootWeb(Object(Config\Paths))
ERROR - 2025-07-23 06:37:06 --> mysqli_sql_exception: Unknown column 'i.rack_id' in 'field list' in C:\xampp\htdocs\pinestore\system\Database\MySQLi\Connection.php:327
Stack trace:
#0 C:\xampp\htdocs\pinestore\system\Database\MySQLi\Connection.php(327): mysqli->query('SELECT `cb`.*, ...', 0)
#1 C:\xampp\htdocs\pinestore\system\Database\BaseConnection.php(738): CodeIgniter\Database\MySQLi\Connection->execute('SELECT `cb`.*, ...')
#2 C:\xampp\htdocs\pinestore\system\Database\BaseConnection.php(652): CodeIgniter\Database\BaseConnection->simpleQuery('SELECT `cb`.*, ...')
#3 C:\xampp\htdocs\pinestore\system\Database\BaseBuilder.php(1649): CodeIgniter\Database\BaseConnection->query('SELECT `cb`.*, ...', Array, false)
#4 C:\xampp\htdocs\pinestore\app\Controllers\BarcodeSearchController.php(54): CodeIgniter\Database\BaseBuilder->get()
#5 C:\xampp\htdocs\pinestore\system\CodeIgniter.php(933): App\Controllers\BarcodeSearchController->search('item', '1088')
#6 C:\xampp\htdocs\pinestore\system\CodeIgniter.php(507): CodeIgniter\CodeIgniter->runController(Object(App\Controllers\BarcodeSearchController))
#7 C:\xampp\htdocs\pinestore\system\CodeIgniter.php(354): CodeIgniter\CodeIgniter->handleRequest(NULL, Object(Config\Cache), false)
#8 C:\xampp\htdocs\pinestore\system\Boot.php(334): CodeIgniter\CodeIgniter->run()
#9 C:\xampp\htdocs\pinestore\system\Boot.php(67): CodeIgniter\Boot::runCodeIgniter(Object(CodeIgniter\CodeIgniter))
#10 C:\xampp\htdocs\pinestore\index.php(56): CodeIgniter\Boot::bootWeb(Object(Config\Paths))
#11 {main}
CRITICAL - 2025-07-23 06:37:06 --> CodeIgniter\Database\Exceptions\DatabaseException: Unknown column 'i.rack_id' in 'field list'
[Method: GET, Route: barcode-search/item/1088]
in SYSTEMPATH\Database\BaseConnection.php on line 692.
 1 SYSTEMPATH\Database\BaseBuilder.php(1649): CodeIgniter\Database\BaseConnection->query('SELECT `cb`.*, `i`.`item_name`, `i`.`rack_id`, `c`.`customer_name`, `c`.`id` as `customer_id`, `c`.`customer_mobile`, `c`.`customer_email`
FROM `customer_inventory_child_barcodes` `cb`
LEFT JOIN `customer_inventory` `i` ON `i`.`id` = `cb`.`inventory_id`
LEFT JOIN `pine_upload_inventory` `c` ON `c`.`id` = `i`.`upload_inventory_id`
WHERE `cb`.`inventory_id` = :cb.inventory_id:', [...], false)
 2 APPPATH\Controllers\BarcodeSearchController.php(54): CodeIgniter\Database\BaseBuilder->get()
 3 SYSTEMPATH\CodeIgniter.php(933): App\Controllers\BarcodeSearchController->search('item', '1088')
 4 SYSTEMPATH\CodeIgniter.php(507): CodeIgniter\CodeIgniter->runController(Object(App\Controllers\BarcodeSearchController))
 5 SYSTEMPATH\CodeIgniter.php(354): CodeIgniter\CodeIgniter->handleRequest(null, Object(Config\Cache), false)
 6 SYSTEMPATH\Boot.php(334): CodeIgniter\CodeIgniter->run()
 7 SYSTEMPATH\Boot.php(67): CodeIgniter\Boot::runCodeIgniter(Object(CodeIgniter\CodeIgniter))
 8 FCPATH\index.php(56): CodeIgniter\Boot::bootWeb(Object(Config\Paths))
CRITICAL - 2025-07-23 06:37:06 --> [Caused by] CodeIgniter\Database\Exceptions\DatabaseException: Unknown column 'i.rack_id' in 'field list'
in SYSTEMPATH\Database\MySQLi\Connection.php on line 332.
 1 SYSTEMPATH\Database\BaseConnection.php(738): CodeIgniter\Database\MySQLi\Connection->execute('SELECT `cb`.*, `i`.`item_name`, `i`.`rack_id`, `c`.`customer_name`, `c`.`id` as `customer_id`, `c`.`customer_mobile`, `c`.`customer_email`
FROM `customer_inventory_child_barcodes` `cb`
LEFT JOIN `customer_inventory` `i` ON `i`.`id` = `cb`.`inventory_id`
LEFT JOIN `pine_upload_inventory` `c` ON `c`.`id` = `i`.`upload_inventory_id`
WHERE `cb`.`inventory_id` = \'1088\'')
 2 SYSTEMPATH\Database\BaseConnection.php(652): CodeIgniter\Database\BaseConnection->simpleQuery('SELECT `cb`.*, `i`.`item_name`, `i`.`rack_id`, `c`.`customer_name`, `c`.`id` as `customer_id`, `c`.`customer_mobile`, `c`.`customer_email`
FROM `customer_inventory_child_barcodes` `cb`
LEFT JOIN `customer_inventory` `i` ON `i`.`id` = `cb`.`inventory_id`
LEFT JOIN `pine_upload_inventory` `c` ON `c`.`id` = `i`.`upload_inventory_id`
WHERE `cb`.`inventory_id` = \'1088\'')
 3 SYSTEMPATH\Database\BaseBuilder.php(1649): CodeIgniter\Database\BaseConnection->query('SELECT `cb`.*, `i`.`item_name`, `i`.`rack_id`, `c`.`customer_name`, `c`.`id` as `customer_id`, `c`.`customer_mobile`, `c`.`customer_email`
FROM `customer_inventory_child_barcodes` `cb`
LEFT JOIN `customer_inventory` `i` ON `i`.`id` = `cb`.`inventory_id`
LEFT JOIN `pine_upload_inventory` `c` ON `c`.`id` = `i`.`upload_inventory_id`
WHERE `cb`.`inventory_id` = :cb.inventory_id:', [...], false)
 4 APPPATH\Controllers\BarcodeSearchController.php(54): CodeIgniter\Database\BaseBuilder->get()
 5 SYSTEMPATH\CodeIgniter.php(933): App\Controllers\BarcodeSearchController->search('item', '1088')
 6 SYSTEMPATH\CodeIgniter.php(507): CodeIgniter\CodeIgniter->runController(Object(App\Controllers\BarcodeSearchController))
 7 SYSTEMPATH\CodeIgniter.php(354): CodeIgniter\CodeIgniter->handleRequest(null, Object(Config\Cache), false)
 8 SYSTEMPATH\Boot.php(334): CodeIgniter\CodeIgniter->run()
 9 SYSTEMPATH\Boot.php(67): CodeIgniter\Boot::runCodeIgniter(Object(CodeIgniter\CodeIgniter))
10 FCPATH\index.php(56): CodeIgniter\Boot::bootWeb(Object(Config\Paths))
CRITICAL - 2025-07-23 06:37:06 --> [Caused by] mysqli_sql_exception: Unknown column 'i.rack_id' in 'field list'
in SYSTEMPATH\Database\MySQLi\Connection.php on line 327.
 1 SYSTEMPATH\Database\MySQLi\Connection.php(327): mysqli->query('SELECT `cb`.*, `i`.`item_name`, `i`.`rack_id`, `c`.`customer_name`, `c`.`id` as `customer_id`, `c`.`customer_mobile`, `c`.`customer_email`
FROM `customer_inventory_child_barcodes` `cb`
LEFT JOIN `customer_inventory` `i` ON `i`.`id` = `cb`.`inventory_id`
LEFT JOIN `pine_upload_inventory` `c` ON `c`.`id` = `i`.`upload_inventory_id`
WHERE `cb`.`inventory_id` = \'1088\'', 0)
 2 SYSTEMPATH\Database\BaseConnection.php(738): CodeIgniter\Database\MySQLi\Connection->execute('SELECT `cb`.*, `i`.`item_name`, `i`.`rack_id`, `c`.`customer_name`, `c`.`id` as `customer_id`, `c`.`customer_mobile`, `c`.`customer_email`
FROM `customer_inventory_child_barcodes` `cb`
LEFT JOIN `customer_inventory` `i` ON `i`.`id` = `cb`.`inventory_id`
LEFT JOIN `pine_upload_inventory` `c` ON `c`.`id` = `i`.`upload_inventory_id`
WHERE `cb`.`inventory_id` = \'1088\'')
 3 SYSTEMPATH\Database\BaseConnection.php(652): CodeIgniter\Database\BaseConnection->simpleQuery('SELECT `cb`.*, `i`.`item_name`, `i`.`rack_id`, `c`.`customer_name`, `c`.`id` as `customer_id`, `c`.`customer_mobile`, `c`.`customer_email`
FROM `customer_inventory_child_barcodes` `cb`
LEFT JOIN `customer_inventory` `i` ON `i`.`id` = `cb`.`inventory_id`
LEFT JOIN `pine_upload_inventory` `c` ON `c`.`id` = `i`.`upload_inventory_id`
WHERE `cb`.`inventory_id` = \'1088\'')
 4 SYSTEMPATH\Database\BaseBuilder.php(1649): CodeIgniter\Database\BaseConnection->query('SELECT `cb`.*, `i`.`item_name`, `i`.`rack_id`, `c`.`customer_name`, `c`.`id` as `customer_id`, `c`.`customer_mobile`, `c`.`customer_email`
FROM `customer_inventory_child_barcodes` `cb`
LEFT JOIN `customer_inventory` `i` ON `i`.`id` = `cb`.`inventory_id`
LEFT JOIN `pine_upload_inventory` `c` ON `c`.`id` = `i`.`upload_inventory_id`
WHERE `cb`.`inventory_id` = :cb.inventory_id:', [...], false)
 5 APPPATH\Controllers\BarcodeSearchController.php(54): CodeIgniter\Database\BaseBuilder->get()
 6 SYSTEMPATH\CodeIgniter.php(933): App\Controllers\BarcodeSearchController->search('item', '1088')
 7 SYSTEMPATH\CodeIgniter.php(507): CodeIgniter\CodeIgniter->runController(Object(App\Controllers\BarcodeSearchController))
 8 SYSTEMPATH\CodeIgniter.php(354): CodeIgniter\CodeIgniter->handleRequest(null, Object(Config\Cache), false)
 9 SYSTEMPATH\Boot.php(334): CodeIgniter\CodeIgniter->run()
10 SYSTEMPATH\Boot.php(67): CodeIgniter\Boot::runCodeIgniter(Object(CodeIgniter\CodeIgniter))
11 FCPATH\index.php(56): CodeIgniter\Boot::bootWeb(Object(Config\Paths))
ERROR - 2025-07-23 06:37:07 --> mysqli_sql_exception: Unknown column 'i.rack_id' in 'field list' in C:\xampp\htdocs\pinestore\system\Database\MySQLi\Connection.php:327
Stack trace:
#0 C:\xampp\htdocs\pinestore\system\Database\MySQLi\Connection.php(327): mysqli->query('SELECT `cb`.*, ...', 0)
#1 C:\xampp\htdocs\pinestore\system\Database\BaseConnection.php(738): CodeIgniter\Database\MySQLi\Connection->execute('SELECT `cb`.*, ...')
#2 C:\xampp\htdocs\pinestore\system\Database\BaseConnection.php(652): CodeIgniter\Database\BaseConnection->simpleQuery('SELECT `cb`.*, ...')
#3 C:\xampp\htdocs\pinestore\system\Database\BaseBuilder.php(1649): CodeIgniter\Database\BaseConnection->query('SELECT `cb`.*, ...', Array, false)
#4 C:\xampp\htdocs\pinestore\app\Controllers\BarcodeSearchController.php(54): CodeIgniter\Database\BaseBuilder->get()
#5 C:\xampp\htdocs\pinestore\system\CodeIgniter.php(933): App\Controllers\BarcodeSearchController->search('item', '1088')
#6 C:\xampp\htdocs\pinestore\system\CodeIgniter.php(507): CodeIgniter\CodeIgniter->runController(Object(App\Controllers\BarcodeSearchController))
#7 C:\xampp\htdocs\pinestore\system\CodeIgniter.php(354): CodeIgniter\CodeIgniter->handleRequest(NULL, Object(Config\Cache), false)
#8 C:\xampp\htdocs\pinestore\system\Boot.php(334): CodeIgniter\CodeIgniter->run()
#9 C:\xampp\htdocs\pinestore\system\Boot.php(67): CodeIgniter\Boot::runCodeIgniter(Object(CodeIgniter\CodeIgniter))
#10 C:\xampp\htdocs\pinestore\index.php(56): CodeIgniter\Boot::bootWeb(Object(Config\Paths))
#11 {main}
CRITICAL - 2025-07-23 06:37:07 --> CodeIgniter\Database\Exceptions\DatabaseException: Unknown column 'i.rack_id' in 'field list'
[Method: GET, Route: barcode-search/item/1088]
in SYSTEMPATH\Database\BaseConnection.php on line 692.
 1 SYSTEMPATH\Database\BaseBuilder.php(1649): CodeIgniter\Database\BaseConnection->query('SELECT `cb`.*, `i`.`item_name`, `i`.`rack_id`, `c`.`customer_name`, `c`.`id` as `customer_id`, `c`.`customer_mobile`, `c`.`customer_email`
FROM `customer_inventory_child_barcodes` `cb`
LEFT JOIN `customer_inventory` `i` ON `i`.`id` = `cb`.`inventory_id`
LEFT JOIN `pine_upload_inventory` `c` ON `c`.`id` = `i`.`upload_inventory_id`
WHERE `cb`.`inventory_id` = :cb.inventory_id:', [...], false)
 2 APPPATH\Controllers\BarcodeSearchController.php(54): CodeIgniter\Database\BaseBuilder->get()
 3 SYSTEMPATH\CodeIgniter.php(933): App\Controllers\BarcodeSearchController->search('item', '1088')
 4 SYSTEMPATH\CodeIgniter.php(507): CodeIgniter\CodeIgniter->runController(Object(App\Controllers\BarcodeSearchController))
 5 SYSTEMPATH\CodeIgniter.php(354): CodeIgniter\CodeIgniter->handleRequest(null, Object(Config\Cache), false)
 6 SYSTEMPATH\Boot.php(334): CodeIgniter\CodeIgniter->run()
 7 SYSTEMPATH\Boot.php(67): CodeIgniter\Boot::runCodeIgniter(Object(CodeIgniter\CodeIgniter))
 8 FCPATH\index.php(56): CodeIgniter\Boot::bootWeb(Object(Config\Paths))
CRITICAL - 2025-07-23 06:37:07 --> [Caused by] CodeIgniter\Database\Exceptions\DatabaseException: Unknown column 'i.rack_id' in 'field list'
in SYSTEMPATH\Database\MySQLi\Connection.php on line 332.
 1 SYSTEMPATH\Database\BaseConnection.php(738): CodeIgniter\Database\MySQLi\Connection->execute('SELECT `cb`.*, `i`.`item_name`, `i`.`rack_id`, `c`.`customer_name`, `c`.`id` as `customer_id`, `c`.`customer_mobile`, `c`.`customer_email`
FROM `customer_inventory_child_barcodes` `cb`
LEFT JOIN `customer_inventory` `i` ON `i`.`id` = `cb`.`inventory_id`
LEFT JOIN `pine_upload_inventory` `c` ON `c`.`id` = `i`.`upload_inventory_id`
WHERE `cb`.`inventory_id` = \'1088\'')
 2 SYSTEMPATH\Database\BaseConnection.php(652): CodeIgniter\Database\BaseConnection->simpleQuery('SELECT `cb`.*, `i`.`item_name`, `i`.`rack_id`, `c`.`customer_name`, `c`.`id` as `customer_id`, `c`.`customer_mobile`, `c`.`customer_email`
FROM `customer_inventory_child_barcodes` `cb`
LEFT JOIN `customer_inventory` `i` ON `i`.`id` = `cb`.`inventory_id`
LEFT JOIN `pine_upload_inventory` `c` ON `c`.`id` = `i`.`upload_inventory_id`
WHERE `cb`.`inventory_id` = \'1088\'')
 3 SYSTEMPATH\Database\BaseBuilder.php(1649): CodeIgniter\Database\BaseConnection->query('SELECT `cb`.*, `i`.`item_name`, `i`.`rack_id`, `c`.`customer_name`, `c`.`id` as `customer_id`, `c`.`customer_mobile`, `c`.`customer_email`
FROM `customer_inventory_child_barcodes` `cb`
LEFT JOIN `customer_inventory` `i` ON `i`.`id` = `cb`.`inventory_id`
LEFT JOIN `pine_upload_inventory` `c` ON `c`.`id` = `i`.`upload_inventory_id`
WHERE `cb`.`inventory_id` = :cb.inventory_id:', [...], false)
 4 APPPATH\Controllers\BarcodeSearchController.php(54): CodeIgniter\Database\BaseBuilder->get()
 5 SYSTEMPATH\CodeIgniter.php(933): App\Controllers\BarcodeSearchController->search('item', '1088')
 6 SYSTEMPATH\CodeIgniter.php(507): CodeIgniter\CodeIgniter->runController(Object(App\Controllers\BarcodeSearchController))
 7 SYSTEMPATH\CodeIgniter.php(354): CodeIgniter\CodeIgniter->handleRequest(null, Object(Config\Cache), false)
 8 SYSTEMPATH\Boot.php(334): CodeIgniter\CodeIgniter->run()
 9 SYSTEMPATH\Boot.php(67): CodeIgniter\Boot::runCodeIgniter(Object(CodeIgniter\CodeIgniter))
10 FCPATH\index.php(56): CodeIgniter\Boot::bootWeb(Object(Config\Paths))
CRITICAL - 2025-07-23 06:37:07 --> [Caused by] mysqli_sql_exception: Unknown column 'i.rack_id' in 'field list'
in SYSTEMPATH\Database\MySQLi\Connection.php on line 327.
 1 SYSTEMPATH\Database\MySQLi\Connection.php(327): mysqli->query('SELECT `cb`.*, `i`.`item_name`, `i`.`rack_id`, `c`.`customer_name`, `c`.`id` as `customer_id`, `c`.`customer_mobile`, `c`.`customer_email`
FROM `customer_inventory_child_barcodes` `cb`
LEFT JOIN `customer_inventory` `i` ON `i`.`id` = `cb`.`inventory_id`
LEFT JOIN `pine_upload_inventory` `c` ON `c`.`id` = `i`.`upload_inventory_id`
WHERE `cb`.`inventory_id` = \'1088\'', 0)
 2 SYSTEMPATH\Database\BaseConnection.php(738): CodeIgniter\Database\MySQLi\Connection->execute('SELECT `cb`.*, `i`.`item_name`, `i`.`rack_id`, `c`.`customer_name`, `c`.`id` as `customer_id`, `c`.`customer_mobile`, `c`.`customer_email`
FROM `customer_inventory_child_barcodes` `cb`
LEFT JOIN `customer_inventory` `i` ON `i`.`id` = `cb`.`inventory_id`
LEFT JOIN `pine_upload_inventory` `c` ON `c`.`id` = `i`.`upload_inventory_id`
WHERE `cb`.`inventory_id` = \'1088\'')
 3 SYSTEMPATH\Database\BaseConnection.php(652): CodeIgniter\Database\BaseConnection->simpleQuery('SELECT `cb`.*, `i`.`item_name`, `i`.`rack_id`, `c`.`customer_name`, `c`.`id` as `customer_id`, `c`.`customer_mobile`, `c`.`customer_email`
FROM `customer_inventory_child_barcodes` `cb`
LEFT JOIN `customer_inventory` `i` ON `i`.`id` = `cb`.`inventory_id`
LEFT JOIN `pine_upload_inventory` `c` ON `c`.`id` = `i`.`upload_inventory_id`
WHERE `cb`.`inventory_id` = \'1088\'')
 4 SYSTEMPATH\Database\BaseBuilder.php(1649): CodeIgniter\Database\BaseConnection->query('SELECT `cb`.*, `i`.`item_name`, `i`.`rack_id`, `c`.`customer_name`, `c`.`id` as `customer_id`, `c`.`customer_mobile`, `c`.`customer_email`
FROM `customer_inventory_child_barcodes` `cb`
LEFT JOIN `customer_inventory` `i` ON `i`.`id` = `cb`.`inventory_id`
LEFT JOIN `pine_upload_inventory` `c` ON `c`.`id` = `i`.`upload_inventory_id`
WHERE `cb`.`inventory_id` = :cb.inventory_id:', [...], false)
 5 APPPATH\Controllers\BarcodeSearchController.php(54): CodeIgniter\Database\BaseBuilder->get()
 6 SYSTEMPATH\CodeIgniter.php(933): App\Controllers\BarcodeSearchController->search('item', '1088')
 7 SYSTEMPATH\CodeIgniter.php(507): CodeIgniter\CodeIgniter->runController(Object(App\Controllers\BarcodeSearchController))
 8 SYSTEMPATH\CodeIgniter.php(354): CodeIgniter\CodeIgniter->handleRequest(null, Object(Config\Cache), false)
 9 SYSTEMPATH\Boot.php(334): CodeIgniter\CodeIgniter->run()
10 SYSTEMPATH\Boot.php(67): CodeIgniter\Boot::runCodeIgniter(Object(CodeIgniter\CodeIgniter))
11 FCPATH\index.php(56): CodeIgniter\Boot::bootWeb(Object(Config\Paths))
ERROR - 2025-07-23 06:37:07 --> mysqli_sql_exception: Unknown column 'i.rack_id' in 'field list' in C:\xampp\htdocs\pinestore\system\Database\MySQLi\Connection.php:327
Stack trace:
#0 C:\xampp\htdocs\pinestore\system\Database\MySQLi\Connection.php(327): mysqli->query('SELECT `cb`.*, ...', 0)
#1 C:\xampp\htdocs\pinestore\system\Database\BaseConnection.php(738): CodeIgniter\Database\MySQLi\Connection->execute('SELECT `cb`.*, ...')
#2 C:\xampp\htdocs\pinestore\system\Database\BaseConnection.php(652): CodeIgniter\Database\BaseConnection->simpleQuery('SELECT `cb`.*, ...')
#3 C:\xampp\htdocs\pinestore\system\Database\BaseBuilder.php(1649): CodeIgniter\Database\BaseConnection->query('SELECT `cb`.*, ...', Array, false)
#4 C:\xampp\htdocs\pinestore\app\Controllers\BarcodeSearchController.php(54): CodeIgniter\Database\BaseBuilder->get()
#5 C:\xampp\htdocs\pinestore\system\CodeIgniter.php(933): App\Controllers\BarcodeSearchController->search('item', '1088')
#6 C:\xampp\htdocs\pinestore\system\CodeIgniter.php(507): CodeIgniter\CodeIgniter->runController(Object(App\Controllers\BarcodeSearchController))
#7 C:\xampp\htdocs\pinestore\system\CodeIgniter.php(354): CodeIgniter\CodeIgniter->handleRequest(NULL, Object(Config\Cache), false)
#8 C:\xampp\htdocs\pinestore\system\Boot.php(334): CodeIgniter\CodeIgniter->run()
#9 C:\xampp\htdocs\pinestore\system\Boot.php(67): CodeIgniter\Boot::runCodeIgniter(Object(CodeIgniter\CodeIgniter))
#10 C:\xampp\htdocs\pinestore\index.php(56): CodeIgniter\Boot::bootWeb(Object(Config\Paths))
#11 {main}
CRITICAL - 2025-07-23 06:37:07 --> CodeIgniter\Database\Exceptions\DatabaseException: Unknown column 'i.rack_id' in 'field list'
[Method: GET, Route: barcode-search/item/1088]
in SYSTEMPATH\Database\BaseConnection.php on line 692.
 1 SYSTEMPATH\Database\BaseBuilder.php(1649): CodeIgniter\Database\BaseConnection->query('SELECT `cb`.*, `i`.`item_name`, `i`.`rack_id`, `c`.`customer_name`, `c`.`id` as `customer_id`, `c`.`customer_mobile`, `c`.`customer_email`
FROM `customer_inventory_child_barcodes` `cb`
LEFT JOIN `customer_inventory` `i` ON `i`.`id` = `cb`.`inventory_id`
LEFT JOIN `pine_upload_inventory` `c` ON `c`.`id` = `i`.`upload_inventory_id`
WHERE `cb`.`inventory_id` = :cb.inventory_id:', [...], false)
 2 APPPATH\Controllers\BarcodeSearchController.php(54): CodeIgniter\Database\BaseBuilder->get()
 3 SYSTEMPATH\CodeIgniter.php(933): App\Controllers\BarcodeSearchController->search('item', '1088')
 4 SYSTEMPATH\CodeIgniter.php(507): CodeIgniter\CodeIgniter->runController(Object(App\Controllers\BarcodeSearchController))
 5 SYSTEMPATH\CodeIgniter.php(354): CodeIgniter\CodeIgniter->handleRequest(null, Object(Config\Cache), false)
 6 SYSTEMPATH\Boot.php(334): CodeIgniter\CodeIgniter->run()
 7 SYSTEMPATH\Boot.php(67): CodeIgniter\Boot::runCodeIgniter(Object(CodeIgniter\CodeIgniter))
 8 FCPATH\index.php(56): CodeIgniter\Boot::bootWeb(Object(Config\Paths))
CRITICAL - 2025-07-23 06:37:07 --> [Caused by] CodeIgniter\Database\Exceptions\DatabaseException: Unknown column 'i.rack_id' in 'field list'
in SYSTEMPATH\Database\MySQLi\Connection.php on line 332.
 1 SYSTEMPATH\Database\BaseConnection.php(738): CodeIgniter\Database\MySQLi\Connection->execute('SELECT `cb`.*, `i`.`item_name`, `i`.`rack_id`, `c`.`customer_name`, `c`.`id` as `customer_id`, `c`.`customer_mobile`, `c`.`customer_email`
FROM `customer_inventory_child_barcodes` `cb`
LEFT JOIN `customer_inventory` `i` ON `i`.`id` = `cb`.`inventory_id`
LEFT JOIN `pine_upload_inventory` `c` ON `c`.`id` = `i`.`upload_inventory_id`
WHERE `cb`.`inventory_id` = \'1088\'')
 2 SYSTEMPATH\Database\BaseConnection.php(652): CodeIgniter\Database\BaseConnection->simpleQuery('SELECT `cb`.*, `i`.`item_name`, `i`.`rack_id`, `c`.`customer_name`, `c`.`id` as `customer_id`, `c`.`customer_mobile`, `c`.`customer_email`
FROM `customer_inventory_child_barcodes` `cb`
LEFT JOIN `customer_inventory` `i` ON `i`.`id` = `cb`.`inventory_id`
LEFT JOIN `pine_upload_inventory` `c` ON `c`.`id` = `i`.`upload_inventory_id`
WHERE `cb`.`inventory_id` = \'1088\'')
 3 SYSTEMPATH\Database\BaseBuilder.php(1649): CodeIgniter\Database\BaseConnection->query('SELECT `cb`.*, `i`.`item_name`, `i`.`rack_id`, `c`.`customer_name`, `c`.`id` as `customer_id`, `c`.`customer_mobile`, `c`.`customer_email`
FROM `customer_inventory_child_barcodes` `cb`
LEFT JOIN `customer_inventory` `i` ON `i`.`id` = `cb`.`inventory_id`
LEFT JOIN `pine_upload_inventory` `c` ON `c`.`id` = `i`.`upload_inventory_id`
WHERE `cb`.`inventory_id` = :cb.inventory_id:', [...], false)
 4 APPPATH\Controllers\BarcodeSearchController.php(54): CodeIgniter\Database\BaseBuilder->get()
 5 SYSTEMPATH\CodeIgniter.php(933): App\Controllers\BarcodeSearchController->search('item', '1088')
 6 SYSTEMPATH\CodeIgniter.php(507): CodeIgniter\CodeIgniter->runController(Object(App\Controllers\BarcodeSearchController))
 7 SYSTEMPATH\CodeIgniter.php(354): CodeIgniter\CodeIgniter->handleRequest(null, Object(Config\Cache), false)
 8 SYSTEMPATH\Boot.php(334): CodeIgniter\CodeIgniter->run()
 9 SYSTEMPATH\Boot.php(67): CodeIgniter\Boot::runCodeIgniter(Object(CodeIgniter\CodeIgniter))
10 FCPATH\index.php(56): CodeIgniter\Boot::bootWeb(Object(Config\Paths))
CRITICAL - 2025-07-23 06:37:07 --> [Caused by] mysqli_sql_exception: Unknown column 'i.rack_id' in 'field list'
in SYSTEMPATH\Database\MySQLi\Connection.php on line 327.
 1 SYSTEMPATH\Database\MySQLi\Connection.php(327): mysqli->query('SELECT `cb`.*, `i`.`item_name`, `i`.`rack_id`, `c`.`customer_name`, `c`.`id` as `customer_id`, `c`.`customer_mobile`, `c`.`customer_email`
FROM `customer_inventory_child_barcodes` `cb`
LEFT JOIN `customer_inventory` `i` ON `i`.`id` = `cb`.`inventory_id`
LEFT JOIN `pine_upload_inventory` `c` ON `c`.`id` = `i`.`upload_inventory_id`
WHERE `cb`.`inventory_id` = \'1088\'', 0)
 2 SYSTEMPATH\Database\BaseConnection.php(738): CodeIgniter\Database\MySQLi\Connection->execute('SELECT `cb`.*, `i`.`item_name`, `i`.`rack_id`, `c`.`customer_name`, `c`.`id` as `customer_id`, `c`.`customer_mobile`, `c`.`customer_email`
FROM `customer_inventory_child_barcodes` `cb`
LEFT JOIN `customer_inventory` `i` ON `i`.`id` = `cb`.`inventory_id`
LEFT JOIN `pine_upload_inventory` `c` ON `c`.`id` = `i`.`upload_inventory_id`
WHERE `cb`.`inventory_id` = \'1088\'')
 3 SYSTEMPATH\Database\BaseConnection.php(652): CodeIgniter\Database\BaseConnection->simpleQuery('SELECT `cb`.*, `i`.`item_name`, `i`.`rack_id`, `c`.`customer_name`, `c`.`id` as `customer_id`, `c`.`customer_mobile`, `c`.`customer_email`
FROM `customer_inventory_child_barcodes` `cb`
LEFT JOIN `customer_inventory` `i` ON `i`.`id` = `cb`.`inventory_id`
LEFT JOIN `pine_upload_inventory` `c` ON `c`.`id` = `i`.`upload_inventory_id`
WHERE `cb`.`inventory_id` = \'1088\'')
 4 SYSTEMPATH\Database\BaseBuilder.php(1649): CodeIgniter\Database\BaseConnection->query('SELECT `cb`.*, `i`.`item_name`, `i`.`rack_id`, `c`.`customer_name`, `c`.`id` as `customer_id`, `c`.`customer_mobile`, `c`.`customer_email`
FROM `customer_inventory_child_barcodes` `cb`
LEFT JOIN `customer_inventory` `i` ON `i`.`id` = `cb`.`inventory_id`
LEFT JOIN `pine_upload_inventory` `c` ON `c`.`id` = `i`.`upload_inventory_id`
WHERE `cb`.`inventory_id` = :cb.inventory_id:', [...], false)
 5 APPPATH\Controllers\BarcodeSearchController.php(54): CodeIgniter\Database\BaseBuilder->get()
 6 SYSTEMPATH\CodeIgniter.php(933): App\Controllers\BarcodeSearchController->search('item', '1088')
 7 SYSTEMPATH\CodeIgniter.php(507): CodeIgniter\CodeIgniter->runController(Object(App\Controllers\BarcodeSearchController))
 8 SYSTEMPATH\CodeIgniter.php(354): CodeIgniter\CodeIgniter->handleRequest(null, Object(Config\Cache), false)
 9 SYSTEMPATH\Boot.php(334): CodeIgniter\CodeIgniter->run()
10 SYSTEMPATH\Boot.php(67): CodeIgniter\Boot::runCodeIgniter(Object(CodeIgniter\CodeIgniter))
11 FCPATH\index.php(56): CodeIgniter\Boot::bootWeb(Object(Config\Paths))
ERROR - 2025-07-23 06:37:07 --> mysqli_sql_exception: Unknown column 'i.rack_id' in 'field list' in C:\xampp\htdocs\pinestore\system\Database\MySQLi\Connection.php:327
Stack trace:
#0 C:\xampp\htdocs\pinestore\system\Database\MySQLi\Connection.php(327): mysqli->query('SELECT `cb`.*, ...', 0)
#1 C:\xampp\htdocs\pinestore\system\Database\BaseConnection.php(738): CodeIgniter\Database\MySQLi\Connection->execute('SELECT `cb`.*, ...')
#2 C:\xampp\htdocs\pinestore\system\Database\BaseConnection.php(652): CodeIgniter\Database\BaseConnection->simpleQuery('SELECT `cb`.*, ...')
#3 C:\xampp\htdocs\pinestore\system\Database\BaseBuilder.php(1649): CodeIgniter\Database\BaseConnection->query('SELECT `cb`.*, ...', Array, false)
#4 C:\xampp\htdocs\pinestore\app\Controllers\BarcodeSearchController.php(54): CodeIgniter\Database\BaseBuilder->get()
#5 C:\xampp\htdocs\pinestore\system\CodeIgniter.php(933): App\Controllers\BarcodeSearchController->search('item', '1088')
#6 C:\xampp\htdocs\pinestore\system\CodeIgniter.php(507): CodeIgniter\CodeIgniter->runController(Object(App\Controllers\BarcodeSearchController))
#7 C:\xampp\htdocs\pinestore\system\CodeIgniter.php(354): CodeIgniter\CodeIgniter->handleRequest(NULL, Object(Config\Cache), false)
#8 C:\xampp\htdocs\pinestore\system\Boot.php(334): CodeIgniter\CodeIgniter->run()
#9 C:\xampp\htdocs\pinestore\system\Boot.php(67): CodeIgniter\Boot::runCodeIgniter(Object(CodeIgniter\CodeIgniter))
#10 C:\xampp\htdocs\pinestore\index.php(56): CodeIgniter\Boot::bootWeb(Object(Config\Paths))
#11 {main}
CRITICAL - 2025-07-23 06:37:07 --> CodeIgniter\Database\Exceptions\DatabaseException: Unknown column 'i.rack_id' in 'field list'
[Method: GET, Route: barcode-search/item/1088]
in SYSTEMPATH\Database\BaseConnection.php on line 692.
 1 SYSTEMPATH\Database\BaseBuilder.php(1649): CodeIgniter\Database\BaseConnection->query('SELECT `cb`.*, `i`.`item_name`, `i`.`rack_id`, `c`.`customer_name`, `c`.`id` as `customer_id`, `c`.`customer_mobile`, `c`.`customer_email`
FROM `customer_inventory_child_barcodes` `cb`
LEFT JOIN `customer_inventory` `i` ON `i`.`id` = `cb`.`inventory_id`
LEFT JOIN `pine_upload_inventory` `c` ON `c`.`id` = `i`.`upload_inventory_id`
WHERE `cb`.`inventory_id` = :cb.inventory_id:', [...], false)
 2 APPPATH\Controllers\BarcodeSearchController.php(54): CodeIgniter\Database\BaseBuilder->get()
 3 SYSTEMPATH\CodeIgniter.php(933): App\Controllers\BarcodeSearchController->search('item', '1088')
 4 SYSTEMPATH\CodeIgniter.php(507): CodeIgniter\CodeIgniter->runController(Object(App\Controllers\BarcodeSearchController))
 5 SYSTEMPATH\CodeIgniter.php(354): CodeIgniter\CodeIgniter->handleRequest(null, Object(Config\Cache), false)
 6 SYSTEMPATH\Boot.php(334): CodeIgniter\CodeIgniter->run()
 7 SYSTEMPATH\Boot.php(67): CodeIgniter\Boot::runCodeIgniter(Object(CodeIgniter\CodeIgniter))
 8 FCPATH\index.php(56): CodeIgniter\Boot::bootWeb(Object(Config\Paths))
CRITICAL - 2025-07-23 06:37:07 --> [Caused by] CodeIgniter\Database\Exceptions\DatabaseException: Unknown column 'i.rack_id' in 'field list'
in SYSTEMPATH\Database\MySQLi\Connection.php on line 332.
 1 SYSTEMPATH\Database\BaseConnection.php(738): CodeIgniter\Database\MySQLi\Connection->execute('SELECT `cb`.*, `i`.`item_name`, `i`.`rack_id`, `c`.`customer_name`, `c`.`id` as `customer_id`, `c`.`customer_mobile`, `c`.`customer_email`
FROM `customer_inventory_child_barcodes` `cb`
LEFT JOIN `customer_inventory` `i` ON `i`.`id` = `cb`.`inventory_id`
LEFT JOIN `pine_upload_inventory` `c` ON `c`.`id` = `i`.`upload_inventory_id`
WHERE `cb`.`inventory_id` = \'1088\'')
 2 SYSTEMPATH\Database\BaseConnection.php(652): CodeIgniter\Database\BaseConnection->simpleQuery('SELECT `cb`.*, `i`.`item_name`, `i`.`rack_id`, `c`.`customer_name`, `c`.`id` as `customer_id`, `c`.`customer_mobile`, `c`.`customer_email`
FROM `customer_inventory_child_barcodes` `cb`
LEFT JOIN `customer_inventory` `i` ON `i`.`id` = `cb`.`inventory_id`
LEFT JOIN `pine_upload_inventory` `c` ON `c`.`id` = `i`.`upload_inventory_id`
WHERE `cb`.`inventory_id` = \'1088\'')
 3 SYSTEMPATH\Database\BaseBuilder.php(1649): CodeIgniter\Database\BaseConnection->query('SELECT `cb`.*, `i`.`item_name`, `i`.`rack_id`, `c`.`customer_name`, `c`.`id` as `customer_id`, `c`.`customer_mobile`, `c`.`customer_email`
FROM `customer_inventory_child_barcodes` `cb`
LEFT JOIN `customer_inventory` `i` ON `i`.`id` = `cb`.`inventory_id`
LEFT JOIN `pine_upload_inventory` `c` ON `c`.`id` = `i`.`upload_inventory_id`
WHERE `cb`.`inventory_id` = :cb.inventory_id:', [...], false)
 4 APPPATH\Controllers\BarcodeSearchController.php(54): CodeIgniter\Database\BaseBuilder->get()
 5 SYSTEMPATH\CodeIgniter.php(933): App\Controllers\BarcodeSearchController->search('item', '1088')
 6 SYSTEMPATH\CodeIgniter.php(507): CodeIgniter\CodeIgniter->runController(Object(App\Controllers\BarcodeSearchController))
 7 SYSTEMPATH\CodeIgniter.php(354): CodeIgniter\CodeIgniter->handleRequest(null, Object(Config\Cache), false)
 8 SYSTEMPATH\Boot.php(334): CodeIgniter\CodeIgniter->run()
 9 SYSTEMPATH\Boot.php(67): CodeIgniter\Boot::runCodeIgniter(Object(CodeIgniter\CodeIgniter))
10 FCPATH\index.php(56): CodeIgniter\Boot::bootWeb(Object(Config\Paths))
CRITICAL - 2025-07-23 06:37:07 --> [Caused by] mysqli_sql_exception: Unknown column 'i.rack_id' in 'field list'
in SYSTEMPATH\Database\MySQLi\Connection.php on line 327.
 1 SYSTEMPATH\Database\MySQLi\Connection.php(327): mysqli->query('SELECT `cb`.*, `i`.`item_name`, `i`.`rack_id`, `c`.`customer_name`, `c`.`id` as `customer_id`, `c`.`customer_mobile`, `c`.`customer_email`
FROM `customer_inventory_child_barcodes` `cb`
LEFT JOIN `customer_inventory` `i` ON `i`.`id` = `cb`.`inventory_id`
LEFT JOIN `pine_upload_inventory` `c` ON `c`.`id` = `i`.`upload_inventory_id`
WHERE `cb`.`inventory_id` = \'1088\'', 0)
 2 SYSTEMPATH\Database\BaseConnection.php(738): CodeIgniter\Database\MySQLi\Connection->execute('SELECT `cb`.*, `i`.`item_name`, `i`.`rack_id`, `c`.`customer_name`, `c`.`id` as `customer_id`, `c`.`customer_mobile`, `c`.`customer_email`
FROM `customer_inventory_child_barcodes` `cb`
LEFT JOIN `customer_inventory` `i` ON `i`.`id` = `cb`.`inventory_id`
LEFT JOIN `pine_upload_inventory` `c` ON `c`.`id` = `i`.`upload_inventory_id`
WHERE `cb`.`inventory_id` = \'1088\'')
 3 SYSTEMPATH\Database\BaseConnection.php(652): CodeIgniter\Database\BaseConnection->simpleQuery('SELECT `cb`.*, `i`.`item_name`, `i`.`rack_id`, `c`.`customer_name`, `c`.`id` as `customer_id`, `c`.`customer_mobile`, `c`.`customer_email`
FROM `customer_inventory_child_barcodes` `cb`
LEFT JOIN `customer_inventory` `i` ON `i`.`id` = `cb`.`inventory_id`
LEFT JOIN `pine_upload_inventory` `c` ON `c`.`id` = `i`.`upload_inventory_id`
WHERE `cb`.`inventory_id` = \'1088\'')
 4 SYSTEMPATH\Database\BaseBuilder.php(1649): CodeIgniter\Database\BaseConnection->query('SELECT `cb`.*, `i`.`item_name`, `i`.`rack_id`, `c`.`customer_name`, `c`.`id` as `customer_id`, `c`.`customer_mobile`, `c`.`customer_email`
FROM `customer_inventory_child_barcodes` `cb`
LEFT JOIN `customer_inventory` `i` ON `i`.`id` = `cb`.`inventory_id`
LEFT JOIN `pine_upload_inventory` `c` ON `c`.`id` = `i`.`upload_inventory_id`
WHERE `cb`.`inventory_id` = :cb.inventory_id:', [...], false)
 5 APPPATH\Controllers\BarcodeSearchController.php(54): CodeIgniter\Database\BaseBuilder->get()
 6 SYSTEMPATH\CodeIgniter.php(933): App\Controllers\BarcodeSearchController->search('item', '1088')
 7 SYSTEMPATH\CodeIgniter.php(507): CodeIgniter\CodeIgniter->runController(Object(App\Controllers\BarcodeSearchController))
 8 SYSTEMPATH\CodeIgniter.php(354): CodeIgniter\CodeIgniter->handleRequest(null, Object(Config\Cache), false)
 9 SYSTEMPATH\Boot.php(334): CodeIgniter\CodeIgniter->run()
10 SYSTEMPATH\Boot.php(67): CodeIgniter\Boot::runCodeIgniter(Object(CodeIgniter\CodeIgniter))
11 FCPATH\index.php(56): CodeIgniter\Boot::bootWeb(Object(Config\Paths))
DEBUG - 2025-07-23 06:37:56 --> Session: Class initialized using 'CodeIgniter\Session\Handlers\FileHandler' driver.
DEBUG - 2025-07-23 06:37:57 --> Session: Class initialized using 'CodeIgniter\Session\Handlers\FileHandler' driver.
ERROR - 2025-07-23 06:38:02 --> mysqli_sql_exception: Unknown column 'i.rack_id' in 'field list' in C:\xampp\htdocs\pinestore\system\Database\MySQLi\Connection.php:327
Stack trace:
#0 C:\xampp\htdocs\pinestore\system\Database\MySQLi\Connection.php(327): mysqli->query('SELECT `cb`.*, ...', 0)
#1 C:\xampp\htdocs\pinestore\system\Database\BaseConnection.php(738): CodeIgniter\Database\MySQLi\Connection->execute('SELECT `cb`.*, ...')
#2 C:\xampp\htdocs\pinestore\system\Database\BaseConnection.php(652): CodeIgniter\Database\BaseConnection->simpleQuery('SELECT `cb`.*, ...')
#3 C:\xampp\htdocs\pinestore\system\Database\BaseBuilder.php(1649): CodeIgniter\Database\BaseConnection->query('SELECT `cb`.*, ...', Array, false)
#4 C:\xampp\htdocs\pinestore\app\Controllers\BarcodeSearchController.php(54): CodeIgniter\Database\BaseBuilder->get()
#5 C:\xampp\htdocs\pinestore\system\CodeIgniter.php(933): App\Controllers\BarcodeSearchController->search('item', '1088')
#6 C:\xampp\htdocs\pinestore\system\CodeIgniter.php(507): CodeIgniter\CodeIgniter->runController(Object(App\Controllers\BarcodeSearchController))
#7 C:\xampp\htdocs\pinestore\system\CodeIgniter.php(354): CodeIgniter\CodeIgniter->handleRequest(NULL, Object(Config\Cache), false)
#8 C:\xampp\htdocs\pinestore\system\Boot.php(334): CodeIgniter\CodeIgniter->run()
#9 C:\xampp\htdocs\pinestore\system\Boot.php(67): CodeIgniter\Boot::runCodeIgniter(Object(CodeIgniter\CodeIgniter))
#10 C:\xampp\htdocs\pinestore\index.php(56): CodeIgniter\Boot::bootWeb(Object(Config\Paths))
#11 {main}
CRITICAL - 2025-07-23 06:38:02 --> CodeIgniter\Database\Exceptions\DatabaseException: Unknown column 'i.rack_id' in 'field list'
[Method: GET, Route: barcode-search/item/1088]
in SYSTEMPATH\Database\BaseConnection.php on line 692.
 1 SYSTEMPATH\Database\BaseBuilder.php(1649): CodeIgniter\Database\BaseConnection->query('SELECT `cb`.*, `i`.`item_name`, `i`.`rack_id`, `c`.`customer_name`, `c`.`id` as `customer_id`, `c`.`customer_mobile`, `c`.`customer_email`
FROM `customer_inventory_child_barcodes` `cb`
LEFT JOIN `customer_inventory` `i` ON `i`.`id` = `cb`.`inventory_id`
LEFT JOIN `pine_upload_inventory` `c` ON `c`.`id` = `i`.`upload_inventory_id`
WHERE `cb`.`inventory_id` = :cb.inventory_id:', [...], false)
 2 APPPATH\Controllers\BarcodeSearchController.php(54): CodeIgniter\Database\BaseBuilder->get()
 3 SYSTEMPATH\CodeIgniter.php(933): App\Controllers\BarcodeSearchController->search('item', '1088')
 4 SYSTEMPATH\CodeIgniter.php(507): CodeIgniter\CodeIgniter->runController(Object(App\Controllers\BarcodeSearchController))
 5 SYSTEMPATH\CodeIgniter.php(354): CodeIgniter\CodeIgniter->handleRequest(null, Object(Config\Cache), false)
 6 SYSTEMPATH\Boot.php(334): CodeIgniter\CodeIgniter->run()
 7 SYSTEMPATH\Boot.php(67): CodeIgniter\Boot::runCodeIgniter(Object(CodeIgniter\CodeIgniter))
 8 FCPATH\index.php(56): CodeIgniter\Boot::bootWeb(Object(Config\Paths))
CRITICAL - 2025-07-23 06:38:02 --> [Caused by] CodeIgniter\Database\Exceptions\DatabaseException: Unknown column 'i.rack_id' in 'field list'
in SYSTEMPATH\Database\MySQLi\Connection.php on line 332.
 1 SYSTEMPATH\Database\BaseConnection.php(738): CodeIgniter\Database\MySQLi\Connection->execute('SELECT `cb`.*, `i`.`item_name`, `i`.`rack_id`, `c`.`customer_name`, `c`.`id` as `customer_id`, `c`.`customer_mobile`, `c`.`customer_email`
FROM `customer_inventory_child_barcodes` `cb`
LEFT JOIN `customer_inventory` `i` ON `i`.`id` = `cb`.`inventory_id`
LEFT JOIN `pine_upload_inventory` `c` ON `c`.`id` = `i`.`upload_inventory_id`
WHERE `cb`.`inventory_id` = \'1088\'')
 2 SYSTEMPATH\Database\BaseConnection.php(652): CodeIgniter\Database\BaseConnection->simpleQuery('SELECT `cb`.*, `i`.`item_name`, `i`.`rack_id`, `c`.`customer_name`, `c`.`id` as `customer_id`, `c`.`customer_mobile`, `c`.`customer_email`
FROM `customer_inventory_child_barcodes` `cb`
LEFT JOIN `customer_inventory` `i` ON `i`.`id` = `cb`.`inventory_id`
LEFT JOIN `pine_upload_inventory` `c` ON `c`.`id` = `i`.`upload_inventory_id`
WHERE `cb`.`inventory_id` = \'1088\'')
 3 SYSTEMPATH\Database\BaseBuilder.php(1649): CodeIgniter\Database\BaseConnection->query('SELECT `cb`.*, `i`.`item_name`, `i`.`rack_id`, `c`.`customer_name`, `c`.`id` as `customer_id`, `c`.`customer_mobile`, `c`.`customer_email`
FROM `customer_inventory_child_barcodes` `cb`
LEFT JOIN `customer_inventory` `i` ON `i`.`id` = `cb`.`inventory_id`
LEFT JOIN `pine_upload_inventory` `c` ON `c`.`id` = `i`.`upload_inventory_id`
WHERE `cb`.`inventory_id` = :cb.inventory_id:', [...], false)
 4 APPPATH\Controllers\BarcodeSearchController.php(54): CodeIgniter\Database\BaseBuilder->get()
 5 SYSTEMPATH\CodeIgniter.php(933): App\Controllers\BarcodeSearchController->search('item', '1088')
 6 SYSTEMPATH\CodeIgniter.php(507): CodeIgniter\CodeIgniter->runController(Object(App\Controllers\BarcodeSearchController))
 7 SYSTEMPATH\CodeIgniter.php(354): CodeIgniter\CodeIgniter->handleRequest(null, Object(Config\Cache), false)
 8 SYSTEMPATH\Boot.php(334): CodeIgniter\CodeIgniter->run()
 9 SYSTEMPATH\Boot.php(67): CodeIgniter\Boot::runCodeIgniter(Object(CodeIgniter\CodeIgniter))
10 FCPATH\index.php(56): CodeIgniter\Boot::bootWeb(Object(Config\Paths))
CRITICAL - 2025-07-23 06:38:02 --> [Caused by] mysqli_sql_exception: Unknown column 'i.rack_id' in 'field list'
in SYSTEMPATH\Database\MySQLi\Connection.php on line 327.
 1 SYSTEMPATH\Database\MySQLi\Connection.php(327): mysqli->query('SELECT `cb`.*, `i`.`item_name`, `i`.`rack_id`, `c`.`customer_name`, `c`.`id` as `customer_id`, `c`.`customer_mobile`, `c`.`customer_email`
FROM `customer_inventory_child_barcodes` `cb`
LEFT JOIN `customer_inventory` `i` ON `i`.`id` = `cb`.`inventory_id`
LEFT JOIN `pine_upload_inventory` `c` ON `c`.`id` = `i`.`upload_inventory_id`
WHERE `cb`.`inventory_id` = \'1088\'', 0)
 2 SYSTEMPATH\Database\BaseConnection.php(738): CodeIgniter\Database\MySQLi\Connection->execute('SELECT `cb`.*, `i`.`item_name`, `i`.`rack_id`, `c`.`customer_name`, `c`.`id` as `customer_id`, `c`.`customer_mobile`, `c`.`customer_email`
FROM `customer_inventory_child_barcodes` `cb`
LEFT JOIN `customer_inventory` `i` ON `i`.`id` = `cb`.`inventory_id`
LEFT JOIN `pine_upload_inventory` `c` ON `c`.`id` = `i`.`upload_inventory_id`
WHERE `cb`.`inventory_id` = \'1088\'')
 3 SYSTEMPATH\Database\BaseConnection.php(652): CodeIgniter\Database\BaseConnection->simpleQuery('SELECT `cb`.*, `i`.`item_name`, `i`.`rack_id`, `c`.`customer_name`, `c`.`id` as `customer_id`, `c`.`customer_mobile`, `c`.`customer_email`
FROM `customer_inventory_child_barcodes` `cb`
LEFT JOIN `customer_inventory` `i` ON `i`.`id` = `cb`.`inventory_id`
LEFT JOIN `pine_upload_inventory` `c` ON `c`.`id` = `i`.`upload_inventory_id`
WHERE `cb`.`inventory_id` = \'1088\'')
 4 SYSTEMPATH\Database\BaseBuilder.php(1649): CodeIgniter\Database\BaseConnection->query('SELECT `cb`.*, `i`.`item_name`, `i`.`rack_id`, `c`.`customer_name`, `c`.`id` as `customer_id`, `c`.`customer_mobile`, `c`.`customer_email`
FROM `customer_inventory_child_barcodes` `cb`
LEFT JOIN `customer_inventory` `i` ON `i`.`id` = `cb`.`inventory_id`
LEFT JOIN `pine_upload_inventory` `c` ON `c`.`id` = `i`.`upload_inventory_id`
WHERE `cb`.`inventory_id` = :cb.inventory_id:', [...], false)
 5 APPPATH\Controllers\BarcodeSearchController.php(54): CodeIgniter\Database\BaseBuilder->get()
 6 SYSTEMPATH\CodeIgniter.php(933): App\Controllers\BarcodeSearchController->search('item', '1088')
 7 SYSTEMPATH\CodeIgniter.php(507): CodeIgniter\CodeIgniter->runController(Object(App\Controllers\BarcodeSearchController))
 8 SYSTEMPATH\CodeIgniter.php(354): CodeIgniter\CodeIgniter->handleRequest(null, Object(Config\Cache), false)
 9 SYSTEMPATH\Boot.php(334): CodeIgniter\CodeIgniter->run()
10 SYSTEMPATH\Boot.php(67): CodeIgniter\Boot::runCodeIgniter(Object(CodeIgniter\CodeIgniter))
11 FCPATH\index.php(56): CodeIgniter\Boot::bootWeb(Object(Config\Paths))
ERROR - 2025-07-23 06:40:33 --> mysqli_sql_exception: Unknown column 'i.rack_id' in 'field list' in C:\xampp\htdocs\pinestore\system\Database\MySQLi\Connection.php:327
Stack trace:
#0 C:\xampp\htdocs\pinestore\system\Database\MySQLi\Connection.php(327): mysqli->query('SELECT `cb`.*, ...', 0)
#1 C:\xampp\htdocs\pinestore\system\Database\BaseConnection.php(738): CodeIgniter\Database\MySQLi\Connection->execute('SELECT `cb`.*, ...')
#2 C:\xampp\htdocs\pinestore\system\Database\BaseConnection.php(652): CodeIgniter\Database\BaseConnection->simpleQuery('SELECT `cb`.*, ...')
#3 C:\xampp\htdocs\pinestore\system\Database\BaseBuilder.php(1649): CodeIgniter\Database\BaseConnection->query('SELECT `cb`.*, ...', Array, false)
#4 C:\xampp\htdocs\pinestore\app\Controllers\BarcodeSearchController.php(54): CodeIgniter\Database\BaseBuilder->get()
#5 C:\xampp\htdocs\pinestore\system\CodeIgniter.php(933): App\Controllers\BarcodeSearchController->search('item', '1088')
#6 C:\xampp\htdocs\pinestore\system\CodeIgniter.php(507): CodeIgniter\CodeIgniter->runController(Object(App\Controllers\BarcodeSearchController))
#7 C:\xampp\htdocs\pinestore\system\CodeIgniter.php(354): CodeIgniter\CodeIgniter->handleRequest(NULL, Object(Config\Cache), false)
#8 C:\xampp\htdocs\pinestore\system\Boot.php(334): CodeIgniter\CodeIgniter->run()
#9 C:\xampp\htdocs\pinestore\system\Boot.php(67): CodeIgniter\Boot::runCodeIgniter(Object(CodeIgniter\CodeIgniter))
#10 C:\xampp\htdocs\pinestore\index.php(56): CodeIgniter\Boot::bootWeb(Object(Config\Paths))
#11 {main}
CRITICAL - 2025-07-23 06:40:33 --> CodeIgniter\Database\Exceptions\DatabaseException: Unknown column 'i.rack_id' in 'field list'
[Method: GET, Route: barcode-search/item/1088]
in SYSTEMPATH\Database\BaseConnection.php on line 692.
 1 SYSTEMPATH\Database\BaseBuilder.php(1649): CodeIgniter\Database\BaseConnection->query('SELECT `cb`.*, `i`.`item_name`, `i`.`rack_id`, `c`.`customer_name`, `c`.`id` as `customer_id`, `c`.`customer_mobile`, `c`.`customer_email`
FROM `customer_inventory_child_barcodes` `cb`
LEFT JOIN `customer_inventory` `i` ON `i`.`id` = `cb`.`inventory_id`
LEFT JOIN `pine_upload_inventory` `c` ON `c`.`id` = `i`.`upload_inventory_id`
WHERE `cb`.`inventory_id` = :cb.inventory_id:', [...], false)
 2 APPPATH\Controllers\BarcodeSearchController.php(54): CodeIgniter\Database\BaseBuilder->get()
 3 SYSTEMPATH\CodeIgniter.php(933): App\Controllers\BarcodeSearchController->search('item', '1088')
 4 SYSTEMPATH\CodeIgniter.php(507): CodeIgniter\CodeIgniter->runController(Object(App\Controllers\BarcodeSearchController))
 5 SYSTEMPATH\CodeIgniter.php(354): CodeIgniter\CodeIgniter->handleRequest(null, Object(Config\Cache), false)
 6 SYSTEMPATH\Boot.php(334): CodeIgniter\CodeIgniter->run()
 7 SYSTEMPATH\Boot.php(67): CodeIgniter\Boot::runCodeIgniter(Object(CodeIgniter\CodeIgniter))
 8 FCPATH\index.php(56): CodeIgniter\Boot::bootWeb(Object(Config\Paths))
CRITICAL - 2025-07-23 06:40:33 --> [Caused by] CodeIgniter\Database\Exceptions\DatabaseException: Unknown column 'i.rack_id' in 'field list'
in SYSTEMPATH\Database\MySQLi\Connection.php on line 332.
 1 SYSTEMPATH\Database\BaseConnection.php(738): CodeIgniter\Database\MySQLi\Connection->execute('SELECT `cb`.*, `i`.`item_name`, `i`.`rack_id`, `c`.`customer_name`, `c`.`id` as `customer_id`, `c`.`customer_mobile`, `c`.`customer_email`
FROM `customer_inventory_child_barcodes` `cb`
LEFT JOIN `customer_inventory` `i` ON `i`.`id` = `cb`.`inventory_id`
LEFT JOIN `pine_upload_inventory` `c` ON `c`.`id` = `i`.`upload_inventory_id`
WHERE `cb`.`inventory_id` = \'1088\'')
 2 SYSTEMPATH\Database\BaseConnection.php(652): CodeIgniter\Database\BaseConnection->simpleQuery('SELECT `cb`.*, `i`.`item_name`, `i`.`rack_id`, `c`.`customer_name`, `c`.`id` as `customer_id`, `c`.`customer_mobile`, `c`.`customer_email`
FROM `customer_inventory_child_barcodes` `cb`
LEFT JOIN `customer_inventory` `i` ON `i`.`id` = `cb`.`inventory_id`
LEFT JOIN `pine_upload_inventory` `c` ON `c`.`id` = `i`.`upload_inventory_id`
WHERE `cb`.`inventory_id` = \'1088\'')
 3 SYSTEMPATH\Database\BaseBuilder.php(1649): CodeIgniter\Database\BaseConnection->query('SELECT `cb`.*, `i`.`item_name`, `i`.`rack_id`, `c`.`customer_name`, `c`.`id` as `customer_id`, `c`.`customer_mobile`, `c`.`customer_email`
FROM `customer_inventory_child_barcodes` `cb`
LEFT JOIN `customer_inventory` `i` ON `i`.`id` = `cb`.`inventory_id`
LEFT JOIN `pine_upload_inventory` `c` ON `c`.`id` = `i`.`upload_inventory_id`
WHERE `cb`.`inventory_id` = :cb.inventory_id:', [...], false)
 4 APPPATH\Controllers\BarcodeSearchController.php(54): CodeIgniter\Database\BaseBuilder->get()
 5 SYSTEMPATH\CodeIgniter.php(933): App\Controllers\BarcodeSearchController->search('item', '1088')
 6 SYSTEMPATH\CodeIgniter.php(507): CodeIgniter\CodeIgniter->runController(Object(App\Controllers\BarcodeSearchController))
 7 SYSTEMPATH\CodeIgniter.php(354): CodeIgniter\CodeIgniter->handleRequest(null, Object(Config\Cache), false)
 8 SYSTEMPATH\Boot.php(334): CodeIgniter\CodeIgniter->run()
 9 SYSTEMPATH\Boot.php(67): CodeIgniter\Boot::runCodeIgniter(Object(CodeIgniter\CodeIgniter))
10 FCPATH\index.php(56): CodeIgniter\Boot::bootWeb(Object(Config\Paths))
CRITICAL - 2025-07-23 06:40:33 --> [Caused by] mysqli_sql_exception: Unknown column 'i.rack_id' in 'field list'
in SYSTEMPATH\Database\MySQLi\Connection.php on line 327.
 1 SYSTEMPATH\Database\MySQLi\Connection.php(327): mysqli->query('SELECT `cb`.*, `i`.`item_name`, `i`.`rack_id`, `c`.`customer_name`, `c`.`id` as `customer_id`, `c`.`customer_mobile`, `c`.`customer_email`
FROM `customer_inventory_child_barcodes` `cb`
LEFT JOIN `customer_inventory` `i` ON `i`.`id` = `cb`.`inventory_id`
LEFT JOIN `pine_upload_inventory` `c` ON `c`.`id` = `i`.`upload_inventory_id`
WHERE `cb`.`inventory_id` = \'1088\'', 0)
 2 SYSTEMPATH\Database\BaseConnection.php(738): CodeIgniter\Database\MySQLi\Connection->execute('SELECT `cb`.*, `i`.`item_name`, `i`.`rack_id`, `c`.`customer_name`, `c`.`id` as `customer_id`, `c`.`customer_mobile`, `c`.`customer_email`
FROM `customer_inventory_child_barcodes` `cb`
LEFT JOIN `customer_inventory` `i` ON `i`.`id` = `cb`.`inventory_id`
LEFT JOIN `pine_upload_inventory` `c` ON `c`.`id` = `i`.`upload_inventory_id`
WHERE `cb`.`inventory_id` = \'1088\'')
 3 SYSTEMPATH\Database\BaseConnection.php(652): CodeIgniter\Database\BaseConnection->simpleQuery('SELECT `cb`.*, `i`.`item_name`, `i`.`rack_id`, `c`.`customer_name`, `c`.`id` as `customer_id`, `c`.`customer_mobile`, `c`.`customer_email`
FROM `customer_inventory_child_barcodes` `cb`
LEFT JOIN `customer_inventory` `i` ON `i`.`id` = `cb`.`inventory_id`
LEFT JOIN `pine_upload_inventory` `c` ON `c`.`id` = `i`.`upload_inventory_id`
WHERE `cb`.`inventory_id` = \'1088\'')
 4 SYSTEMPATH\Database\BaseBuilder.php(1649): CodeIgniter\Database\BaseConnection->query('SELECT `cb`.*, `i`.`item_name`, `i`.`rack_id`, `c`.`customer_name`, `c`.`id` as `customer_id`, `c`.`customer_mobile`, `c`.`customer_email`
FROM `customer_inventory_child_barcodes` `cb`
LEFT JOIN `customer_inventory` `i` ON `i`.`id` = `cb`.`inventory_id`
LEFT JOIN `pine_upload_inventory` `c` ON `c`.`id` = `i`.`upload_inventory_id`
WHERE `cb`.`inventory_id` = :cb.inventory_id:', [...], false)
 5 APPPATH\Controllers\BarcodeSearchController.php(54): CodeIgniter\Database\BaseBuilder->get()
 6 SYSTEMPATH\CodeIgniter.php(933): App\Controllers\BarcodeSearchController->search('item', '1088')
 7 SYSTEMPATH\CodeIgniter.php(507): CodeIgniter\CodeIgniter->runController(Object(App\Controllers\BarcodeSearchController))
 8 SYSTEMPATH\CodeIgniter.php(354): CodeIgniter\CodeIgniter->handleRequest(null, Object(Config\Cache), false)
 9 SYSTEMPATH\Boot.php(334): CodeIgniter\CodeIgniter->run()
10 SYSTEMPATH\Boot.php(67): CodeIgniter\Boot::runCodeIgniter(Object(CodeIgniter\CodeIgniter))
11 FCPATH\index.php(56): CodeIgniter\Boot::bootWeb(Object(Config\Paths))
DEBUG - 2025-07-23 06:40:39 --> Session: Class initialized using 'CodeIgniter\Session\Handlers\FileHandler' driver.
DEBUG - 2025-07-23 06:40:39 --> Session: Class initialized using 'CodeIgniter\Session\Handlers\FileHandler' driver.
DEBUG - 2025-07-23 07:12:41 --> Session: Class initialized using 'CodeIgniter\Session\Handlers\FileHandler' driver.
DEBUG - 2025-07-23 07:12:41 --> Session: Class initialized using 'CodeIgniter\Session\Handlers\FileHandler' driver.
DEBUG - 2025-07-23 07:13:16 --> Session: Class initialized using 'CodeIgniter\Session\Handlers\FileHandler' driver.
DEBUG - 2025-07-23 07:13:16 --> Session: Class initialized using 'CodeIgniter\Session\Handlers\FileHandler' driver.
DEBUG - 2025-07-23 07:13:24 --> Session: Class initialized using 'CodeIgniter\Session\Handlers\FileHandler' driver.
DEBUG - 2025-07-23 07:13:25 --> Session: Class initialized using 'CodeIgniter\Session\Handlers\FileHandler' driver.
DEBUG - 2025-07-23 07:16:11 --> Session: Class initialized using 'CodeIgniter\Session\Handlers\FileHandler' driver.
DEBUG - 2025-07-23 07:16:12 --> Session: Class initialized using 'CodeIgniter\Session\Handlers\FileHandler' driver.
DEBUG - 2025-07-23 07:22:39 --> Session: Class initialized using 'CodeIgniter\Session\Handlers\FileHandler' driver.
DEBUG - 2025-07-23 07:22:40 --> Session: Class initialized using 'CodeIgniter\Session\Handlers\FileHandler' driver.
DEBUG - 2025-07-23 07:24:26 --> Session: Class initialized using 'CodeIgniter\Session\Handlers\FileHandler' driver.
DEBUG - 2025-07-23 07:24:26 --> Session: Class initialized using 'CodeIgniter\Session\Handlers\FileHandler' driver.
DEBUG - 2025-07-23 07:24:28 --> Session: Class initialized using 'CodeIgniter\Session\Handlers\FileHandler' driver.
DEBUG - 2025-07-23 07:24:28 --> Session: Class initialized using 'CodeIgniter\Session\Handlers\FileHandler' driver.
DEBUG - 2025-07-23 07:24:30 --> Session: Class initialized using 'CodeIgniter\Session\Handlers\FileHandler' driver.
DEBUG - 2025-07-23 07:24:30 --> Session: Class initialized using 'CodeIgniter\Session\Handlers\FileHandler' driver.
DEBUG - 2025-07-23 07:24:32 --> Session: Class initialized using 'CodeIgniter\Session\Handlers\FileHandler' driver.
DEBUG - 2025-07-23 07:24:32 --> Session: Class initialized using 'CodeIgniter\Session\Handlers\FileHandler' driver.
DEBUG - 2025-07-23 07:24:35 --> Session: Class initialized using 'CodeIgniter\Session\Handlers\FileHandler' driver.
DEBUG - 2025-07-23 07:24:35 --> Session: Class initialized using 'CodeIgniter\Session\Handlers\FileHandler' driver.
DEBUG - 2025-07-23 07:26:22 --> Session: Class initialized using 'CodeIgniter\Session\Handlers\FileHandler' driver.
DEBUG - 2025-07-23 07:26:23 --> Session: Class initialized using 'CodeIgniter\Session\Handlers\FileHandler' driver.
DEBUG - 2025-07-23 07:26:23 --> Session: Class initialized using 'CodeIgniter\Session\Handlers\FileHandler' driver.
DEBUG - 2025-07-23 07:26:24 --> Session: Class initialized using 'CodeIgniter\Session\Handlers\FileHandler' driver.
DEBUG - 2025-07-23 07:26:24 --> Session: Class initialized using 'CodeIgniter\Session\Handlers\FileHandler' driver.
DEBUG - 2025-07-23 07:26:24 --> Session: Class initialized using 'CodeIgniter\Session\Handlers\FileHandler' driver.
DEBUG - 2025-07-23 07:26:25 --> Session: Class initialized using 'CodeIgniter\Session\Handlers\FileHandler' driver.
DEBUG - 2025-07-23 07:26:25 --> Session: Class initialized using 'CodeIgniter\Session\Handlers\FileHandler' driver.
DEBUG - 2025-07-23 07:26:26 --> Session: Class initialized using 'CodeIgniter\Session\Handlers\FileHandler' driver.
DEBUG - 2025-07-23 07:26:26 --> Session: Class initialized using 'CodeIgniter\Session\Handlers\FileHandler' driver.
DEBUG - 2025-07-23 07:27:10 --> Session: Class initialized using 'CodeIgniter\Session\Handlers\FileHandler' driver.
DEBUG - 2025-07-23 07:27:11 --> Session: Class initialized using 'CodeIgniter\Session\Handlers\FileHandler' driver.
DEBUG - 2025-07-23 07:27:27 --> Session: Class initialized using 'CodeIgniter\Session\Handlers\FileHandler' driver.
DEBUG - 2025-07-23 07:27:27 --> Session: Class initialized using 'CodeIgniter\Session\Handlers\FileHandler' driver.
DEBUG - 2025-07-23 07:27:49 --> Session: Class initialized using 'CodeIgniter\Session\Handlers\FileHandler' driver.
DEBUG - 2025-07-23 07:27:50 --> Session: Class initialized using 'CodeIgniter\Session\Handlers\FileHandler' driver.
DEBUG - 2025-07-23 07:28:04 --> Session: Class initialized using 'CodeIgniter\Session\Handlers\FileHandler' driver.
DEBUG - 2025-07-23 07:28:04 --> Session: Class initialized using 'CodeIgniter\Session\Handlers\FileHandler' driver.
DEBUG - 2025-07-23 07:28:25 --> Session: Class initialized using 'CodeIgniter\Session\Handlers\FileHandler' driver.
DEBUG - 2025-07-23 07:28:25 --> Session: Class initialized using 'CodeIgniter\Session\Handlers\FileHandler' driver.
DEBUG - 2025-07-23 07:28:29 --> Session: Class initialized using 'CodeIgniter\Session\Handlers\FileHandler' driver.
DEBUG - 2025-07-23 07:28:29 --> Session: Class initialized using 'CodeIgniter\Session\Handlers\FileHandler' driver.
DEBUG - 2025-07-23 07:28:30 --> Session: Class initialized using 'CodeIgniter\Session\Handlers\FileHandler' driver.
DEBUG - 2025-07-23 07:28:31 --> Session: Class initialized using 'CodeIgniter\Session\Handlers\FileHandler' driver.
DEBUG - 2025-07-23 07:28:33 --> Session: Class initialized using 'CodeIgniter\Session\Handlers\FileHandler' driver.
DEBUG - 2025-07-23 07:28:33 --> Session: Class initialized using 'CodeIgniter\Session\Handlers\FileHandler' driver.
DEBUG - 2025-07-23 07:28:33 --> Session: Class initialized using 'CodeIgniter\Session\Handlers\FileHandler' driver.
DEBUG - 2025-07-23 07:28:43 --> Session: Class initialized using 'CodeIgniter\Session\Handlers\FileHandler' driver.
DEBUG - 2025-07-23 07:28:43 --> Session: Class initialized using 'CodeIgniter\Session\Handlers\FileHandler' driver.
DEBUG - 2025-07-23 07:28:51 --> Session: Class initialized using 'CodeIgniter\Session\Handlers\FileHandler' driver.
DEBUG - 2025-07-23 07:28:51 --> Session: Class initialized using 'CodeIgniter\Session\Handlers\FileHandler' driver.
DEBUG - 2025-07-23 07:28:58 --> Session: Class initialized using 'CodeIgniter\Session\Handlers\FileHandler' driver.
DEBUG - 2025-07-23 07:28:58 --> Session: Class initialized using 'CodeIgniter\Session\Handlers\FileHandler' driver.
DEBUG - 2025-07-23 07:29:15 --> Session: Class initialized using 'CodeIgniter\Session\Handlers\FileHandler' driver.
DEBUG - 2025-07-23 07:29:16 --> Session: Class initialized using 'CodeIgniter\Session\Handlers\FileHandler' driver.
DEBUG - 2025-07-23 07:29:20 --> Session: Class initialized using 'CodeIgniter\Session\Handlers\FileHandler' driver.
DEBUG - 2025-07-23 07:29:20 --> Session: Class initialized using 'CodeIgniter\Session\Handlers\FileHandler' driver.
DEBUG - 2025-07-23 07:29:32 --> Session: Class initialized using 'CodeIgniter\Session\Handlers\FileHandler' driver.
DEBUG - 2025-07-23 07:29:32 --> Session: Class initialized using 'CodeIgniter\Session\Handlers\FileHandler' driver.
DEBUG - 2025-07-23 07:29:33 --> Session: Class initialized using 'CodeIgniter\Session\Handlers\FileHandler' driver.
DEBUG - 2025-07-23 07:29:33 --> Session: Class initialized using 'CodeIgniter\Session\Handlers\FileHandler' driver.
DEBUG - 2025-07-23 07:29:33 --> Session: Class initialized using 'CodeIgniter\Session\Handlers\FileHandler' driver.
DEBUG - 2025-07-23 07:30:21 --> Session: Class initialized using 'CodeIgniter\Session\Handlers\FileHandler' driver.
DEBUG - 2025-07-23 07:30:22 --> Session: Class initialized using 'CodeIgniter\Session\Handlers\FileHandler' driver.
DEBUG - 2025-07-23 07:30:23 --> Session: Class initialized using 'CodeIgniter\Session\Handlers\FileHandler' driver.
DEBUG - 2025-07-23 07:30:23 --> Session: Class initialized using 'CodeIgniter\Session\Handlers\FileHandler' driver.
DEBUG - 2025-07-23 07:30:24 --> Session: Class initialized using 'CodeIgniter\Session\Handlers\FileHandler' driver.
DEBUG - 2025-07-23 07:30:24 --> Session: Class initialized using 'CodeIgniter\Session\Handlers\FileHandler' driver.
DEBUG - 2025-07-23 07:30:36 --> Session: Class initialized using 'CodeIgniter\Session\Handlers\FileHandler' driver.
DEBUG - 2025-07-23 07:30:37 --> Session: Class initialized using 'CodeIgniter\Session\Handlers\FileHandler' driver.
DEBUG - 2025-07-23 07:30:42 --> Session: Class initialized using 'CodeIgniter\Session\Handlers\FileHandler' driver.
DEBUG - 2025-07-23 07:30:42 --> Session: Class initialized using 'CodeIgniter\Session\Handlers\FileHandler' driver.
DEBUG - 2025-07-23 07:31:05 --> Session: Class initialized using 'CodeIgniter\Session\Handlers\FileHandler' driver.
DEBUG - 2025-07-23 07:31:06 --> Session: Class initialized using 'CodeIgniter\Session\Handlers\FileHandler' driver.
DEBUG - 2025-07-23 07:31:07 --> Session: Class initialized using 'CodeIgniter\Session\Handlers\FileHandler' driver.
DEBUG - 2025-07-23 07:31:07 --> Session: Class initialized using 'CodeIgniter\Session\Handlers\FileHandler' driver.
DEBUG - 2025-07-23 07:31:08 --> Session: Class initialized using 'CodeIgniter\Session\Handlers\FileHandler' driver.
DEBUG - 2025-07-23 07:31:09 --> Session: Class initialized using 'CodeIgniter\Session\Handlers\FileHandler' driver.
DEBUG - 2025-07-23 07:31:14 --> Session: Class initialized using 'CodeIgniter\Session\Handlers\FileHandler' driver.
DEBUG - 2025-07-23 07:31:15 --> Session: Class initialized using 'CodeIgniter\Session\Handlers\FileHandler' driver.
DEBUG - 2025-07-23 07:31:16 --> Session: Class initialized using 'CodeIgniter\Session\Handlers\FileHandler' driver.
DEBUG - 2025-07-23 07:31:17 --> Session: Class initialized using 'CodeIgniter\Session\Handlers\FileHandler' driver.
DEBUG - 2025-07-23 07:31:17 --> Session: Class initialized using 'CodeIgniter\Session\Handlers\FileHandler' driver.
DEBUG - 2025-07-23 07:31:18 --> Session: Class initialized using 'CodeIgniter\Session\Handlers\FileHandler' driver.
DEBUG - 2025-07-23 07:39:18 --> Session: Class initialized using 'CodeIgniter\Session\Handlers\FileHandler' driver.
DEBUG - 2025-07-23 07:39:18 --> Session: Class initialized using 'CodeIgniter\Session\Handlers\FileHandler' driver.
DEBUG - 2025-07-23 07:39:57 --> Session: Class initialized using 'CodeIgniter\Session\Handlers\FileHandler' driver.
DEBUG - 2025-07-23 07:39:58 --> Session: Class initialized using 'CodeIgniter\Session\Handlers\FileHandler' driver.
DEBUG - 2025-07-23 07:40:51 --> Session: Class initialized using 'CodeIgniter\Session\Handlers\FileHandler' driver.
DEBUG - 2025-07-23 07:40:51 --> Session: Class initialized using 'CodeIgniter\Session\Handlers\FileHandler' driver.
DEBUG - 2025-07-23 07:41:05 --> Session: Class initialized using 'CodeIgniter\Session\Handlers\FileHandler' driver.
DEBUG - 2025-07-23 07:41:05 --> Session: Class initialized using 'CodeIgniter\Session\Handlers\FileHandler' driver.
DEBUG - 2025-07-23 07:47:07 --> Session: Class initialized using 'CodeIgniter\Session\Handlers\FileHandler' driver.
DEBUG - 2025-07-23 07:47:08 --> Session: Class initialized using 'CodeIgniter\Session\Handlers\FileHandler' driver.
DEBUG - 2025-07-23 07:48:06 --> Session: Class initialized using 'CodeIgniter\Session\Handlers\FileHandler' driver.
DEBUG - 2025-07-23 07:48:06 --> Session: Class initialized using 'CodeIgniter\Session\Handlers\FileHandler' driver.
DEBUG - 2025-07-23 07:48:15 --> Session: Class initialized using 'CodeIgniter\Session\Handlers\FileHandler' driver.
DEBUG - 2025-07-23 07:48:16 --> Session: Class initialized using 'CodeIgniter\Session\Handlers\FileHandler' driver.
DEBUG - 2025-07-23 07:48:21 --> Session: Class initialized using 'CodeIgniter\Session\Handlers\FileHandler' driver.
DEBUG - 2025-07-23 07:48:22 --> Session: Class initialized using 'CodeIgniter\Session\Handlers\FileHandler' driver.
DEBUG - 2025-07-23 07:49:12 --> Session: Class initialized using 'CodeIgniter\Session\Handlers\FileHandler' driver.
DEBUG - 2025-07-23 07:49:13 --> Session: Class initialized using 'CodeIgniter\Session\Handlers\FileHandler' driver.
DEBUG - 2025-07-23 07:55:43 --> Session: Class initialized using 'CodeIgniter\Session\Handlers\FileHandler' driver.
DEBUG - 2025-07-23 07:55:43 --> Session: Class initialized using 'CodeIgniter\Session\Handlers\FileHandler' driver.
CRITICAL - 2025-07-23 07:55:51 --> CodeIgniter\Database\Exceptions\DataException: There is no data to update.
[Method: POST, Route: child-barcodes/mark-out/541]
in SYSTEMPATH\BaseModel.php on line 1010.
 1 SYSTEMPATH\BaseModel.php(1010): CodeIgniter\Database\Exceptions\DataException::forEmptyDataset('update')
 2 SYSTEMPATH\Model.php(863): CodeIgniter\BaseModel->update([...], [])
 3 APPPATH\Controllers\ChildBarcodeController.php(120): CodeIgniter\Model->update('541', [...])
 4 SYSTEMPATH\CodeIgniter.php(933): App\Controllers\ChildBarcodeController->markOut('541')
 5 SYSTEMPATH\CodeIgniter.php(507): CodeIgniter\CodeIgniter->runController(Object(App\Controllers\ChildBarcodeController))
 6 SYSTEMPATH\CodeIgniter.php(354): CodeIgniter\CodeIgniter->handleRequest(null, Object(Config\Cache), false)
 7 SYSTEMPATH\Boot.php(334): CodeIgniter\CodeIgniter->run()
 8 SYSTEMPATH\Boot.php(67): CodeIgniter\Boot::runCodeIgniter(Object(CodeIgniter\CodeIgniter))
 9 FCPATH\index.php(56): CodeIgniter\Boot::bootWeb(Object(Config\Paths))
CRITICAL - 2025-07-23 07:56:36 --> CodeIgniter\Database\Exceptions\DataException: There is no data to update.
[Method: POST, Route: child-barcodes/mark-out/541]
in SYSTEMPATH\BaseModel.php on line 1010.
 1 SYSTEMPATH\BaseModel.php(1010): CodeIgniter\Database\Exceptions\DataException::forEmptyDataset('update')
 2 SYSTEMPATH\Model.php(863): CodeIgniter\BaseModel->update([...], [])
 3 APPPATH\Controllers\ChildBarcodeController.php(120): CodeIgniter\Model->update('541', [...])
 4 SYSTEMPATH\CodeIgniter.php(933): App\Controllers\ChildBarcodeController->markOut('541')
 5 SYSTEMPATH\CodeIgniter.php(507): CodeIgniter\CodeIgniter->runController(Object(App\Controllers\ChildBarcodeController))
 6 SYSTEMPATH\CodeIgniter.php(354): CodeIgniter\CodeIgniter->handleRequest(null, Object(Config\Cache), false)
 7 SYSTEMPATH\Boot.php(334): CodeIgniter\CodeIgniter->run()
 8 SYSTEMPATH\Boot.php(67): CodeIgniter\Boot::runCodeIgniter(Object(CodeIgniter\CodeIgniter))
 9 FCPATH\index.php(56): CodeIgniter\Boot::bootWeb(Object(Config\Paths))
CRITICAL - 2025-07-23 07:57:04 --> CodeIgniter\Database\Exceptions\DataException: There is no data to update.
[Method: POST, Route: child-barcodes/mark-out/543]
in SYSTEMPATH\BaseModel.php on line 1010.
 1 SYSTEMPATH\BaseModel.php(1010): CodeIgniter\Database\Exceptions\DataException::forEmptyDataset('update')
 2 SYSTEMPATH\Model.php(863): CodeIgniter\BaseModel->update([...], [])
 3 APPPATH\Controllers\ChildBarcodeController.php(120): CodeIgniter\Model->update('543', [...])
 4 SYSTEMPATH\CodeIgniter.php(933): App\Controllers\ChildBarcodeController->markOut('543')
 5 SYSTEMPATH\CodeIgniter.php(507): CodeIgniter\CodeIgniter->runController(Object(App\Controllers\ChildBarcodeController))
 6 SYSTEMPATH\CodeIgniter.php(354): CodeIgniter\CodeIgniter->handleRequest(null, Object(Config\Cache), false)
 7 SYSTEMPATH\Boot.php(334): CodeIgniter\CodeIgniter->run()
 8 SYSTEMPATH\Boot.php(67): CodeIgniter\Boot::runCodeIgniter(Object(CodeIgniter\CodeIgniter))
 9 FCPATH\index.php(56): CodeIgniter\Boot::bootWeb(Object(Config\Paths))
DEBUG - 2025-07-23 07:58:09 --> Session: Class initialized using 'CodeIgniter\Session\Handlers\FileHandler' driver.
DEBUG - 2025-07-23 07:58:10 --> Session: Class initialized using 'CodeIgniter\Session\Handlers\FileHandler' driver.
CRITICAL - 2025-07-23 07:58:16 --> CodeIgniter\Database\Exceptions\DataException: There is no data to update.
[Method: POST, Route: child-barcodes/mark-out/1088]
in SYSTEMPATH\BaseModel.php on line 1010.
 1 SYSTEMPATH\BaseModel.php(1010): CodeIgniter\Database\Exceptions\DataException::forEmptyDataset('update')
 2 SYSTEMPATH\Model.php(863): CodeIgniter\BaseModel->update([...], [])
 3 APPPATH\Controllers\ChildBarcodeController.php(120): CodeIgniter\Model->update('1088', [...])
 4 SYSTEMPATH\CodeIgniter.php(933): App\Controllers\ChildBarcodeController->markOut('1088')
 5 SYSTEMPATH\CodeIgniter.php(507): CodeIgniter\CodeIgniter->runController(Object(App\Controllers\ChildBarcodeController))
 6 SYSTEMPATH\CodeIgniter.php(354): CodeIgniter\CodeIgniter->handleRequest(null, Object(Config\Cache), false)
 7 SYSTEMPATH\Boot.php(334): CodeIgniter\CodeIgniter->run()
 8 SYSTEMPATH\Boot.php(67): CodeIgniter\Boot::runCodeIgniter(Object(CodeIgniter\CodeIgniter))
 9 FCPATH\index.php(56): CodeIgniter\Boot::bootWeb(Object(Config\Paths))
DEBUG - 2025-07-23 07:59:58 --> Session: Class initialized using 'CodeIgniter\Session\Handlers\FileHandler' driver.
DEBUG - 2025-07-23 07:59:59 --> Session: Class initialized using 'CodeIgniter\Session\Handlers\FileHandler' driver.
DEBUG - 2025-07-23 08:08:26 --> Session: Class initialized using 'CodeIgniter\Session\Handlers\FileHandler' driver.
DEBUG - 2025-07-23 08:08:26 --> Session: Class initialized using 'CodeIgniter\Session\Handlers\FileHandler' driver.
DEBUG - 2025-07-23 08:08:40 --> Session: Class initialized using 'CodeIgniter\Session\Handlers\FileHandler' driver.
DEBUG - 2025-07-23 08:08:40 --> Session: Class initialized using 'CodeIgniter\Session\Handlers\FileHandler' driver.
DEBUG - 2025-07-23 08:09:10 --> Session: Class initialized using 'CodeIgniter\Session\Handlers\FileHandler' driver.
DEBUG - 2025-07-23 08:09:10 --> Session: Class initialized using 'CodeIgniter\Session\Handlers\FileHandler' driver.
DEBUG - 2025-07-23 08:11:48 --> Session: Class initialized using 'CodeIgniter\Session\Handlers\FileHandler' driver.
DEBUG - 2025-07-23 08:11:48 --> Session: Class initialized using 'CodeIgniter\Session\Handlers\FileHandler' driver.
DEBUG - 2025-07-23 08:12:05 --> Session: Class initialized using 'CodeIgniter\Session\Handlers\FileHandler' driver.
DEBUG - 2025-07-23 08:12:05 --> Session: Class initialized using 'CodeIgniter\Session\Handlers\FileHandler' driver.
DEBUG - 2025-07-23 08:12:27 --> Session: Class initialized using 'CodeIgniter\Session\Handlers\FileHandler' driver.
DEBUG - 2025-07-23 08:12:28 --> Session: Class initialized using 'CodeIgniter\Session\Handlers\FileHandler' driver.
DEBUG - 2025-07-23 08:13:10 --> Session: Class initialized using 'CodeIgniter\Session\Handlers\FileHandler' driver.
DEBUG - 2025-07-23 08:13:11 --> Session: Class initialized using 'CodeIgniter\Session\Handlers\FileHandler' driver.
DEBUG - 2025-07-23 08:13:55 --> Session: Class initialized using 'CodeIgniter\Session\Handlers\FileHandler' driver.
DEBUG - 2025-07-23 08:13:56 --> Session: Class initialized using 'CodeIgniter\Session\Handlers\FileHandler' driver.
DEBUG - 2025-07-23 08:14:20 --> Session: Class initialized using 'CodeIgniter\Session\Handlers\FileHandler' driver.
DEBUG - 2025-07-23 08:14:20 --> Session: Class initialized using 'CodeIgniter\Session\Handlers\FileHandler' driver.
DEBUG - 2025-07-23 08:14:29 --> Session: Class initialized using 'CodeIgniter\Session\Handlers\FileHandler' driver.
DEBUG - 2025-07-23 08:14:30 --> Session: Class initialized using 'CodeIgniter\Session\Handlers\FileHandler' driver.
DEBUG - 2025-07-23 08:14:37 --> Session: Class initialized using 'CodeIgniter\Session\Handlers\FileHandler' driver.
DEBUG - 2025-07-23 08:14:37 --> Session: Class initialized using 'CodeIgniter\Session\Handlers\FileHandler' driver.
DEBUG - 2025-07-23 08:15:17 --> Session: Class initialized using 'CodeIgniter\Session\Handlers\FileHandler' driver.
DEBUG - 2025-07-23 08:15:17 --> Session: Class initialized using 'CodeIgniter\Session\Handlers\FileHandler' driver.
DEBUG - 2025-07-23 08:17:47 --> Session: Class initialized using 'CodeIgniter\Session\Handlers\FileHandler' driver.
DEBUG - 2025-07-23 08:17:48 --> Session: Class initialized using 'CodeIgniter\Session\Handlers\FileHandler' driver.
DEBUG - 2025-07-23 08:18:05 --> Session: Class initialized using 'CodeIgniter\Session\Handlers\FileHandler' driver.
DEBUG - 2025-07-23 08:18:05 --> Session: Class initialized using 'CodeIgniter\Session\Handlers\FileHandler' driver.
DEBUG - 2025-07-23 08:18:22 --> Session: Class initialized using 'CodeIgniter\Session\Handlers\FileHandler' driver.
DEBUG - 2025-07-23 08:18:23 --> Session: Class initialized using 'CodeIgniter\Session\Handlers\FileHandler' driver.
DEBUG - 2025-07-23 08:21:05 --> Session: Class initialized using 'CodeIgniter\Session\Handlers\FileHandler' driver.
DEBUG - 2025-07-23 08:21:05 --> Session: Class initialized using 'CodeIgniter\Session\Handlers\FileHandler' driver.
DEBUG - 2025-07-23 08:21:21 --> Session: Class initialized using 'CodeIgniter\Session\Handlers\FileHandler' driver.
DEBUG - 2025-07-23 08:21:22 --> Session: Class initialized using 'CodeIgniter\Session\Handlers\FileHandler' driver.
DEBUG - 2025-07-23 08:22:22 --> Session: Class initialized using 'CodeIgniter\Session\Handlers\FileHandler' driver.
DEBUG - 2025-07-23 08:22:22 --> Session: Class initialized using 'CodeIgniter\Session\Handlers\FileHandler' driver.
DEBUG - 2025-07-23 08:28:42 --> Session: Class initialized using 'CodeIgniter\Session\Handlers\FileHandler' driver.
DEBUG - 2025-07-23 08:28:43 --> Session: Class initialized using 'CodeIgniter\Session\Handlers\FileHandler' driver.
DEBUG - 2025-07-23 08:28:43 --> Session: Class initialized using 'CodeIgniter\Session\Handlers\FileHandler' driver.
DEBUG - 2025-07-23 08:28:44 --> Session: Class initialized using 'CodeIgniter\Session\Handlers\FileHandler' driver.
DEBUG - 2025-07-23 08:29:01 --> Session: Class initialized using 'CodeIgniter\Session\Handlers\FileHandler' driver.
DEBUG - 2025-07-23 08:29:01 --> Session: Class initialized using 'CodeIgniter\Session\Handlers\FileHandler' driver.
DEBUG - 2025-07-23 08:29:13 --> Session: Class initialized using 'CodeIgniter\Session\Handlers\FileHandler' driver.
DEBUG - 2025-07-23 08:29:13 --> Session: Class initialized using 'CodeIgniter\Session\Handlers\FileHandler' driver.
DEBUG - 2025-07-23 08:29:32 --> Session: Class initialized using 'CodeIgniter\Session\Handlers\FileHandler' driver.
DEBUG - 2025-07-23 08:29:33 --> Session: Class initialized using 'CodeIgniter\Session\Handlers\FileHandler' driver.
DEBUG - 2025-07-23 08:29:35 --> Session: Class initialized using 'CodeIgniter\Session\Handlers\FileHandler' driver.
DEBUG - 2025-07-23 08:29:35 --> Session: Class initialized using 'CodeIgniter\Session\Handlers\FileHandler' driver.
DEBUG - 2025-07-23 08:29:37 --> Session: Class initialized using 'CodeIgniter\Session\Handlers\FileHandler' driver.
DEBUG - 2025-07-23 08:29:37 --> Session: Class initialized using 'CodeIgniter\Session\Handlers\FileHandler' driver.
DEBUG - 2025-07-23 08:29:53 --> Session: Class initialized using 'CodeIgniter\Session\Handlers\FileHandler' driver.
DEBUG - 2025-07-23 08:29:53 --> Session: Class initialized using 'CodeIgniter\Session\Handlers\FileHandler' driver.
DEBUG - 2025-07-23 08:29:54 --> Session: Class initialized using 'CodeIgniter\Session\Handlers\FileHandler' driver.
DEBUG - 2025-07-23 08:29:54 --> Session: Class initialized using 'CodeIgniter\Session\Handlers\FileHandler' driver.
DEBUG - 2025-07-23 08:29:55 --> Session: Class initialized using 'CodeIgniter\Session\Handlers\FileHandler' driver.
DEBUG - 2025-07-23 08:29:55 --> Session: Class initialized using 'CodeIgniter\Session\Handlers\FileHandler' driver.
DEBUG - 2025-07-23 08:30:05 --> Session: Class initialized using 'CodeIgniter\Session\Handlers\FileHandler' driver.
DEBUG - 2025-07-23 08:30:05 --> Session: Class initialized using 'CodeIgniter\Session\Handlers\FileHandler' driver.
DEBUG - 2025-07-23 08:30:06 --> Session: Class initialized using 'CodeIgniter\Session\Handlers\FileHandler' driver.
DEBUG - 2025-07-23 08:30:06 --> Session: Class initialized using 'CodeIgniter\Session\Handlers\FileHandler' driver.
DEBUG - 2025-07-23 08:30:28 --> Session: Class initialized using 'CodeIgniter\Session\Handlers\FileHandler' driver.
DEBUG - 2025-07-23 08:30:28 --> Session: Class initialized using 'CodeIgniter\Session\Handlers\FileHandler' driver.
DEBUG - 2025-07-23 08:34:03 --> Session: Class initialized using 'CodeIgniter\Session\Handlers\FileHandler' driver.
DEBUG - 2025-07-23 08:34:04 --> Session: Class initialized using 'CodeIgniter\Session\Handlers\FileHandler' driver.
DEBUG - 2025-07-23 08:35:05 --> Session: Class initialized using 'CodeIgniter\Session\Handlers\FileHandler' driver.
DEBUG - 2025-07-23 08:35:05 --> Session: Class initialized using 'CodeIgniter\Session\Handlers\FileHandler' driver.
DEBUG - 2025-07-23 08:35:53 --> Session: Class initialized using 'CodeIgniter\Session\Handlers\FileHandler' driver.
DEBUG - 2025-07-23 08:35:53 --> Session: Class initialized using 'CodeIgniter\Session\Handlers\FileHandler' driver.
DEBUG - 2025-07-23 08:36:15 --> Session: Class initialized using 'CodeIgniter\Session\Handlers\FileHandler' driver.
DEBUG - 2025-07-23 08:36:15 --> Session: Class initialized using 'CodeIgniter\Session\Handlers\FileHandler' driver.
DEBUG - 2025-07-23 08:36:17 --> Session: Class initialized using 'CodeIgniter\Session\Handlers\FileHandler' driver.
DEBUG - 2025-07-23 08:36:17 --> Session: Class initialized using 'CodeIgniter\Session\Handlers\FileHandler' driver.
DEBUG - 2025-07-23 08:36:21 --> Session: Class initialized using 'CodeIgniter\Session\Handlers\FileHandler' driver.
DEBUG - 2025-07-23 08:36:21 --> Session: Class initialized using 'CodeIgniter\Session\Handlers\FileHandler' driver.
DEBUG - 2025-07-23 08:36:22 --> Session: Class initialized using 'CodeIgniter\Session\Handlers\FileHandler' driver.
DEBUG - 2025-07-23 08:36:22 --> Session: Class initialized using 'CodeIgniter\Session\Handlers\FileHandler' driver.
DEBUG - 2025-07-23 08:36:26 --> Session: Class initialized using 'CodeIgniter\Session\Handlers\FileHandler' driver.
DEBUG - 2025-07-23 08:36:27 --> Session: Class initialized using 'CodeIgniter\Session\Handlers\FileHandler' driver.
DEBUG - 2025-07-23 08:37:04 --> Session: Class initialized using 'CodeIgniter\Session\Handlers\FileHandler' driver.
DEBUG - 2025-07-23 08:37:05 --> Session: Class initialized using 'CodeIgniter\Session\Handlers\FileHandler' driver.
DEBUG - 2025-07-23 08:37:09 --> Session: Class initialized using 'CodeIgniter\Session\Handlers\FileHandler' driver.
DEBUG - 2025-07-23 08:37:09 --> Session: Class initialized using 'CodeIgniter\Session\Handlers\FileHandler' driver.
DEBUG - 2025-07-23 08:37:09 --> Session: Class initialized using 'CodeIgniter\Session\Handlers\FileHandler' driver.
DEBUG - 2025-07-23 08:37:18 --> Session: Class initialized using 'CodeIgniter\Session\Handlers\FileHandler' driver.
DEBUG - 2025-07-23 08:37:18 --> Session: Class initialized using 'CodeIgniter\Session\Handlers\FileHandler' driver.
DEBUG - 2025-07-23 08:37:19 --> Session: Class initialized using 'CodeIgniter\Session\Handlers\FileHandler' driver.
DEBUG - 2025-07-23 08:38:21 --> Session: Class initialized using 'CodeIgniter\Session\Handlers\FileHandler' driver.
DEBUG - 2025-07-23 08:38:21 --> Session: Class initialized using 'CodeIgniter\Session\Handlers\FileHandler' driver.
DEBUG - 2025-07-23 08:38:32 --> Session: Class initialized using 'CodeIgniter\Session\Handlers\FileHandler' driver.
DEBUG - 2025-07-23 08:38:32 --> Session: Class initialized using 'CodeIgniter\Session\Handlers\FileHandler' driver.
DEBUG - 2025-07-23 08:38:33 --> Session: Class initialized using 'CodeIgniter\Session\Handlers\FileHandler' driver.
DEBUG - 2025-07-23 08:38:34 --> Session: Class initialized using 'CodeIgniter\Session\Handlers\FileHandler' driver.
DEBUG - 2025-07-23 08:38:41 --> Session: Class initialized using 'CodeIgniter\Session\Handlers\FileHandler' driver.
DEBUG - 2025-07-23 08:38:42 --> Session: Class initialized using 'CodeIgniter\Session\Handlers\FileHandler' driver.
DEBUG - 2025-07-23 08:39:36 --> Session: Class initialized using 'CodeIgniter\Session\Handlers\FileHandler' driver.
DEBUG - 2025-07-23 08:39:36 --> Session: Class initialized using 'CodeIgniter\Session\Handlers\FileHandler' driver.
DEBUG - 2025-07-23 08:42:03 --> Session: Class initialized using 'CodeIgniter\Session\Handlers\FileHandler' driver.
DEBUG - 2025-07-23 08:42:04 --> Session: Class initialized using 'CodeIgniter\Session\Handlers\FileHandler' driver.
DEBUG - 2025-07-23 08:42:50 --> Session: Class initialized using 'CodeIgniter\Session\Handlers\FileHandler' driver.
DEBUG - 2025-07-23 08:42:50 --> Session: Class initialized using 'CodeIgniter\Session\Handlers\FileHandler' driver.
DEBUG - 2025-07-23 08:43:15 --> Session: Class initialized using 'CodeIgniter\Session\Handlers\FileHandler' driver.
DEBUG - 2025-07-23 08:43:15 --> Session: Class initialized using 'CodeIgniter\Session\Handlers\FileHandler' driver.
DEBUG - 2025-07-23 08:44:23 --> Session: Class initialized using 'CodeIgniter\Session\Handlers\FileHandler' driver.
DEBUG - 2025-07-23 08:44:23 --> Session: Class initialized using 'CodeIgniter\Session\Handlers\FileHandler' driver.
DEBUG - 2025-07-23 08:44:57 --> Session: Class initialized using 'CodeIgniter\Session\Handlers\FileHandler' driver.
DEBUG - 2025-07-23 08:44:58 --> Session: Class initialized using 'CodeIgniter\Session\Handlers\FileHandler' driver.
DEBUG - 2025-07-23 08:45:29 --> Session: Class initialized using 'CodeIgniter\Session\Handlers\FileHandler' driver.
DEBUG - 2025-07-23 08:45:29 --> Session: Class initialized using 'CodeIgniter\Session\Handlers\FileHandler' driver.
DEBUG - 2025-07-23 08:45:58 --> Session: Class initialized using 'CodeIgniter\Session\Handlers\FileHandler' driver.
DEBUG - 2025-07-23 08:45:58 --> Session: Class initialized using 'CodeIgniter\Session\Handlers\FileHandler' driver.
DEBUG - 2025-07-23 08:46:43 --> Session: Class initialized using 'CodeIgniter\Session\Handlers\FileHandler' driver.
DEBUG - 2025-07-23 08:46:43 --> Session: Class initialized using 'CodeIgniter\Session\Handlers\FileHandler' driver.
DEBUG - 2025-07-23 08:47:01 --> Session: Class initialized using 'CodeIgniter\Session\Handlers\FileHandler' driver.
DEBUG - 2025-07-23 08:47:01 --> Session: Class initialized using 'CodeIgniter\Session\Handlers\FileHandler' driver.
DEBUG - 2025-07-23 08:47:20 --> Session: Class initialized using 'CodeIgniter\Session\Handlers\FileHandler' driver.
DEBUG - 2025-07-23 08:47:20 --> Session: Class initialized using 'CodeIgniter\Session\Handlers\FileHandler' driver.
DEBUG - 2025-07-23 08:47:26 --> Session: Class initialized using 'CodeIgniter\Session\Handlers\FileHandler' driver.
DEBUG - 2025-07-23 08:47:26 --> Session: Class initialized using 'CodeIgniter\Session\Handlers\FileHandler' driver.
DEBUG - 2025-07-23 08:52:36 --> Session: Class initialized using 'CodeIgniter\Session\Handlers\FileHandler' driver.
DEBUG - 2025-07-23 08:52:37 --> Session: Class initialized using 'CodeIgniter\Session\Handlers\FileHandler' driver.
DEBUG - 2025-07-23 08:52:56 --> Session: Class initialized using 'CodeIgniter\Session\Handlers\FileHandler' driver.
DEBUG - 2025-07-23 08:52:56 --> Session: Class initialized using 'CodeIgniter\Session\Handlers\FileHandler' driver.
DEBUG - 2025-07-23 08:53:03 --> Session: Class initialized using 'CodeIgniter\Session\Handlers\FileHandler' driver.
DEBUG - 2025-07-23 08:53:04 --> Session: Class initialized using 'CodeIgniter\Session\Handlers\FileHandler' driver.
DEBUG - 2025-07-23 08:53:10 --> Session: Class initialized using 'CodeIgniter\Session\Handlers\FileHandler' driver.
DEBUG - 2025-07-23 08:53:11 --> Session: Class initialized using 'CodeIgniter\Session\Handlers\FileHandler' driver.
DEBUG - 2025-07-23 08:53:15 --> Session: Class initialized using 'CodeIgniter\Session\Handlers\FileHandler' driver.
DEBUG - 2025-07-23 08:53:16 --> Session: Class initialized using 'CodeIgniter\Session\Handlers\FileHandler' driver.
DEBUG - 2025-07-23 08:53:33 --> Session: Class initialized using 'CodeIgniter\Session\Handlers\FileHandler' driver.
DEBUG - 2025-07-23 08:53:34 --> Session: Class initialized using 'CodeIgniter\Session\Handlers\FileHandler' driver.
DEBUG - 2025-07-23 08:54:06 --> Session: Class initialized using 'CodeIgniter\Session\Handlers\FileHandler' driver.
DEBUG - 2025-07-23 08:54:07 --> Session: Class initialized using 'CodeIgniter\Session\Handlers\FileHandler' driver.
DEBUG - 2025-07-23 08:59:58 --> Session: Class initialized using 'CodeIgniter\Session\Handlers\FileHandler' driver.
DEBUG - 2025-07-23 08:59:59 --> Session: Class initialized using 'CodeIgniter\Session\Handlers\FileHandler' driver.
DEBUG - 2025-07-23 09:04:03 --> Session: Class initialized using 'CodeIgniter\Session\Handlers\FileHandler' driver.
DEBUG - 2025-07-23 09:04:04 --> Session: Class initialized using 'CodeIgniter\Session\Handlers\FileHandler' driver.
DEBUG - 2025-07-23 09:04:10 --> Session: Class initialized using 'CodeIgniter\Session\Handlers\FileHandler' driver.
DEBUG - 2025-07-23 09:04:10 --> Session: Class initialized using 'CodeIgniter\Session\Handlers\FileHandler' driver.
DEBUG - 2025-07-23 10:03:53 --> Session: Class initialized using 'CodeIgniter\Session\Handlers\FileHandler' driver.
DEBUG - 2025-07-23 10:03:54 --> Session: Class initialized using 'CodeIgniter\Session\Handlers\FileHandler' driver.
DEBUG - 2025-07-23 10:03:55 --> Session: Class initialized using 'CodeIgniter\Session\Handlers\FileHandler' driver.
DEBUG - 2025-07-23 10:03:55 --> Session: Class initialized using 'CodeIgniter\Session\Handlers\FileHandler' driver.
DEBUG - 2025-07-23 10:03:56 --> Session: Class initialized using 'CodeIgniter\Session\Handlers\FileHandler' driver.
DEBUG - 2025-07-23 10:03:56 --> Session: Class initialized using 'CodeIgniter\Session\Handlers\FileHandler' driver.
DEBUG - 2025-07-23 10:03:57 --> Session: Class initialized using 'CodeIgniter\Session\Handlers\FileHandler' driver.
DEBUG - 2025-07-23 10:03:58 --> Session: Class initialized using 'CodeIgniter\Session\Handlers\FileHandler' driver.
DEBUG - 2025-07-23 10:04:01 --> Session: Class initialized using 'CodeIgniter\Session\Handlers\FileHandler' driver.
DEBUG - 2025-07-23 10:04:01 --> Session: Class initialized using 'CodeIgniter\Session\Handlers\FileHandler' driver.
DEBUG - 2025-07-23 10:04:04 --> Session: Class initialized using 'CodeIgniter\Session\Handlers\FileHandler' driver.
DEBUG - 2025-07-23 10:04:04 --> Session: Class initialized using 'CodeIgniter\Session\Handlers\FileHandler' driver.
DEBUG - 2025-07-23 10:04:06 --> Session: Class initialized using 'CodeIgniter\Session\Handlers\FileHandler' driver.
DEBUG - 2025-07-23 10:04:06 --> Session: Class initialized using 'CodeIgniter\Session\Handlers\FileHandler' driver.
DEBUG - 2025-07-23 10:04:09 --> Session: Class initialized using 'CodeIgniter\Session\Handlers\FileHandler' driver.
DEBUG - 2025-07-23 10:04:09 --> Session: Class initialized using 'CodeIgniter\Session\Handlers\FileHandler' driver.
DEBUG - 2025-07-23 10:04:09 --> Session: Class initialized using 'CodeIgniter\Session\Handlers\FileHandler' driver.
DEBUG - 2025-07-23 10:04:16 --> Session: Class initialized using 'CodeIgniter\Session\Handlers\FileHandler' driver.
DEBUG - 2025-07-23 10:04:16 --> Session: Class initialized using 'CodeIgniter\Session\Handlers\FileHandler' driver.
DEBUG - 2025-07-23 10:04:17 --> Session: Class initialized using 'CodeIgniter\Session\Handlers\FileHandler' driver.
DEBUG - 2025-07-23 10:04:19 --> Session: Class initialized using 'CodeIgniter\Session\Handlers\FileHandler' driver.
DEBUG - 2025-07-23 10:04:20 --> Session: Class initialized using 'CodeIgniter\Session\Handlers\FileHandler' driver.
DEBUG - 2025-07-23 10:04:21 --> Session: Class initialized using 'CodeIgniter\Session\Handlers\FileHandler' driver.
DEBUG - 2025-07-23 10:04:22 --> Session: Class initialized using 'CodeIgniter\Session\Handlers\FileHandler' driver.
DEBUG - 2025-07-23 10:05:20 --> Session: Class initialized using 'CodeIgniter\Session\Handlers\FileHandler' driver.
DEBUG - 2025-07-23 10:05:20 --> Session: Class initialized using 'CodeIgniter\Session\Handlers\FileHandler' driver.
DEBUG - 2025-07-23 10:05:20 --> Session: Class initialized using 'CodeIgniter\Session\Handlers\FileHandler' driver.
DEBUG - 2025-07-23 10:05:22 --> Session: Class initialized using 'CodeIgniter\Session\Handlers\FileHandler' driver.
DEBUG - 2025-07-23 10:05:23 --> Session: Class initialized using 'CodeIgniter\Session\Handlers\FileHandler' driver.
DEBUG - 2025-07-23 10:05:23 --> Session: Class initialized using 'CodeIgniter\Session\Handlers\FileHandler' driver.
DEBUG - 2025-07-23 10:05:25 --> Session: Class initialized using 'CodeIgniter\Session\Handlers\FileHandler' driver.
DEBUG - 2025-07-23 10:05:26 --> Session: Class initialized using 'CodeIgniter\Session\Handlers\FileHandler' driver.
DEBUG - 2025-07-23 10:05:26 --> Session: Class initialized using 'CodeIgniter\Session\Handlers\FileHandler' driver.
DEBUG - 2025-07-23 10:05:27 --> Session: Class initialized using 'CodeIgniter\Session\Handlers\FileHandler' driver.
DEBUG - 2025-07-23 10:05:28 --> Session: Class initialized using 'CodeIgniter\Session\Handlers\FileHandler' driver.
DEBUG - 2025-07-23 10:05:29 --> Session: Class initialized using 'CodeIgniter\Session\Handlers\FileHandler' driver.
DEBUG - 2025-07-23 10:05:31 --> Session: Class initialized using 'CodeIgniter\Session\Handlers\FileHandler' driver.
DEBUG - 2025-07-23 10:05:31 --> Session: Class initialized using 'CodeIgniter\Session\Handlers\FileHandler' driver.
DEBUG - 2025-07-23 10:05:34 --> Session: Class initialized using 'CodeIgniter\Session\Handlers\FileHandler' driver.
DEBUG - 2025-07-23 10:05:34 --> Session: Class initialized using 'CodeIgniter\Session\Handlers\FileHandler' driver.
DEBUG - 2025-07-23 10:05:34 --> Session: Class initialized using 'CodeIgniter\Session\Handlers\FileHandler' driver.
DEBUG - 2025-07-23 10:05:52 --> Session: Class initialized using 'CodeIgniter\Session\Handlers\FileHandler' driver.
DEBUG - 2025-07-23 10:05:52 --> Session: Class initialized using 'CodeIgniter\Session\Handlers\FileHandler' driver.
DEBUG - 2025-07-23 10:05:52 --> Session: Class initialized using 'CodeIgniter\Session\Handlers\FileHandler' driver.
DEBUG - 2025-07-23 10:05:55 --> Session: Class initialized using 'CodeIgniter\Session\Handlers\FileHandler' driver.
DEBUG - 2025-07-23 10:05:55 --> Session: Class initialized using 'CodeIgniter\Session\Handlers\FileHandler' driver.
DEBUG - 2025-07-23 10:05:55 --> Session: Class initialized using 'CodeIgniter\Session\Handlers\FileHandler' driver.
DEBUG - 2025-07-23 10:05:56 --> Session: Class initialized using 'CodeIgniter\Session\Handlers\FileHandler' driver.
DEBUG - 2025-07-23 10:06:05 --> Session: Class initialized using 'CodeIgniter\Session\Handlers\FileHandler' driver.
DEBUG - 2025-07-23 10:06:06 --> Session: Class initialized using 'CodeIgniter\Session\Handlers\FileHandler' driver.
DEBUG - 2025-07-23 10:06:19 --> Session: Class initialized using 'CodeIgniter\Session\Handlers\FileHandler' driver.
ERROR - 2025-07-23 10:06:19 --> mysqli_sql_exception: Duplicate entry 'PINE-INV-005' for key 'barcode_value' in C:\xampp\htdocs\pinestore\system\Database\MySQLi\Connection.php:327
Stack trace:
#0 C:\xampp\htdocs\pinestore\system\Database\MySQLi\Connection.php(327): mysqli->query('INSERT INTO `pi...', 0)
#1 C:\xampp\htdocs\pinestore\system\Database\BaseConnection.php(738): CodeIgniter\Database\MySQLi\Connection->execute('INSERT INTO `pi...')
#2 C:\xampp\htdocs\pinestore\system\Database\BaseConnection.php(652): CodeIgniter\Database\BaseConnection->simpleQuery('INSERT INTO `pi...')
#3 C:\xampp\htdocs\pinestore\system\Database\BaseBuilder.php(2345): CodeIgniter\Database\BaseConnection->query('INSERT INTO `pi...', Array, false)
#4 C:\xampp\htdocs\pinestore\system\Model.php(394): CodeIgniter\Database\BaseBuilder->insert()
#5 C:\xampp\htdocs\pinestore\system\BaseModel.php(839): CodeIgniter\Model->doInsert(Array)
#6 C:\xampp\htdocs\pinestore\system\Model.php(800): CodeIgniter\BaseModel->insert(Array, true)
#7 C:\xampp\htdocs\pinestore\app\Controllers\BarcodeController.php(84): CodeIgniter\Model->insert(Array)
#8 C:\xampp\htdocs\pinestore\system\CodeIgniter.php(933): App\Controllers\BarcodeController->generate()
#9 C:\xampp\htdocs\pinestore\system\CodeIgniter.php(507): CodeIgniter\CodeIgniter->runController(Object(App\Controllers\BarcodeController))
#10 C:\xampp\htdocs\pinestore\system\CodeIgniter.php(354): CodeIgniter\CodeIgniter->handleRequest(NULL, Object(Config\Cache), false)
#11 C:\xampp\htdocs\pinestore\system\Boot.php(334): CodeIgniter\CodeIgniter->run()
#12 C:\xampp\htdocs\pinestore\system\Boot.php(67): CodeIgniter\Boot::runCodeIgniter(Object(CodeIgniter\CodeIgniter))
#13 C:\xampp\htdocs\pinestore\index.php(56): CodeIgniter\Boot::bootWeb(Object(Config\Paths))
#14 {main}
CRITICAL - 2025-07-23 10:06:19 --> CodeIgniter\Database\Exceptions\DatabaseException: Duplicate entry 'PINE-INV-005' for key 'barcode_value'
[Method: POST, Route: barcode/generate]
in SYSTEMPATH\Database\BaseConnection.php on line 692.
 1 SYSTEMPATH\Database\BaseBuilder.php(2345): CodeIgniter\Database\BaseConnection->query('INSERT INTO `pine_store_warehouse_barcodes` (`rack_product_id`, `barcode_value`, `qr_image_path`, `generated_by`) VALUES (:rack_product_id:, :barcode_value:, :qr_image_path:, :generated_by:)', [...], false)
 2 SYSTEMPATH\Model.php(394): CodeIgniter\Database\BaseBuilder->insert()
 3 SYSTEMPATH\BaseModel.php(839): CodeIgniter\Model->doInsert([...])
 4 SYSTEMPATH\Model.php(800): CodeIgniter\BaseModel->insert([...], true)
 5 APPPATH\Controllers\BarcodeController.php(84): CodeIgniter\Model->insert([...])
 6 SYSTEMPATH\CodeIgniter.php(933): App\Controllers\BarcodeController->generate()
 7 SYSTEMPATH\CodeIgniter.php(507): CodeIgniter\CodeIgniter->runController(Object(App\Controllers\BarcodeController))
 8 SYSTEMPATH\CodeIgniter.php(354): CodeIgniter\CodeIgniter->handleRequest(null, Object(Config\Cache), false)
 9 SYSTEMPATH\Boot.php(334): CodeIgniter\CodeIgniter->run()
10 SYSTEMPATH\Boot.php(67): CodeIgniter\Boot::runCodeIgniter(Object(CodeIgniter\CodeIgniter))
11 FCPATH\index.php(56): CodeIgniter\Boot::bootWeb(Object(Config\Paths))
CRITICAL - 2025-07-23 10:06:19 --> [Caused by] CodeIgniter\Database\Exceptions\DatabaseException: Duplicate entry 'PINE-INV-005' for key 'barcode_value'
in SYSTEMPATH\Database\MySQLi\Connection.php on line 332.
 1 SYSTEMPATH\Database\BaseConnection.php(738): CodeIgniter\Database\MySQLi\Connection->execute('INSERT INTO `pine_store_warehouse_barcodes` (`rack_product_id`, `barcode_value`, `qr_image_path`, `generated_by`) VALUES (\'105\', \'PINE-INV-005\', \'/barcodes/PINE-INV-005_1753265178.png\', \'Vaibhav Ashok Panchal \')')
 2 SYSTEMPATH\Database\BaseConnection.php(652): CodeIgniter\Database\BaseConnection->simpleQuery('INSERT INTO `pine_store_warehouse_barcodes` (`rack_product_id`, `barcode_value`, `qr_image_path`, `generated_by`) VALUES (\'105\', \'PINE-INV-005\', \'/barcodes/PINE-INV-005_1753265178.png\', \'Vaibhav Ashok Panchal \')')
 3 SYSTEMPATH\Database\BaseBuilder.php(2345): CodeIgniter\Database\BaseConnection->query('INSERT INTO `pine_store_warehouse_barcodes` (`rack_product_id`, `barcode_value`, `qr_image_path`, `generated_by`) VALUES (:rack_product_id:, :barcode_value:, :qr_image_path:, :generated_by:)', [...], false)
 4 SYSTEMPATH\Model.php(394): CodeIgniter\Database\BaseBuilder->insert()
 5 SYSTEMPATH\BaseModel.php(839): CodeIgniter\Model->doInsert([...])
 6 SYSTEMPATH\Model.php(800): CodeIgniter\BaseModel->insert([...], true)
 7 APPPATH\Controllers\BarcodeController.php(84): CodeIgniter\Model->insert([...])
 8 SYSTEMPATH\CodeIgniter.php(933): App\Controllers\BarcodeController->generate()
 9 SYSTEMPATH\CodeIgniter.php(507): CodeIgniter\CodeIgniter->runController(Object(App\Controllers\BarcodeController))
10 SYSTEMPATH\CodeIgniter.php(354): CodeIgniter\CodeIgniter->handleRequest(null, Object(Config\Cache), false)
11 SYSTEMPATH\Boot.php(334): CodeIgniter\CodeIgniter->run()
12 SYSTEMPATH\Boot.php(67): CodeIgniter\Boot::runCodeIgniter(Object(CodeIgniter\CodeIgniter))
13 FCPATH\index.php(56): CodeIgniter\Boot::bootWeb(Object(Config\Paths))
CRITICAL - 2025-07-23 10:06:19 --> [Caused by] mysqli_sql_exception: Duplicate entry 'PINE-INV-005' for key 'barcode_value'
in SYSTEMPATH\Database\MySQLi\Connection.php on line 327.
 1 SYSTEMPATH\Database\MySQLi\Connection.php(327): mysqli->query('INSERT INTO `pine_store_warehouse_barcodes` (`rack_product_id`, `barcode_value`, `qr_image_path`, `generated_by`) VALUES (\'105\', \'PINE-INV-005\', \'/barcodes/PINE-INV-005_1753265178.png\', \'Vaibhav Ashok Panchal \')', 0)
 2 SYSTEMPATH\Database\BaseConnection.php(738): CodeIgniter\Database\MySQLi\Connection->execute('INSERT INTO `pine_store_warehouse_barcodes` (`rack_product_id`, `barcode_value`, `qr_image_path`, `generated_by`) VALUES (\'105\', \'PINE-INV-005\', \'/barcodes/PINE-INV-005_1753265178.png\', \'Vaibhav Ashok Panchal \')')
 3 SYSTEMPATH\Database\BaseConnection.php(652): CodeIgniter\Database\BaseConnection->simpleQuery('INSERT INTO `pine_store_warehouse_barcodes` (`rack_product_id`, `barcode_value`, `qr_image_path`, `generated_by`) VALUES (\'105\', \'PINE-INV-005\', \'/barcodes/PINE-INV-005_1753265178.png\', \'Vaibhav Ashok Panchal \')')
 4 SYSTEMPATH\Database\BaseBuilder.php(2345): CodeIgniter\Database\BaseConnection->query('INSERT INTO `pine_store_warehouse_barcodes` (`rack_product_id`, `barcode_value`, `qr_image_path`, `generated_by`) VALUES (:rack_product_id:, :barcode_value:, :qr_image_path:, :generated_by:)', [...], false)
 5 SYSTEMPATH\Model.php(394): CodeIgniter\Database\BaseBuilder->insert()
 6 SYSTEMPATH\BaseModel.php(839): CodeIgniter\Model->doInsert([...])
 7 SYSTEMPATH\Model.php(800): CodeIgniter\BaseModel->insert([...], true)
 8 APPPATH\Controllers\BarcodeController.php(84): CodeIgniter\Model->insert([...])
 9 SYSTEMPATH\CodeIgniter.php(933): App\Controllers\BarcodeController->generate()
10 SYSTEMPATH\CodeIgniter.php(507): CodeIgniter\CodeIgniter->runController(Object(App\Controllers\BarcodeController))
11 SYSTEMPATH\CodeIgniter.php(354): CodeIgniter\CodeIgniter->handleRequest(null, Object(Config\Cache), false)
12 SYSTEMPATH\Boot.php(334): CodeIgniter\CodeIgniter->run()
13 SYSTEMPATH\Boot.php(67): CodeIgniter\Boot::runCodeIgniter(Object(CodeIgniter\CodeIgniter))
14 FCPATH\index.php(56): CodeIgniter\Boot::bootWeb(Object(Config\Paths))
DEBUG - 2025-07-23 10:06:24 --> Session: Class initialized using 'CodeIgniter\Session\Handlers\FileHandler' driver.
DEBUG - 2025-07-23 10:06:26 --> Session: Class initialized using 'CodeIgniter\Session\Handlers\FileHandler' driver.
DEBUG - 2025-07-23 10:06:32 --> Session: Class initialized using 'CodeIgniter\Session\Handlers\FileHandler' driver.
DEBUG - 2025-07-23 10:06:33 --> Session: Class initialized using 'CodeIgniter\Session\Handlers\FileHandler' driver.
DEBUG - 2025-07-23 10:06:33 --> Session: Class initialized using 'CodeIgniter\Session\Handlers\FileHandler' driver.
DEBUG - 2025-07-23 10:08:10 --> Session: Class initialized using 'CodeIgniter\Session\Handlers\FileHandler' driver.
DEBUG - 2025-07-23 10:08:11 --> Session: Class initialized using 'CodeIgniter\Session\Handlers\FileHandler' driver.
DEBUG - 2025-07-23 10:08:13 --> Session: Class initialized using 'CodeIgniter\Session\Handlers\FileHandler' driver.
DEBUG - 2025-07-23 10:08:13 --> Session: Class initialized using 'CodeIgniter\Session\Handlers\FileHandler' driver.
DEBUG - 2025-07-23 10:08:15 --> Session: Class initialized using 'CodeIgniter\Session\Handlers\FileHandler' driver.
DEBUG - 2025-07-23 10:08:16 --> Session: Class initialized using 'CodeIgniter\Session\Handlers\FileHandler' driver.
DEBUG - 2025-07-23 10:08:18 --> Session: Class initialized using 'CodeIgniter\Session\Handlers\FileHandler' driver.
DEBUG - 2025-07-23 10:08:18 --> Session: Class initialized using 'CodeIgniter\Session\Handlers\FileHandler' driver.
DEBUG - 2025-07-23 10:08:21 --> Session: Class initialized using 'CodeIgniter\Session\Handlers\FileHandler' driver.
DEBUG - 2025-07-23 10:08:21 --> Session: Class initialized using 'CodeIgniter\Session\Handlers\FileHandler' driver.
DEBUG - 2025-07-23 10:11:19 --> Session: Class initialized using 'CodeIgniter\Session\Handlers\FileHandler' driver.
DEBUG - 2025-07-23 10:11:19 --> Session: Class initialized using 'CodeIgniter\Session\Handlers\FileHandler' driver.
DEBUG - 2025-07-23 10:11:21 --> Session: Class initialized using 'CodeIgniter\Session\Handlers\FileHandler' driver.
DEBUG - 2025-07-23 10:11:22 --> Session: Class initialized using 'CodeIgniter\Session\Handlers\FileHandler' driver.
DEBUG - 2025-07-23 10:11:24 --> Session: Class initialized using 'CodeIgniter\Session\Handlers\FileHandler' driver.
DEBUG - 2025-07-23 10:11:25 --> Session: Class initialized using 'CodeIgniter\Session\Handlers\FileHandler' driver.
DEBUG - 2025-07-23 10:11:27 --> Session: Class initialized using 'CodeIgniter\Session\Handlers\FileHandler' driver.
DEBUG - 2025-07-23 10:11:27 --> Session: Class initialized using 'CodeIgniter\Session\Handlers\FileHandler' driver.
DEBUG - 2025-07-23 10:11:28 --> Session: Class initialized using 'CodeIgniter\Session\Handlers\FileHandler' driver.
DEBUG - 2025-07-23 10:11:28 --> Session: Class initialized using 'CodeIgniter\Session\Handlers\FileHandler' driver.
DEBUG - 2025-07-23 10:11:30 --> Session: Class initialized using 'CodeIgniter\Session\Handlers\FileHandler' driver.
DEBUG - 2025-07-23 10:11:31 --> Session: Class initialized using 'CodeIgniter\Session\Handlers\FileHandler' driver.
DEBUG - 2025-07-23 10:11:32 --> Session: Class initialized using 'CodeIgniter\Session\Handlers\FileHandler' driver.
DEBUG - 2025-07-23 10:11:46 --> Session: Class initialized using 'CodeIgniter\Session\Handlers\FileHandler' driver.
DEBUG - 2025-07-23 10:11:46 --> Session: Class initialized using 'CodeIgniter\Session\Handlers\FileHandler' driver.
DEBUG - 2025-07-23 10:11:47 --> Session: Class initialized using 'CodeIgniter\Session\Handlers\FileHandler' driver.
DEBUG - 2025-07-23 10:11:52 --> Session: Class initialized using 'CodeIgniter\Session\Handlers\FileHandler' driver.
DEBUG - 2025-07-23 10:11:53 --> Session: Class initialized using 'CodeIgniter\Session\Handlers\FileHandler' driver.
DEBUG - 2025-07-23 10:11:54 --> Session: Class initialized using 'CodeIgniter\Session\Handlers\FileHandler' driver.
DEBUG - 2025-07-23 10:11:54 --> Session: Class initialized using 'CodeIgniter\Session\Handlers\FileHandler' driver.
DEBUG - 2025-07-23 10:12:18 --> Session: Class initialized using 'CodeIgniter\Session\Handlers\FileHandler' driver.
DEBUG - 2025-07-23 10:12:19 --> Session: Class initialized using 'CodeIgniter\Session\Handlers\FileHandler' driver.
DEBUG - 2025-07-23 10:16:07 --> Session: Class initialized using 'CodeIgniter\Session\Handlers\FileHandler' driver.
DEBUG - 2025-07-23 10:16:07 --> Session: Class initialized using 'CodeIgniter\Session\Handlers\FileHandler' driver.
DEBUG - 2025-07-23 10:16:09 --> Session: Class initialized using 'CodeIgniter\Session\Handlers\FileHandler' driver.
DEBUG - 2025-07-23 10:16:09 --> Session: Class initialized using 'CodeIgniter\Session\Handlers\FileHandler' driver.
DEBUG - 2025-07-23 10:16:11 --> Session: Class initialized using 'CodeIgniter\Session\Handlers\FileHandler' driver.
DEBUG - 2025-07-23 10:16:12 --> Session: Class initialized using 'CodeIgniter\Session\Handlers\FileHandler' driver.
DEBUG - 2025-07-23 10:16:12 --> Session: Class initialized using 'CodeIgniter\Session\Handlers\FileHandler' driver.
DEBUG - 2025-07-23 10:16:19 --> Session: Class initialized using 'CodeIgniter\Session\Handlers\FileHandler' driver.
DEBUG - 2025-07-23 10:16:20 --> Session: Class initialized using 'CodeIgniter\Session\Handlers\FileHandler' driver.
DEBUG - 2025-07-23 10:16:20 --> Session: Class initialized using 'CodeIgniter\Session\Handlers\FileHandler' driver.
DEBUG - 2025-07-23 10:16:22 --> Session: Class initialized using 'CodeIgniter\Session\Handlers\FileHandler' driver.
DEBUG - 2025-07-23 10:16:22 --> Session: Class initialized using 'CodeIgniter\Session\Handlers\FileHandler' driver.
DEBUG - 2025-07-23 10:16:23 --> Session: Class initialized using 'CodeIgniter\Session\Handlers\FileHandler' driver.
DEBUG - 2025-07-23 10:16:23 --> Session: Class initialized using 'CodeIgniter\Session\Handlers\FileHandler' driver.
DEBUG - 2025-07-23 10:16:33 --> Session: Class initialized using 'CodeIgniter\Session\Handlers\FileHandler' driver.
DEBUG - 2025-07-23 10:16:33 --> Session: Class initialized using 'CodeIgniter\Session\Handlers\FileHandler' driver.
DEBUG - 2025-07-23 10:20:02 --> Session: Class initialized using 'CodeIgniter\Session\Handlers\FileHandler' driver.
DEBUG - 2025-07-23 10:20:03 --> Session: Class initialized using 'CodeIgniter\Session\Handlers\FileHandler' driver.
DEBUG - 2025-07-23 10:20:04 --> Session: Class initialized using 'CodeIgniter\Session\Handlers\FileHandler' driver.
DEBUG - 2025-07-23 10:23:25 --> Session: Class initialized using 'CodeIgniter\Session\Handlers\FileHandler' driver.
DEBUG - 2025-07-23 10:23:25 --> Session: Class initialized using 'CodeIgniter\Session\Handlers\FileHandler' driver.
DEBUG - 2025-07-23 10:23:38 --> Session: Class initialized using 'CodeIgniter\Session\Handlers\FileHandler' driver.
DEBUG - 2025-07-23 10:23:38 --> Session: Class initialized using 'CodeIgniter\Session\Handlers\FileHandler' driver.
DEBUG - 2025-07-23 10:23:41 --> Session: Class initialized using 'CodeIgniter\Session\Handlers\FileHandler' driver.
DEBUG - 2025-07-23 10:23:41 --> Session: Class initialized using 'CodeIgniter\Session\Handlers\FileHandler' driver.
DEBUG - 2025-07-23 10:23:43 --> Session: Class initialized using 'CodeIgniter\Session\Handlers\FileHandler' driver.
DEBUG - 2025-07-23 10:23:44 --> Session: Class initialized using 'CodeIgniter\Session\Handlers\FileHandler' driver.
DEBUG - 2025-07-23 10:23:46 --> Session: Class initialized using 'CodeIgniter\Session\Handlers\FileHandler' driver.
DEBUG - 2025-07-23 10:23:47 --> Session: Class initialized using 'CodeIgniter\Session\Handlers\FileHandler' driver.
DEBUG - 2025-07-23 10:23:53 --> Session: Class initialized using 'CodeIgniter\Session\Handlers\FileHandler' driver.
DEBUG - 2025-07-23 10:23:54 --> Session: Class initialized using 'CodeIgniter\Session\Handlers\FileHandler' driver.
DEBUG - 2025-07-23 10:23:54 --> Session: Class initialized using 'CodeIgniter\Session\Handlers\FileHandler' driver.
DEBUG - 2025-07-23 10:23:56 --> Session: Class initialized using 'CodeIgniter\Session\Handlers\FileHandler' driver.
DEBUG - 2025-07-23 10:23:56 --> Session: Class initialized using 'CodeIgniter\Session\Handlers\FileHandler' driver.
DEBUG - 2025-07-23 10:23:59 --> Session: Class initialized using 'CodeIgniter\Session\Handlers\FileHandler' driver.
DEBUG - 2025-07-23 10:23:59 --> Session: Class initialized using 'CodeIgniter\Session\Handlers\FileHandler' driver.
DEBUG - 2025-07-23 10:24:05 --> Session: Class initialized using 'CodeIgniter\Session\Handlers\FileHandler' driver.
DEBUG - 2025-07-23 10:24:06 --> Session: Class initialized using 'CodeIgniter\Session\Handlers\FileHandler' driver.
DEBUG - 2025-07-23 10:26:57 --> Session: Class initialized using 'CodeIgniter\Session\Handlers\FileHandler' driver.
DEBUG - 2025-07-23 10:26:58 --> Session: Class initialized using 'CodeIgniter\Session\Handlers\FileHandler' driver.
DEBUG - 2025-07-23 10:27:01 --> Session: Class initialized using 'CodeIgniter\Session\Handlers\FileHandler' driver.
DEBUG - 2025-07-23 10:27:01 --> Session: Class initialized using 'CodeIgniter\Session\Handlers\FileHandler' driver.
DEBUG - 2025-07-23 10:27:03 --> Session: Class initialized using 'CodeIgniter\Session\Handlers\FileHandler' driver.
DEBUG - 2025-07-23 10:27:03 --> Session: Class initialized using 'CodeIgniter\Session\Handlers\FileHandler' driver.
DEBUG - 2025-07-23 10:27:07 --> Session: Class initialized using 'CodeIgniter\Session\Handlers\FileHandler' driver.
DEBUG - 2025-07-23 10:27:07 --> Session: Class initialized using 'CodeIgniter\Session\Handlers\FileHandler' driver.
DEBUG - 2025-07-23 10:27:09 --> Session: Class initialized using 'CodeIgniter\Session\Handlers\FileHandler' driver.
DEBUG - 2025-07-23 10:27:10 --> Session: Class initialized using 'CodeIgniter\Session\Handlers\FileHandler' driver.
DEBUG - 2025-07-23 10:27:11 --> Session: Class initialized using 'CodeIgniter\Session\Handlers\FileHandler' driver.
DEBUG - 2025-07-23 10:27:12 --> Session: Class initialized using 'CodeIgniter\Session\Handlers\FileHandler' driver.
DEBUG - 2025-07-23 10:27:20 --> Session: Class initialized using 'CodeIgniter\Session\Handlers\FileHandler' driver.
DEBUG - 2025-07-23 10:27:20 --> Session: Class initialized using 'CodeIgniter\Session\Handlers\FileHandler' driver.
DEBUG - 2025-07-23 10:27:20 --> Session: Class initialized using 'CodeIgniter\Session\Handlers\FileHandler' driver.
DEBUG - 2025-07-23 10:27:22 --> Session: Class initialized using 'CodeIgniter\Session\Handlers\FileHandler' driver.
DEBUG - 2025-07-23 10:27:23 --> Session: Class initialized using 'CodeIgniter\Session\Handlers\FileHandler' driver.
DEBUG - 2025-07-23 10:27:23 --> Session: Class initialized using 'CodeIgniter\Session\Handlers\FileHandler' driver.
DEBUG - 2025-07-23 10:27:24 --> Session: Class initialized using 'CodeIgniter\Session\Handlers\FileHandler' driver.
DEBUG - 2025-07-23 10:27:32 --> Session: Class initialized using 'CodeIgniter\Session\Handlers\FileHandler' driver.
DEBUG - 2025-07-23 10:27:32 --> Session: Class initialized using 'CodeIgniter\Session\Handlers\FileHandler' driver.
DEBUG - 2025-07-23 10:28:16 --> Session: Class initialized using 'CodeIgniter\Session\Handlers\FileHandler' driver.
DEBUG - 2025-07-23 10:28:16 --> Session: Class initialized using 'CodeIgniter\Session\Handlers\FileHandler' driver.
DEBUG - 2025-07-23 10:28:22 --> Session: Class initialized using 'CodeIgniter\Session\Handlers\FileHandler' driver.
DEBUG - 2025-07-23 10:28:22 --> Session: Class initialized using 'CodeIgniter\Session\Handlers\FileHandler' driver.
DEBUG - 2025-07-23 10:28:24 --> Session: Class initialized using 'CodeIgniter\Session\Handlers\FileHandler' driver.
DEBUG - 2025-07-23 10:28:25 --> Session: Class initialized using 'CodeIgniter\Session\Handlers\FileHandler' driver.
DEBUG - 2025-07-23 10:28:27 --> Session: Class initialized using 'CodeIgniter\Session\Handlers\FileHandler' driver.
DEBUG - 2025-07-23 10:28:27 --> Session: Class initialized using 'CodeIgniter\Session\Handlers\FileHandler' driver.
DEBUG - 2025-07-23 10:28:28 --> Session: Class initialized using 'CodeIgniter\Session\Handlers\FileHandler' driver.
DEBUG - 2025-07-23 10:28:29 --> Session: Class initialized using 'CodeIgniter\Session\Handlers\FileHandler' driver.
DEBUG - 2025-07-23 10:35:19 --> Session: Class initialized using 'CodeIgniter\Session\Handlers\FileHandler' driver.
DEBUG - 2025-07-23 10:35:20 --> Session: Class initialized using 'CodeIgniter\Session\Handlers\FileHandler' driver.
DEBUG - 2025-07-23 10:35:43 --> Session: Class initialized using 'CodeIgniter\Session\Handlers\FileHandler' driver.
DEBUG - 2025-07-23 10:35:44 --> Session: Class initialized using 'CodeIgniter\Session\Handlers\FileHandler' driver.
DEBUG - 2025-07-23 10:36:30 --> Session: Class initialized using 'CodeIgniter\Session\Handlers\FileHandler' driver.
DEBUG - 2025-07-23 10:36:31 --> Session: Class initialized using 'CodeIgniter\Session\Handlers\FileHandler' driver.
DEBUG - 2025-07-23 10:36:41 --> Session: Class initialized using 'CodeIgniter\Session\Handlers\FileHandler' driver.
DEBUG - 2025-07-23 10:36:41 --> Session: Class initialized using 'CodeIgniter\Session\Handlers\FileHandler' driver.
DEBUG - 2025-07-23 10:36:54 --> Session: Class initialized using 'CodeIgniter\Session\Handlers\FileHandler' driver.
DEBUG - 2025-07-23 10:36:54 --> Session: Class initialized using 'CodeIgniter\Session\Handlers\FileHandler' driver.
DEBUG - 2025-07-23 10:38:03 --> Session: Class initialized using 'CodeIgniter\Session\Handlers\FileHandler' driver.
DEBUG - 2025-07-23 10:38:03 --> Session: Class initialized using 'CodeIgniter\Session\Handlers\FileHandler' driver.
DEBUG - 2025-07-23 10:39:29 --> Session: Class initialized using 'CodeIgniter\Session\Handlers\FileHandler' driver.
DEBUG - 2025-07-23 10:39:30 --> Session: Class initialized using 'CodeIgniter\Session\Handlers\FileHandler' driver.
DEBUG - 2025-07-23 10:40:01 --> Session: Class initialized using 'CodeIgniter\Session\Handlers\FileHandler' driver.
DEBUG - 2025-07-23 10:40:02 --> Session: Class initialized using 'CodeIgniter\Session\Handlers\FileHandler' driver.
DEBUG - 2025-07-23 10:40:19 --> Session: Class initialized using 'CodeIgniter\Session\Handlers\FileHandler' driver.
DEBUG - 2025-07-23 10:40:19 --> Session: Class initialized using 'CodeIgniter\Session\Handlers\FileHandler' driver.
DEBUG - 2025-07-23 10:40:49 --> Session: Class initialized using 'CodeIgniter\Session\Handlers\FileHandler' driver.
DEBUG - 2025-07-23 10:40:50 --> Session: Class initialized using 'CodeIgniter\Session\Handlers\FileHandler' driver.
DEBUG - 2025-07-23 10:42:39 --> Session: Class initialized using 'CodeIgniter\Session\Handlers\FileHandler' driver.
DEBUG - 2025-07-23 10:42:40 --> Session: Class initialized using 'CodeIgniter\Session\Handlers\FileHandler' driver.
DEBUG - 2025-07-23 10:42:42 --> Session: Class initialized using 'CodeIgniter\Session\Handlers\FileHandler' driver.
DEBUG - 2025-07-23 10:42:42 --> Session: Class initialized using 'CodeIgniter\Session\Handlers\FileHandler' driver.
DEBUG - 2025-07-23 10:42:43 --> Session: Class initialized using 'CodeIgniter\Session\Handlers\FileHandler' driver.
DEBUG - 2025-07-23 10:44:21 --> Session: Class initialized using 'CodeIgniter\Session\Handlers\FileHandler' driver.
DEBUG - 2025-07-23 10:44:21 --> Session: Class initialized using 'CodeIgniter\Session\Handlers\FileHandler' driver.
DEBUG - 2025-07-23 10:44:37 --> Session: Class initialized using 'CodeIgniter\Session\Handlers\FileHandler' driver.
DEBUG - 2025-07-23 10:44:38 --> Session: Class initialized using 'CodeIgniter\Session\Handlers\FileHandler' driver.
DEBUG - 2025-07-23 10:44:38 --> Session: Class initialized using 'CodeIgniter\Session\Handlers\FileHandler' driver.
DEBUG - 2025-07-23 10:44:52 --> Session: Class initialized using 'CodeIgniter\Session\Handlers\FileHandler' driver.
DEBUG - 2025-07-23 10:44:53 --> Session: Class initialized using 'CodeIgniter\Session\Handlers\FileHandler' driver.
DEBUG - 2025-07-23 10:44:54 --> Session: Class initialized using 'CodeIgniter\Session\Handlers\FileHandler' driver.
DEBUG - 2025-07-23 10:44:54 --> Session: Class initialized using 'CodeIgniter\Session\Handlers\FileHandler' driver.
DEBUG - 2025-07-23 10:44:57 --> Session: Class initialized using 'CodeIgniter\Session\Handlers\FileHandler' driver.
DEBUG - 2025-07-23 10:44:57 --> Session: Class initialized using 'CodeIgniter\Session\Handlers\FileHandler' driver.
DEBUG - 2025-07-23 10:44:59 --> Session: Class initialized using 'CodeIgniter\Session\Handlers\FileHandler' driver.
DEBUG - 2025-07-23 10:44:59 --> Session: Class initialized using 'CodeIgniter\Session\Handlers\FileHandler' driver.
DEBUG - 2025-07-23 10:45:02 --> Session: Class initialized using 'CodeIgniter\Session\Handlers\FileHandler' driver.
DEBUG - 2025-07-23 10:45:02 --> Session: Class initialized using 'CodeIgniter\Session\Handlers\FileHandler' driver.
DEBUG - 2025-07-23 10:45:45 --> Session: Class initialized using 'CodeIgniter\Session\Handlers\FileHandler' driver.
DEBUG - 2025-07-23 10:45:46 --> Session: Class initialized using 'CodeIgniter\Session\Handlers\FileHandler' driver.
DEBUG - 2025-07-23 10:45:51 --> Session: Class initialized using 'CodeIgniter\Session\Handlers\FileHandler' driver.
DEBUG - 2025-07-23 10:45:51 --> Session: Class initialized using 'CodeIgniter\Session\Handlers\FileHandler' driver.
DEBUG - 2025-07-23 10:45:57 --> Session: Class initialized using 'CodeIgniter\Session\Handlers\FileHandler' driver.
DEBUG - 2025-07-23 10:45:57 --> Session: Class initialized using 'CodeIgniter\Session\Handlers\FileHandler' driver.
DEBUG - 2025-07-23 10:50:35 --> Session: Class initialized using 'CodeIgniter\Session\Handlers\FileHandler' driver.
DEBUG - 2025-07-23 10:50:35 --> Session: Class initialized using 'CodeIgniter\Session\Handlers\FileHandler' driver.
DEBUG - 2025-07-23 10:50:37 --> Session: Class initialized using 'CodeIgniter\Session\Handlers\FileHandler' driver.
DEBUG - 2025-07-23 10:50:37 --> Session: Class initialized using 'CodeIgniter\Session\Handlers\FileHandler' driver.
DEBUG - 2025-07-23 10:50:37 --> Session: Class initialized using 'CodeIgniter\Session\Handlers\FileHandler' driver.
DEBUG - 2025-07-23 10:50:38 --> Session: Class initialized using 'CodeIgniter\Session\Handlers\FileHandler' driver.
DEBUG - 2025-07-23 10:50:38 --> Session: Class initialized using 'CodeIgniter\Session\Handlers\FileHandler' driver.
DEBUG - 2025-07-23 10:50:38 --> Session: Class initialized using 'CodeIgniter\Session\Handlers\FileHandler' driver.
DEBUG - 2025-07-23 10:50:39 --> Session: Class initialized using 'CodeIgniter\Session\Handlers\FileHandler' driver.
DEBUG - 2025-07-23 10:50:54 --> Session: Class initialized using 'CodeIgniter\Session\Handlers\FileHandler' driver.
DEBUG - 2025-07-23 10:50:55 --> Session: Class initialized using 'CodeIgniter\Session\Handlers\FileHandler' driver.
DEBUG - 2025-07-23 10:51:02 --> Session: Class initialized using 'CodeIgniter\Session\Handlers\FileHandler' driver.
DEBUG - 2025-07-23 10:51:02 --> Session: Class initialized using 'CodeIgniter\Session\Handlers\FileHandler' driver.
DEBUG - 2025-07-23 10:54:56 --> Session: Class initialized using 'CodeIgniter\Session\Handlers\FileHandler' driver.
DEBUG - 2025-07-23 10:54:56 --> Session: Class initialized using 'CodeIgniter\Session\Handlers\FileHandler' driver.
DEBUG - 2025-07-23 10:55:11 --> Session: Class initialized using 'CodeIgniter\Session\Handlers\FileHandler' driver.
DEBUG - 2025-07-23 10:55:12 --> Session: Class initialized using 'CodeIgniter\Session\Handlers\FileHandler' driver.
DEBUG - 2025-07-23 10:55:43 --> Session: Class initialized using 'CodeIgniter\Session\Handlers\FileHandler' driver.
DEBUG - 2025-07-23 10:55:43 --> Session: Class initialized using 'CodeIgniter\Session\Handlers\FileHandler' driver.
DEBUG - 2025-07-23 10:57:12 --> Session: Class initialized using 'CodeIgniter\Session\Handlers\FileHandler' driver.
DEBUG - 2025-07-23 10:57:13 --> Session: Class initialized using 'CodeIgniter\Session\Handlers\FileHandler' driver.
DEBUG - 2025-07-23 10:57:33 --> Session: Class initialized using 'CodeIgniter\Session\Handlers\FileHandler' driver.
DEBUG - 2025-07-23 10:57:34 --> Session: Class initialized using 'CodeIgniter\Session\Handlers\FileHandler' driver.
DEBUG - 2025-07-23 10:57:35 --> Session: Class initialized using 'CodeIgniter\Session\Handlers\FileHandler' driver.
DEBUG - 2025-07-23 10:57:36 --> Session: Class initialized using 'CodeIgniter\Session\Handlers\FileHandler' driver.
DEBUG - 2025-07-23 10:57:40 --> Session: Class initialized using 'CodeIgniter\Session\Handlers\FileHandler' driver.
DEBUG - 2025-07-23 10:57:41 --> Session: Class initialized using 'CodeIgniter\Session\Handlers\FileHandler' driver.
DEBUG - 2025-07-23 10:57:47 --> Session: Class initialized using 'CodeIgniter\Session\Handlers\FileHandler' driver.
DEBUG - 2025-07-23 10:57:47 --> Session: Class initialized using 'CodeIgniter\Session\Handlers\FileHandler' driver.
DEBUG - 2025-07-23 10:57:56 --> Session: Class initialized using 'CodeIgniter\Session\Handlers\FileHandler' driver.
DEBUG - 2025-07-23 10:57:57 --> Session: Class initialized using 'CodeIgniter\Session\Handlers\FileHandler' driver.
DEBUG - 2025-07-23 10:58:01 --> Session: Class initialized using 'CodeIgniter\Session\Handlers\FileHandler' driver.
DEBUG - 2025-07-23 10:58:01 --> Session: Class initialized using 'CodeIgniter\Session\Handlers\FileHandler' driver.
DEBUG - 2025-07-23 10:58:17 --> Session: Class initialized using 'CodeIgniter\Session\Handlers\FileHandler' driver.
DEBUG - 2025-07-23 10:58:17 --> Session: Class initialized using 'CodeIgniter\Session\Handlers\FileHandler' driver.
DEBUG - 2025-07-23 10:58:22 --> Session: Class initialized using 'CodeIgniter\Session\Handlers\FileHandler' driver.
DEBUG - 2025-07-23 10:58:22 --> Session: Class initialized using 'CodeIgniter\Session\Handlers\FileHandler' driver.
DEBUG - 2025-07-23 10:58:30 --> Session: Class initialized using 'CodeIgniter\Session\Handlers\FileHandler' driver.
DEBUG - 2025-07-23 10:58:31 --> Session: Class initialized using 'CodeIgniter\Session\Handlers\FileHandler' driver.
DEBUG - 2025-07-23 11:00:04 --> Session: Class initialized using 'CodeIgniter\Session\Handlers\FileHandler' driver.
DEBUG - 2025-07-23 11:00:04 --> Session: Class initialized using 'CodeIgniter\Session\Handlers\FileHandler' driver.
DEBUG - 2025-07-23 11:00:07 --> Session: Class initialized using 'CodeIgniter\Session\Handlers\FileHandler' driver.
DEBUG - 2025-07-23 11:00:07 --> Session: Class initialized using 'CodeIgniter\Session\Handlers\FileHandler' driver.
DEBUG - 2025-07-23 11:00:10 --> Session: Class initialized using 'CodeIgniter\Session\Handlers\FileHandler' driver.
DEBUG - 2025-07-23 11:00:10 --> Session: Class initialized using 'CodeIgniter\Session\Handlers\FileHandler' driver.
DEBUG - 2025-07-23 11:00:57 --> Session: Class initialized using 'CodeIgniter\Session\Handlers\FileHandler' driver.
DEBUG - 2025-07-23 11:00:57 --> Session: Class initialized using 'CodeIgniter\Session\Handlers\FileHandler' driver.
DEBUG - 2025-07-23 11:01:18 --> Session: Class initialized using 'CodeIgniter\Session\Handlers\FileHandler' driver.
DEBUG - 2025-07-23 11:01:18 --> Session: Class initialized using 'CodeIgniter\Session\Handlers\FileHandler' driver.
DEBUG - 2025-07-23 11:01:19 --> Session: Class initialized using 'CodeIgniter\Session\Handlers\FileHandler' driver.
DEBUG - 2025-07-23 11:01:20 --> Session: Class initialized using 'CodeIgniter\Session\Handlers\FileHandler' driver.
DEBUG - 2025-07-23 11:01:25 --> Session: Class initialized using 'CodeIgniter\Session\Handlers\FileHandler' driver.
DEBUG - 2025-07-23 11:01:25 --> Session: Class initialized using 'CodeIgniter\Session\Handlers\FileHandler' driver.
DEBUG - 2025-07-23 11:01:32 --> Session: Class initialized using 'CodeIgniter\Session\Handlers\FileHandler' driver.
DEBUG - 2025-07-23 11:01:32 --> Session: Class initialized using 'CodeIgniter\Session\Handlers\FileHandler' driver.
DEBUG - 2025-07-23 11:01:42 --> Session: Class initialized using 'CodeIgniter\Session\Handlers\FileHandler' driver.
DEBUG - 2025-07-23 11:01:43 --> Session: Class initialized using 'CodeIgniter\Session\Handlers\FileHandler' driver.
DEBUG - 2025-07-23 11:01:53 --> Session: Class initialized using 'CodeIgniter\Session\Handlers\FileHandler' driver.
DEBUG - 2025-07-23 11:01:53 --> Session: Class initialized using 'CodeIgniter\Session\Handlers\FileHandler' driver.
DEBUG - 2025-07-23 11:02:00 --> Session: Class initialized using 'CodeIgniter\Session\Handlers\FileHandler' driver.
DEBUG - 2025-07-23 11:02:01 --> Session: Class initialized using 'CodeIgniter\Session\Handlers\FileHandler' driver.
DEBUG - 2025-07-23 11:02:04 --> Session: Class initialized using 'CodeIgniter\Session\Handlers\FileHandler' driver.
DEBUG - 2025-07-23 11:02:04 --> Session: Class initialized using 'CodeIgniter\Session\Handlers\FileHandler' driver.
DEBUG - 2025-07-23 11:02:06 --> Session: Class initialized using 'CodeIgniter\Session\Handlers\FileHandler' driver.
DEBUG - 2025-07-23 11:02:06 --> Session: Class initialized using 'CodeIgniter\Session\Handlers\FileHandler' driver.
DEBUG - 2025-07-23 11:02:08 --> Session: Class initialized using 'CodeIgniter\Session\Handlers\FileHandler' driver.
DEBUG - 2025-07-23 11:02:08 --> Session: Class initialized using 'CodeIgniter\Session\Handlers\FileHandler' driver.
DEBUG - 2025-07-23 11:03:03 --> Session: Class initialized using 'CodeIgniter\Session\Handlers\FileHandler' driver.
DEBUG - 2025-07-23 11:03:03 --> Session: Class initialized using 'CodeIgniter\Session\Handlers\FileHandler' driver.
DEBUG - 2025-07-23 11:03:04 --> Session: Class initialized using 'CodeIgniter\Session\Handlers\FileHandler' driver.
DEBUG - 2025-07-23 11:03:05 --> Session: Class initialized using 'CodeIgniter\Session\Handlers\FileHandler' driver.
DEBUG - 2025-07-23 11:03:06 --> Session: Class initialized using 'CodeIgniter\Session\Handlers\FileHandler' driver.
DEBUG - 2025-07-23 11:03:06 --> Session: Class initialized using 'CodeIgniter\Session\Handlers\FileHandler' driver.
DEBUG - 2025-07-23 11:03:07 --> Session: Class initialized using 'CodeIgniter\Session\Handlers\FileHandler' driver.
DEBUG - 2025-07-23 11:03:07 --> Session: Class initialized using 'CodeIgniter\Session\Handlers\FileHandler' driver.
DEBUG - 2025-07-23 11:03:10 --> Session: Class initialized using 'CodeIgniter\Session\Handlers\FileHandler' driver.
DEBUG - 2025-07-23 11:03:11 --> Session: Class initialized using 'CodeIgniter\Session\Handlers\FileHandler' driver.
DEBUG - 2025-07-23 11:03:14 --> Session: Class initialized using 'CodeIgniter\Session\Handlers\FileHandler' driver.
DEBUG - 2025-07-23 11:03:14 --> Session: Class initialized using 'CodeIgniter\Session\Handlers\FileHandler' driver.
DEBUG - 2025-07-23 11:03:16 --> Session: Class initialized using 'CodeIgniter\Session\Handlers\FileHandler' driver.
DEBUG - 2025-07-23 11:03:16 --> Session: Class initialized using 'CodeIgniter\Session\Handlers\FileHandler' driver.
DEBUG - 2025-07-23 11:03:19 --> Session: Class initialized using 'CodeIgniter\Session\Handlers\FileHandler' driver.
DEBUG - 2025-07-23 11:03:20 --> Session: Class initialized using 'CodeIgniter\Session\Handlers\FileHandler' driver.
DEBUG - 2025-07-23 11:03:21 --> Session: Class initialized using 'CodeIgniter\Session\Handlers\FileHandler' driver.
DEBUG - 2025-07-23 11:03:22 --> Session: Class initialized using 'CodeIgniter\Session\Handlers\FileHandler' driver.
DEBUG - 2025-07-23 11:03:50 --> Session: Class initialized using 'CodeIgniter\Session\Handlers\FileHandler' driver.
DEBUG - 2025-07-23 11:03:50 --> Session: Class initialized using 'CodeIgniter\Session\Handlers\FileHandler' driver.
DEBUG - 2025-07-23 11:03:51 --> Session: Class initialized using 'CodeIgniter\Session\Handlers\FileHandler' driver.
DEBUG - 2025-07-23 11:03:51 --> Session: Class initialized using 'CodeIgniter\Session\Handlers\FileHandler' driver.
DEBUG - 2025-07-23 11:03:57 --> Session: Class initialized using 'CodeIgniter\Session\Handlers\FileHandler' driver.
DEBUG - 2025-07-23 11:03:57 --> Session: Class initialized using 'CodeIgniter\Session\Handlers\FileHandler' driver.
DEBUG - 2025-07-23 11:04:02 --> Session: Class initialized using 'CodeIgniter\Session\Handlers\FileHandler' driver.
DEBUG - 2025-07-23 11:04:02 --> Session: Class initialized using 'CodeIgniter\Session\Handlers\FileHandler' driver.
DEBUG - 2025-07-23 11:04:05 --> Session: Class initialized using 'CodeIgniter\Session\Handlers\FileHandler' driver.
DEBUG - 2025-07-23 11:04:06 --> Session: Class initialized using 'CodeIgniter\Session\Handlers\FileHandler' driver.
DEBUG - 2025-07-23 11:04:28 --> Session: Class initialized using 'CodeIgniter\Session\Handlers\FileHandler' driver.
DEBUG - 2025-07-23 11:04:28 --> Session: Class initialized using 'CodeIgniter\Session\Handlers\FileHandler' driver.
DEBUG - 2025-07-23 11:05:30 --> Session: Class initialized using 'CodeIgniter\Session\Handlers\FileHandler' driver.
DEBUG - 2025-07-23 11:05:30 --> Session: Class initialized using 'CodeIgniter\Session\Handlers\FileHandler' driver.
DEBUG - 2025-07-23 11:05:40 --> Session: Class initialized using 'CodeIgniter\Session\Handlers\FileHandler' driver.
DEBUG - 2025-07-23 11:05:40 --> Session: Class initialized using 'CodeIgniter\Session\Handlers\FileHandler' driver.
DEBUG - 2025-07-23 11:06:01 --> Session: Class initialized using 'CodeIgniter\Session\Handlers\FileHandler' driver.
DEBUG - 2025-07-23 11:06:01 --> Session: Class initialized using 'CodeIgniter\Session\Handlers\FileHandler' driver.
DEBUG - 2025-07-23 11:06:02 --> Session: Class initialized using 'CodeIgniter\Session\Handlers\FileHandler' driver.
DEBUG - 2025-07-23 11:06:03 --> Session: Class initialized using 'CodeIgniter\Session\Handlers\FileHandler' driver.
DEBUG - 2025-07-23 11:06:09 --> Session: Class initialized using 'CodeIgniter\Session\Handlers\FileHandler' driver.
DEBUG - 2025-07-23 11:06:09 --> Session: Class initialized using 'CodeIgniter\Session\Handlers\FileHandler' driver.
DEBUG - 2025-07-23 11:08:29 --> Session: Class initialized using 'CodeIgniter\Session\Handlers\FileHandler' driver.
DEBUG - 2025-07-23 11:08:31 --> Session: Class initialized using 'CodeIgniter\Session\Handlers\FileHandler' driver.
DEBUG - 2025-07-23 11:08:48 --> Session: Class initialized using 'CodeIgniter\Session\Handlers\FileHandler' driver.
DEBUG - 2025-07-23 11:08:48 --> Session: Class initialized using 'CodeIgniter\Session\Handlers\FileHandler' driver.
DEBUG - 2025-07-23 11:08:50 --> Session: Class initialized using 'CodeIgniter\Session\Handlers\FileHandler' driver.
DEBUG - 2025-07-23 11:08:50 --> Session: Class initialized using 'CodeIgniter\Session\Handlers\FileHandler' driver.
DEBUG - 2025-07-23 11:08:53 --> Session: Class initialized using 'CodeIgniter\Session\Handlers\FileHandler' driver.
DEBUG - 2025-07-23 11:08:53 --> Session: Class initialized using 'CodeIgniter\Session\Handlers\FileHandler' driver.
DEBUG - 2025-07-23 11:08:58 --> Session: Class initialized using 'CodeIgniter\Session\Handlers\FileHandler' driver.
DEBUG - 2025-07-23 11:08:58 --> Session: Class initialized using 'CodeIgniter\Session\Handlers\FileHandler' driver.
DEBUG - 2025-07-23 11:10:43 --> Session: Class initialized using 'CodeIgniter\Session\Handlers\FileHandler' driver.
DEBUG - 2025-07-23 11:10:44 --> Session: Class initialized using 'CodeIgniter\Session\Handlers\FileHandler' driver.
DEBUG - 2025-07-23 11:11:09 --> Session: Class initialized using 'CodeIgniter\Session\Handlers\FileHandler' driver.
DEBUG - 2025-07-23 11:11:09 --> Session: Class initialized using 'CodeIgniter\Session\Handlers\FileHandler' driver.
DEBUG - 2025-07-23 11:11:26 --> Session: Class initialized using 'CodeIgniter\Session\Handlers\FileHandler' driver.
DEBUG - 2025-07-23 11:11:26 --> Session: Class initialized using 'CodeIgniter\Session\Handlers\FileHandler' driver.
DEBUG - 2025-07-23 11:11:42 --> Session: Class initialized using 'CodeIgniter\Session\Handlers\FileHandler' driver.
DEBUG - 2025-07-23 11:11:43 --> Session: Class initialized using 'CodeIgniter\Session\Handlers\FileHandler' driver.
DEBUG - 2025-07-23 11:11:44 --> Session: Class initialized using 'CodeIgniter\Session\Handlers\FileHandler' driver.
DEBUG - 2025-07-23 11:11:44 --> Session: Class initialized using 'CodeIgniter\Session\Handlers\FileHandler' driver.
DEBUG - 2025-07-23 11:11:46 --> Session: Class initialized using 'CodeIgniter\Session\Handlers\FileHandler' driver.
DEBUG - 2025-07-23 11:11:47 --> Session: Class initialized using 'CodeIgniter\Session\Handlers\FileHandler' driver.
DEBUG - 2025-07-23 11:12:24 --> Session: Class initialized using 'CodeIgniter\Session\Handlers\FileHandler' driver.
DEBUG - 2025-07-23 11:12:24 --> Session: Class initialized using 'CodeIgniter\Session\Handlers\FileHandler' driver.
DEBUG - 2025-07-23 11:13:22 --> Session: Class initialized using 'CodeIgniter\Session\Handlers\FileHandler' driver.
DEBUG - 2025-07-23 11:13:23 --> Session: Class initialized using 'CodeIgniter\Session\Handlers\FileHandler' driver.
DEBUG - 2025-07-23 11:13:27 --> Session: Class initialized using 'CodeIgniter\Session\Handlers\FileHandler' driver.
DEBUG - 2025-07-23 11:13:27 --> Session: Class initialized using 'CodeIgniter\Session\Handlers\FileHandler' driver.
DEBUG - 2025-07-23 11:13:28 --> Session: Class initialized using 'CodeIgniter\Session\Handlers\FileHandler' driver.
DEBUG - 2025-07-23 11:13:29 --> Session: Class initialized using 'CodeIgniter\Session\Handlers\FileHandler' driver.
DEBUG - 2025-07-23 11:14:29 --> Session: Class initialized using 'CodeIgniter\Session\Handlers\FileHandler' driver.
DEBUG - 2025-07-23 11:14:29 --> Session: Class initialized using 'CodeIgniter\Session\Handlers\FileHandler' driver.
DEBUG - 2025-07-23 11:14:32 --> Session: Class initialized using 'CodeIgniter\Session\Handlers\FileHandler' driver.
DEBUG - 2025-07-23 11:14:32 --> Session: Class initialized using 'CodeIgniter\Session\Handlers\FileHandler' driver.
DEBUG - 2025-07-23 11:14:33 --> Session: Class initialized using 'CodeIgniter\Session\Handlers\FileHandler' driver.
DEBUG - 2025-07-23 11:14:33 --> Session: Class initialized using 'CodeIgniter\Session\Handlers\FileHandler' driver.
DEBUG - 2025-07-23 11:16:32 --> Session: Class initialized using 'CodeIgniter\Session\Handlers\FileHandler' driver.
DEBUG - 2025-07-23 11:16:32 --> Session: Class initialized using 'CodeIgniter\Session\Handlers\FileHandler' driver.
DEBUG - 2025-07-23 11:16:38 --> Session: Class initialized using 'CodeIgniter\Session\Handlers\FileHandler' driver.
DEBUG - 2025-07-23 11:16:38 --> Session: Class initialized using 'CodeIgniter\Session\Handlers\FileHandler' driver.
DEBUG - 2025-07-23 11:18:37 --> Session: Class initialized using 'CodeIgniter\Session\Handlers\FileHandler' driver.
DEBUG - 2025-07-23 11:18:37 --> Session: Class initialized using 'CodeIgniter\Session\Handlers\FileHandler' driver.
DEBUG - 2025-07-23 11:21:55 --> Session: Class initialized using 'CodeIgniter\Session\Handlers\FileHandler' driver.
DEBUG - 2025-07-23 11:21:56 --> Session: Class initialized using 'CodeIgniter\Session\Handlers\FileHandler' driver.
DEBUG - 2025-07-23 11:21:59 --> Session: Class initialized using 'CodeIgniter\Session\Handlers\FileHandler' driver.
DEBUG - 2025-07-23 11:21:59 --> Session: Class initialized using 'CodeIgniter\Session\Handlers\FileHandler' driver.
CRITICAL - 2025-07-23 11:22:00 --> CodeIgniter\HTTP\Exceptions\BadRequestException: The URI you submitted has disallowed characters: "(:num)"
[Method: GET, Route: customer/inventory-report/%28:num%29]
in SYSTEMPATH\Router\Router.php on line 739.
 1 SYSTEMPATH\Router\Router.php(207): CodeIgniter\Router\Router->checkDisallowedChars('customer/inventory-report/(:num)')
 2 SYSTEMPATH\CodeIgniter.php(832): CodeIgniter\Router\Router->handle('customer/inventory-report/(:num)')
 3 SYSTEMPATH\CodeIgniter.php(455): CodeIgniter\CodeIgniter->tryToRouteIt(Object(CodeIgniter\Router\RouteCollection))
 4 SYSTEMPATH\CodeIgniter.php(354): CodeIgniter\CodeIgniter->handleRequest(null, Object(Config\Cache), false)
 5 SYSTEMPATH\Boot.php(334): CodeIgniter\CodeIgniter->run()
 6 SYSTEMPATH\Boot.php(67): CodeIgniter\Boot::runCodeIgniter(Object(CodeIgniter\CodeIgniter))
 7 FCPATH\index.php(56): CodeIgniter\Boot::bootWeb(Object(Config\Paths))
DEBUG - 2025-07-23 11:22:59 --> Session: Class initialized using 'CodeIgniter\Session\Handlers\FileHandler' driver.
DEBUG - 2025-07-23 11:22:59 --> Session: Class initialized using 'CodeIgniter\Session\Handlers\FileHandler' driver.
DEBUG - 2025-07-23 11:23:00 --> Session: Class initialized using 'CodeIgniter\Session\Handlers\FileHandler' driver.
DEBUG - 2025-07-23 11:23:00 --> Session: Class initialized using 'CodeIgniter\Session\Handlers\FileHandler' driver.
CRITICAL - 2025-07-23 11:23:03 --> CodeIgniter\HTTP\Exceptions\BadRequestException: The URI you submitted has disallowed characters: "(:num)"
[Method: GET, Route: customer/inventory-report/%28:num%29]
in SYSTEMPATH\Router\Router.php on line 739.
 1 SYSTEMPATH\Router\Router.php(207): CodeIgniter\Router\Router->checkDisallowedChars('customer/inventory-report/(:num)')
 2 SYSTEMPATH\CodeIgniter.php(832): CodeIgniter\Router\Router->handle('customer/inventory-report/(:num)')
 3 SYSTEMPATH\CodeIgniter.php(455): CodeIgniter\CodeIgniter->tryToRouteIt(Object(CodeIgniter\Router\RouteCollection))
 4 SYSTEMPATH\CodeIgniter.php(354): CodeIgniter\CodeIgniter->handleRequest(null, Object(Config\Cache), false)
 5 SYSTEMPATH\Boot.php(334): CodeIgniter\CodeIgniter->run()
 6 SYSTEMPATH\Boot.php(67): CodeIgniter\Boot::runCodeIgniter(Object(CodeIgniter\CodeIgniter))
 7 FCPATH\index.php(56): CodeIgniter\Boot::bootWeb(Object(Config\Paths))
CRITICAL - 2025-07-23 11:23:40 --> CodeIgniter\HTTP\Exceptions\BadRequestException: The URI you submitted has disallowed characters: "(:num)"
[Method: GET, Route: customer/inventory-report/%28:num%29]
in SYSTEMPATH\Router\Router.php on line 739.
 1 SYSTEMPATH\Router\Router.php(207): CodeIgniter\Router\Router->checkDisallowedChars('customer/inventory-report/(:num)')
 2 SYSTEMPATH\CodeIgniter.php(832): CodeIgniter\Router\Router->handle('customer/inventory-report/(:num)')
 3 SYSTEMPATH\CodeIgniter.php(455): CodeIgniter\CodeIgniter->tryToRouteIt(Object(CodeIgniter\Router\RouteCollection))
 4 SYSTEMPATH\CodeIgniter.php(354): CodeIgniter\CodeIgniter->handleRequest(null, Object(Config\Cache), false)
 5 SYSTEMPATH\Boot.php(334): CodeIgniter\CodeIgniter->run()
 6 SYSTEMPATH\Boot.php(67): CodeIgniter\Boot::runCodeIgniter(Object(CodeIgniter\CodeIgniter))
 7 FCPATH\index.php(56): CodeIgniter\Boot::bootWeb(Object(Config\Paths))
DEBUG - 2025-07-23 11:23:41 --> Session: Class initialized using 'CodeIgniter\Session\Handlers\FileHandler' driver.
DEBUG - 2025-07-23 11:23:41 --> Session: Class initialized using 'CodeIgniter\Session\Handlers\FileHandler' driver.
DEBUG - 2025-07-23 11:23:42 --> Session: Class initialized using 'CodeIgniter\Session\Handlers\FileHandler' driver.
DEBUG - 2025-07-23 11:23:42 --> Session: Class initialized using 'CodeIgniter\Session\Handlers\FileHandler' driver.
DEBUG - 2025-07-23 11:23:42 --> Session: Class initialized using 'CodeIgniter\Session\Handlers\FileHandler' driver.
DEBUG - 2025-07-23 11:23:42 --> Session: Class initialized using 'CodeIgniter\Session\Handlers\FileHandler' driver.
DEBUG - 2025-07-23 11:23:42 --> Session: Class initialized using 'CodeIgniter\Session\Handlers\FileHandler' driver.
DEBUG - 2025-07-23 11:23:43 --> Session: Class initialized using 'CodeIgniter\Session\Handlers\FileHandler' driver.
CRITICAL - 2025-07-23 11:23:43 --> CodeIgniter\HTTP\Exceptions\BadRequestException: The URI you submitted has disallowed characters: "(:num)"
[Method: GET, Route: customer/inventory-report/%28:num%29]
in SYSTEMPATH\Router\Router.php on line 739.
 1 SYSTEMPATH\Router\Router.php(207): CodeIgniter\Router\Router->checkDisallowedChars('customer/inventory-report/(:num)')
 2 SYSTEMPATH\CodeIgniter.php(832): CodeIgniter\Router\Router->handle('customer/inventory-report/(:num)')
 3 SYSTEMPATH\CodeIgniter.php(455): CodeIgniter\CodeIgniter->tryToRouteIt(Object(CodeIgniter\Router\RouteCollection))
 4 SYSTEMPATH\CodeIgniter.php(354): CodeIgniter\CodeIgniter->handleRequest(null, Object(Config\Cache), false)
 5 SYSTEMPATH\Boot.php(334): CodeIgniter\CodeIgniter->run()
 6 SYSTEMPATH\Boot.php(67): CodeIgniter\Boot::runCodeIgniter(Object(CodeIgniter\CodeIgniter))
 7 FCPATH\index.php(56): CodeIgniter\Boot::bootWeb(Object(Config\Paths))
DEBUG - 2025-07-23 11:24:38 --> Session: Class initialized using 'CodeIgniter\Session\Handlers\FileHandler' driver.
DEBUG - 2025-07-23 11:24:39 --> Session: Class initialized using 'CodeIgniter\Session\Handlers\FileHandler' driver.
DEBUG - 2025-07-23 11:24:39 --> Session: Class initialized using 'CodeIgniter\Session\Handlers\FileHandler' driver.
DEBUG - 2025-07-23 11:24:40 --> Session: Class initialized using 'CodeIgniter\Session\Handlers\FileHandler' driver.
DEBUG - 2025-07-23 11:24:40 --> Session: Class initialized using 'CodeIgniter\Session\Handlers\FileHandler' driver.
DEBUG - 2025-07-23 11:24:40 --> Session: Class initialized using 'CodeIgniter\Session\Handlers\FileHandler' driver.
DEBUG - 2025-07-23 11:24:47 --> Session: Class initialized using 'CodeIgniter\Session\Handlers\FileHandler' driver.
DEBUG - 2025-07-23 11:24:47 --> Session: Class initialized using 'CodeIgniter\Session\Handlers\FileHandler' driver.
DEBUG - 2025-07-23 11:24:49 --> Session: Class initialized using 'CodeIgniter\Session\Handlers\FileHandler' driver.
DEBUG - 2025-07-23 11:24:50 --> Session: Class initialized using 'CodeIgniter\Session\Handlers\FileHandler' driver.
CRITICAL - 2025-07-23 11:24:51 --> CodeIgniter\HTTP\Exceptions\BadRequestException: The URI you submitted has disallowed characters: "(:num)"
[Method: GET, Route: customer/inventory-report/%28:num%29]
in SYSTEMPATH\Router\Router.php on line 739.
 1 SYSTEMPATH\Router\Router.php(207): CodeIgniter\Router\Router->checkDisallowedChars('customer/inventory-report/(:num)')
 2 SYSTEMPATH\CodeIgniter.php(832): CodeIgniter\Router\Router->handle('customer/inventory-report/(:num)')
 3 SYSTEMPATH\CodeIgniter.php(455): CodeIgniter\CodeIgniter->tryToRouteIt(Object(CodeIgniter\Router\RouteCollection))
 4 SYSTEMPATH\CodeIgniter.php(354): CodeIgniter\CodeIgniter->handleRequest(null, Object(Config\Cache), false)
 5 SYSTEMPATH\Boot.php(334): CodeIgniter\CodeIgniter->run()
 6 SYSTEMPATH\Boot.php(67): CodeIgniter\Boot::runCodeIgniter(Object(CodeIgniter\CodeIgniter))
 7 FCPATH\index.php(56): CodeIgniter\Boot::bootWeb(Object(Config\Paths))
CRITICAL - 2025-07-23 11:27:22 --> CodeIgniter\HTTP\Exceptions\BadRequestException: The URI you submitted has disallowed characters: "(:num)"
[Method: GET, Route: customer/inventory-report/%28:num%29]
in SYSTEMPATH\Router\Router.php on line 739.
 1 SYSTEMPATH\Router\Router.php(207): CodeIgniter\Router\Router->checkDisallowedChars('customer/inventory-report/(:num)')
 2 SYSTEMPATH\CodeIgniter.php(832): CodeIgniter\Router\Router->handle('customer/inventory-report/(:num)')
 3 SYSTEMPATH\CodeIgniter.php(455): CodeIgniter\CodeIgniter->tryToRouteIt(Object(CodeIgniter\Router\RouteCollection))
 4 SYSTEMPATH\CodeIgniter.php(354): CodeIgniter\CodeIgniter->handleRequest(null, Object(Config\Cache), false)
 5 SYSTEMPATH\Boot.php(334): CodeIgniter\CodeIgniter->run()
 6 SYSTEMPATH\Boot.php(67): CodeIgniter\Boot::runCodeIgniter(Object(CodeIgniter\CodeIgniter))
 7 FCPATH\index.php(56): CodeIgniter\Boot::bootWeb(Object(Config\Paths))
CRITICAL - 2025-07-23 11:27:24 --> CodeIgniter\HTTP\Exceptions\BadRequestException: The URI you submitted has disallowed characters: "(:num)"
[Method: GET, Route: customer/inventory-report/%28:num%29]
in SYSTEMPATH\Router\Router.php on line 739.
 1 SYSTEMPATH\Router\Router.php(207): CodeIgniter\Router\Router->checkDisallowedChars('customer/inventory-report/(:num)')
 2 SYSTEMPATH\CodeIgniter.php(832): CodeIgniter\Router\Router->handle('customer/inventory-report/(:num)')
 3 SYSTEMPATH\CodeIgniter.php(455): CodeIgniter\CodeIgniter->tryToRouteIt(Object(CodeIgniter\Router\RouteCollection))
 4 SYSTEMPATH\CodeIgniter.php(354): CodeIgniter\CodeIgniter->handleRequest(null, Object(Config\Cache), false)
 5 SYSTEMPATH\Boot.php(334): CodeIgniter\CodeIgniter->run()
 6 SYSTEMPATH\Boot.php(67): CodeIgniter\Boot::runCodeIgniter(Object(CodeIgniter\CodeIgniter))
 7 FCPATH\index.php(56): CodeIgniter\Boot::bootWeb(Object(Config\Paths))
CRITICAL - 2025-07-23 11:27:25 --> CodeIgniter\HTTP\Exceptions\BadRequestException: The URI you submitted has disallowed characters: "(:num)"
[Method: GET, Route: customer/inventory-report/%28:num%29]
in SYSTEMPATH\Router\Router.php on line 739.
 1 SYSTEMPATH\Router\Router.php(207): CodeIgniter\Router\Router->checkDisallowedChars('customer/inventory-report/(:num)')
 2 SYSTEMPATH\CodeIgniter.php(832): CodeIgniter\Router\Router->handle('customer/inventory-report/(:num)')
 3 SYSTEMPATH\CodeIgniter.php(455): CodeIgniter\CodeIgniter->tryToRouteIt(Object(CodeIgniter\Router\RouteCollection))
 4 SYSTEMPATH\CodeIgniter.php(354): CodeIgniter\CodeIgniter->handleRequest(null, Object(Config\Cache), false)
 5 SYSTEMPATH\Boot.php(334): CodeIgniter\CodeIgniter->run()
 6 SYSTEMPATH\Boot.php(67): CodeIgniter\Boot::runCodeIgniter(Object(CodeIgniter\CodeIgniter))
 7 FCPATH\index.php(56): CodeIgniter\Boot::bootWeb(Object(Config\Paths))
CRITICAL - 2025-07-23 11:27:25 --> CodeIgniter\HTTP\Exceptions\BadRequestException: The URI you submitted has disallowed characters: "(:num)"
[Method: GET, Route: customer/inventory-report/%28:num%29]
in SYSTEMPATH\Router\Router.php on line 739.
 1 SYSTEMPATH\Router\Router.php(207): CodeIgniter\Router\Router->checkDisallowedChars('customer/inventory-report/(:num)')
 2 SYSTEMPATH\CodeIgniter.php(832): CodeIgniter\Router\Router->handle('customer/inventory-report/(:num)')
 3 SYSTEMPATH\CodeIgniter.php(455): CodeIgniter\CodeIgniter->tryToRouteIt(Object(CodeIgniter\Router\RouteCollection))
 4 SYSTEMPATH\CodeIgniter.php(354): CodeIgniter\CodeIgniter->handleRequest(null, Object(Config\Cache), false)
 5 SYSTEMPATH\Boot.php(334): CodeIgniter\CodeIgniter->run()
 6 SYSTEMPATH\Boot.php(67): CodeIgniter\Boot::runCodeIgniter(Object(CodeIgniter\CodeIgniter))
 7 FCPATH\index.php(56): CodeIgniter\Boot::bootWeb(Object(Config\Paths))
DEBUG - 2025-07-23 11:27:25 --> Session: Class initialized using 'CodeIgniter\Session\Handlers\FileHandler' driver.
DEBUG - 2025-07-23 11:27:26 --> Session: Class initialized using 'CodeIgniter\Session\Handlers\FileHandler' driver.
DEBUG - 2025-07-23 11:27:41 --> Session: Class initialized using 'CodeIgniter\Session\Handlers\FileHandler' driver.
DEBUG - 2025-07-23 11:27:41 --> Session: Class initialized using 'CodeIgniter\Session\Handlers\FileHandler' driver.
CRITICAL - 2025-07-23 11:27:43 --> CodeIgniter\HTTP\Exceptions\BadRequestException: The URI you submitted has disallowed characters: "(:num)"
[Method: GET, Route: customer/inventory-report/%28:num%29]
in SYSTEMPATH\Router\Router.php on line 739.
 1 SYSTEMPATH\Router\Router.php(207): CodeIgniter\Router\Router->checkDisallowedChars('customer/inventory-report/(:num)')
 2 SYSTEMPATH\CodeIgniter.php(832): CodeIgniter\Router\Router->handle('customer/inventory-report/(:num)')
 3 SYSTEMPATH\CodeIgniter.php(455): CodeIgniter\CodeIgniter->tryToRouteIt(Object(CodeIgniter\Router\RouteCollection))
 4 SYSTEMPATH\CodeIgniter.php(354): CodeIgniter\CodeIgniter->handleRequest(null, Object(Config\Cache), false)
 5 SYSTEMPATH\Boot.php(334): CodeIgniter\CodeIgniter->run()
 6 SYSTEMPATH\Boot.php(67): CodeIgniter\Boot::runCodeIgniter(Object(CodeIgniter\CodeIgniter))
 7 FCPATH\index.php(56): CodeIgniter\Boot::bootWeb(Object(Config\Paths))
DEBUG - 2025-07-23 11:29:29 --> Session: Class initialized using 'CodeIgniter\Session\Handlers\FileHandler' driver.
DEBUG - 2025-07-23 11:29:29 --> Session: Class initialized using 'CodeIgniter\Session\Handlers\FileHandler' driver.
DEBUG - 2025-07-23 11:29:30 --> Session: Class initialized using 'CodeIgniter\Session\Handlers\FileHandler' driver.
CRITICAL - 2025-07-23 11:29:33 --> CodeIgniter\HTTP\Exceptions\BadRequestException: The URI you submitted has disallowed characters: "(:num)"
[Method: GET, Route: customer/inventory-report/%28:num%29]
in SYSTEMPATH\Router\Router.php on line 739.
 1 SYSTEMPATH\Router\Router.php(207): CodeIgniter\Router\Router->checkDisallowedChars('customer/inventory-report/(:num)')
 2 SYSTEMPATH\CodeIgniter.php(832): CodeIgniter\Router\Router->handle('customer/inventory-report/(:num)')
 3 SYSTEMPATH\CodeIgniter.php(455): CodeIgniter\CodeIgniter->tryToRouteIt(Object(CodeIgniter\Router\RouteCollection))
 4 SYSTEMPATH\CodeIgniter.php(354): CodeIgniter\CodeIgniter->handleRequest(null, Object(Config\Cache), false)
 5 SYSTEMPATH\Boot.php(334): CodeIgniter\CodeIgniter->run()
 6 SYSTEMPATH\Boot.php(67): CodeIgniter\Boot::runCodeIgniter(Object(CodeIgniter\CodeIgniter))
 7 FCPATH\index.php(56): CodeIgniter\Boot::bootWeb(Object(Config\Paths))
DEBUG - 2025-07-23 11:29:38 --> Session: Class initialized using 'CodeIgniter\Session\Handlers\FileHandler' driver.
DEBUG - 2025-07-23 11:29:38 --> Session: Class initialized using 'CodeIgniter\Session\Handlers\FileHandler' driver.
DEBUG - 2025-07-23 11:29:38 --> Session: Class initialized using 'CodeIgniter\Session\Handlers\FileHandler' driver.
DEBUG - 2025-07-23 11:30:41 --> Session: Class initialized using 'CodeIgniter\Session\Handlers\FileHandler' driver.
DEBUG - 2025-07-23 11:30:41 --> Session: Class initialized using 'CodeIgniter\Session\Handlers\FileHandler' driver.
CRITICAL - 2025-07-23 11:30:42 --> CodeIgniter\HTTP\Exceptions\BadRequestException: The URI you submitted has disallowed characters: "(:num)"
[Method: GET, Route: customer/inventory-report/%28:num%29]
in SYSTEMPATH\Router\Router.php on line 739.
 1 SYSTEMPATH\Router\Router.php(207): CodeIgniter\Router\Router->checkDisallowedChars('customer/inventory-report/(:num)')
 2 SYSTEMPATH\CodeIgniter.php(832): CodeIgniter\Router\Router->handle('customer/inventory-report/(:num)')
 3 SYSTEMPATH\CodeIgniter.php(455): CodeIgniter\CodeIgniter->tryToRouteIt(Object(CodeIgniter\Router\RouteCollection))
 4 SYSTEMPATH\CodeIgniter.php(354): CodeIgniter\CodeIgniter->handleRequest(null, Object(Config\Cache), false)
 5 SYSTEMPATH\Boot.php(334): CodeIgniter\CodeIgniter->run()
 6 SYSTEMPATH\Boot.php(67): CodeIgniter\Boot::runCodeIgniter(Object(CodeIgniter\CodeIgniter))
 7 FCPATH\index.php(56): CodeIgniter\Boot::bootWeb(Object(Config\Paths))
DEBUG - 2025-07-23 11:36:33 --> Session: Class initialized using 'CodeIgniter\Session\Handlers\FileHandler' driver.
DEBUG - 2025-07-23 11:36:33 --> Session: Class initialized using 'CodeIgniter\Session\Handlers\FileHandler' driver.
DEBUG - 2025-07-23 11:36:42 --> Session: Class initialized using 'CodeIgniter\Session\Handlers\FileHandler' driver.
DEBUG - 2025-07-23 11:36:42 --> Session: Class initialized using 'CodeIgniter\Session\Handlers\FileHandler' driver.
DEBUG - 2025-07-23 11:36:45 --> Session: Class initialized using 'CodeIgniter\Session\Handlers\FileHandler' driver.
DEBUG - 2025-07-23 11:36:45 --> Session: Class initialized using 'CodeIgniter\Session\Handlers\FileHandler' driver.
CRITICAL - 2025-07-23 11:36:46 --> CodeIgniter\HTTP\Exceptions\BadRequestException: The URI you submitted has disallowed characters: "(:num)"
[Method: GET, Route: customer/inventory-report/%28:num%29]
in SYSTEMPATH\Router\Router.php on line 739.
 1 SYSTEMPATH\Router\Router.php(207): CodeIgniter\Router\Router->checkDisallowedChars('customer/inventory-report/(:num)')
 2 SYSTEMPATH\CodeIgniter.php(832): CodeIgniter\Router\Router->handle('customer/inventory-report/(:num)')
 3 SYSTEMPATH\CodeIgniter.php(455): CodeIgniter\CodeIgniter->tryToRouteIt(Object(CodeIgniter\Router\RouteCollection))
 4 SYSTEMPATH\CodeIgniter.php(354): CodeIgniter\CodeIgniter->handleRequest(null, Object(Config\Cache), false)
 5 SYSTEMPATH\Boot.php(334): CodeIgniter\CodeIgniter->run()
 6 SYSTEMPATH\Boot.php(67): CodeIgniter\Boot::runCodeIgniter(Object(CodeIgniter\CodeIgniter))
 7 FCPATH\index.php(56): CodeIgniter\Boot::bootWeb(Object(Config\Paths))
DEBUG - 2025-07-23 11:36:57 --> Session: Class initialized using 'CodeIgniter\Session\Handlers\FileHandler' driver.
DEBUG - 2025-07-23 11:36:58 --> Session: Class initialized using 'CodeIgniter\Session\Handlers\FileHandler' driver.
DEBUG - 2025-07-23 11:36:59 --> Session: Class initialized using 'CodeIgniter\Session\Handlers\FileHandler' driver.
DEBUG - 2025-07-23 11:37:00 --> Session: Class initialized using 'CodeIgniter\Session\Handlers\FileHandler' driver.
CRITICAL - 2025-07-23 11:37:01 --> CodeIgniter\HTTP\Exceptions\BadRequestException: The URI you submitted has disallowed characters: "(:num)"
[Method: GET, Route: customer/inventory-report/%28:num%29]
in SYSTEMPATH\Router\Router.php on line 739.
 1 SYSTEMPATH\Router\Router.php(207): CodeIgniter\Router\Router->checkDisallowedChars('customer/inventory-report/(:num)')
 2 SYSTEMPATH\CodeIgniter.php(832): CodeIgniter\Router\Router->handle('customer/inventory-report/(:num)')
 3 SYSTEMPATH\CodeIgniter.php(455): CodeIgniter\CodeIgniter->tryToRouteIt(Object(CodeIgniter\Router\RouteCollection))
 4 SYSTEMPATH\CodeIgniter.php(354): CodeIgniter\CodeIgniter->handleRequest(null, Object(Config\Cache), false)
 5 SYSTEMPATH\Boot.php(334): CodeIgniter\CodeIgniter->run()
 6 SYSTEMPATH\Boot.php(67): CodeIgniter\Boot::runCodeIgniter(Object(CodeIgniter\CodeIgniter))
 7 FCPATH\index.php(56): CodeIgniter\Boot::bootWeb(Object(Config\Paths))
DEBUG - 2025-07-23 11:37:03 --> Session: Class initialized using 'CodeIgniter\Session\Handlers\FileHandler' driver.
DEBUG - 2025-07-23 11:37:03 --> Session: Class initialized using 'CodeIgniter\Session\Handlers\FileHandler' driver.
DEBUG - 2025-07-23 11:37:04 --> Session: Class initialized using 'CodeIgniter\Session\Handlers\FileHandler' driver.
DEBUG - 2025-07-23 11:37:05 --> Session: Class initialized using 'CodeIgniter\Session\Handlers\FileHandler' driver.
DEBUG - 2025-07-23 11:37:11 --> Session: Class initialized using 'CodeIgniter\Session\Handlers\FileHandler' driver.
DEBUG - 2025-07-23 11:37:11 --> Session: Class initialized using 'CodeIgniter\Session\Handlers\FileHandler' driver.
CRITICAL - 2025-07-23 11:37:13 --> CodeIgniter\HTTP\Exceptions\BadRequestException: The URI you submitted has disallowed characters: "(:num)"
[Method: GET, Route: inventory-report/%28:num%29]
in SYSTEMPATH\Router\Router.php on line 739.
 1 SYSTEMPATH\Router\Router.php(207): CodeIgniter\Router\Router->checkDisallowedChars('inventory-report/(:num)')
 2 SYSTEMPATH\CodeIgniter.php(832): CodeIgniter\Router\Router->handle('inventory-report/(:num)')
 3 SYSTEMPATH\CodeIgniter.php(455): CodeIgniter\CodeIgniter->tryToRouteIt(Object(CodeIgniter\Router\RouteCollection))
 4 SYSTEMPATH\CodeIgniter.php(354): CodeIgniter\CodeIgniter->handleRequest(null, Object(Config\Cache), false)
 5 SYSTEMPATH\Boot.php(334): CodeIgniter\CodeIgniter->run()
 6 SYSTEMPATH\Boot.php(67): CodeIgniter\Boot::runCodeIgniter(Object(CodeIgniter\CodeIgniter))
 7 FCPATH\index.php(56): CodeIgniter\Boot::bootWeb(Object(Config\Paths))
DEBUG - 2025-07-23 11:38:01 --> Session: Class initialized using 'CodeIgniter\Session\Handlers\FileHandler' driver.
DEBUG - 2025-07-23 11:38:02 --> Session: Class initialized using 'CodeIgniter\Session\Handlers\FileHandler' driver.
DEBUG - 2025-07-23 11:50:56 --> Session: Class initialized using 'CodeIgniter\Session\Handlers\FileHandler' driver.
DEBUG - 2025-07-23 11:50:57 --> Session: Class initialized using 'CodeIgniter\Session\Handlers\FileHandler' driver.
DEBUG - 2025-07-23 11:50:59 --> Session: Class initialized using 'CodeIgniter\Session\Handlers\FileHandler' driver.
DEBUG - 2025-07-23 11:51:01 --> Session: Class initialized using 'CodeIgniter\Session\Handlers\FileHandler' driver.
DEBUG - 2025-07-23 11:51:02 --> Session: Class initialized using 'CodeIgniter\Session\Handlers\FileHandler' driver.
DEBUG - 2025-07-23 11:51:02 --> Session: Class initialized using 'CodeIgniter\Session\Handlers\FileHandler' driver.
DEBUG - 2025-07-23 11:56:08 --> Session: Class initialized using 'CodeIgniter\Session\Handlers\FileHandler' driver.
DEBUG - 2025-07-23 11:56:10 --> Session: Class initialized using 'CodeIgniter\Session\Handlers\FileHandler' driver.
DEBUG - 2025-07-23 11:56:10 --> Session: Class initialized using 'CodeIgniter\Session\Handlers\FileHandler' driver.
CRITICAL - 2025-07-23 11:56:10 --> ErrorException: Undefined variable $inventory
[Method: GET, Route: inventorylist]
in APPPATH\Views\templates\sidebar.php on line 147.
 1 APPPATH\Views\templates\sidebar.php(147): CodeIgniter\Debug\Exceptions->errorHandler(2, 'Undefined variable $inventory', 'C:\\xampp\\htdocs\\pinestore\\app\\Views\\templates\\sidebar.php', 147)
 2 SYSTEMPATH\View\View.php(224): include('C:\\xampp\\htdocs\\pinestore\\app\\Views\\templates\\sidebar.php')
 3 SYSTEMPATH\View\View.php(227): CodeIgniter\View\View->CodeIgniter\View\{closure}()
 4 SYSTEMPATH\Common.php(1173): CodeIgniter\View\View->render('templates/sidebar', [], true)
 5 APPPATH\Controllers\Login.php(120): view('templates/sidebar')
 6 SYSTEMPATH\CodeIgniter.php(933): App\Controllers\Login->customerInventory()
 7 SYSTEMPATH\CodeIgniter.php(507): CodeIgniter\CodeIgniter->runController(Object(App\Controllers\Login))
 8 SYSTEMPATH\CodeIgniter.php(354): CodeIgniter\CodeIgniter->handleRequest(null, Object(Config\Cache), false)
 9 SYSTEMPATH\Boot.php(334): CodeIgniter\CodeIgniter->run()
10 SYSTEMPATH\Boot.php(67): CodeIgniter\Boot::runCodeIgniter(Object(CodeIgniter\CodeIgniter))
11 FCPATH\index.php(56): CodeIgniter\Boot::bootWeb(Object(Config\Paths))
DEBUG - 2025-07-23 11:56:47 --> Session: Class initialized using 'CodeIgniter\Session\Handlers\FileHandler' driver.
CRITICAL - 2025-07-23 11:56:47 --> ErrorException: Undefined variable $inventory
[Method: GET, Route: inventorylist]
in APPPATH\Views\templates\sidebar.php on line 147.
 1 APPPATH\Views\templates\sidebar.php(147): CodeIgniter\Debug\Exceptions->errorHandler(2, 'Undefined variable $inventory', 'C:\\xampp\\htdocs\\pinestore\\app\\Views\\templates\\sidebar.php', 147)
 2 SYSTEMPATH\View\View.php(224): include('C:\\xampp\\htdocs\\pinestore\\app\\Views\\templates\\sidebar.php')
 3 SYSTEMPATH\View\View.php(227): CodeIgniter\View\View->CodeIgniter\View\{closure}()
 4 SYSTEMPATH\Common.php(1173): CodeIgniter\View\View->render('templates/sidebar', [], true)
 5 APPPATH\Controllers\Login.php(120): view('templates/sidebar')
 6 SYSTEMPATH\CodeIgniter.php(933): App\Controllers\Login->customerInventory()
 7 SYSTEMPATH\CodeIgniter.php(507): CodeIgniter\CodeIgniter->runController(Object(App\Controllers\Login))
 8 SYSTEMPATH\CodeIgniter.php(354): CodeIgniter\CodeIgniter->handleRequest(null, Object(Config\Cache), false)
 9 SYSTEMPATH\Boot.php(334): CodeIgniter\CodeIgniter->run()
10 SYSTEMPATH\Boot.php(67): CodeIgniter\Boot::runCodeIgniter(Object(CodeIgniter\CodeIgniter))
11 FCPATH\index.php(56): CodeIgniter\Boot::bootWeb(Object(Config\Paths))
DEBUG - 2025-07-23 11:56:49 --> Session: Class initialized using 'CodeIgniter\Session\Handlers\FileHandler' driver.
CRITICAL - 2025-07-23 11:56:49 --> ErrorException: Undefined variable $inventory
[Method: GET, Route: inventorylist]
in APPPATH\Views\templates\sidebar.php on line 147.
 1 APPPATH\Views\templates\sidebar.php(147): CodeIgniter\Debug\Exceptions->errorHandler(2, 'Undefined variable $inventory', 'C:\\xampp\\htdocs\\pinestore\\app\\Views\\templates\\sidebar.php', 147)
 2 SYSTEMPATH\View\View.php(224): include('C:\\xampp\\htdocs\\pinestore\\app\\Views\\templates\\sidebar.php')
 3 SYSTEMPATH\View\View.php(227): CodeIgniter\View\View->CodeIgniter\View\{closure}()
 4 SYSTEMPATH\Common.php(1173): CodeIgniter\View\View->render('templates/sidebar', [], true)
 5 APPPATH\Controllers\Login.php(120): view('templates/sidebar')
 6 SYSTEMPATH\CodeIgniter.php(933): App\Controllers\Login->customerInventory()
 7 SYSTEMPATH\CodeIgniter.php(507): CodeIgniter\CodeIgniter->runController(Object(App\Controllers\Login))
 8 SYSTEMPATH\CodeIgniter.php(354): CodeIgniter\CodeIgniter->handleRequest(null, Object(Config\Cache), false)
 9 SYSTEMPATH\Boot.php(334): CodeIgniter\CodeIgniter->run()
10 SYSTEMPATH\Boot.php(67): CodeIgniter\Boot::runCodeIgniter(Object(CodeIgniter\CodeIgniter))
11 FCPATH\index.php(56): CodeIgniter\Boot::bootWeb(Object(Config\Paths))
DEBUG - 2025-07-23 11:56:51 --> Session: Class initialized using 'CodeIgniter\Session\Handlers\FileHandler' driver.
DEBUG - 2025-07-23 11:56:53 --> Session: Class initialized using 'CodeIgniter\Session\Handlers\FileHandler' driver.
DEBUG - 2025-07-23 11:56:53 --> Session: Class initialized using 'CodeIgniter\Session\Handlers\FileHandler' driver.
CRITICAL - 2025-07-23 11:56:53 --> ErrorException: Undefined variable $inventory
[Method: GET, Route: inventorylist]
in APPPATH\Views\templates\sidebar.php on line 147.
 1 APPPATH\Views\templates\sidebar.php(147): CodeIgniter\Debug\Exceptions->errorHandler(2, 'Undefined variable $inventory', 'C:\\xampp\\htdocs\\pinestore\\app\\Views\\templates\\sidebar.php', 147)
 2 SYSTEMPATH\View\View.php(224): include('C:\\xampp\\htdocs\\pinestore\\app\\Views\\templates\\sidebar.php')
 3 SYSTEMPATH\View\View.php(227): CodeIgniter\View\View->CodeIgniter\View\{closure}()
 4 SYSTEMPATH\Common.php(1173): CodeIgniter\View\View->render('templates/sidebar', [], true)
 5 APPPATH\Controllers\Login.php(120): view('templates/sidebar')
 6 SYSTEMPATH\CodeIgniter.php(933): App\Controllers\Login->customerInventory()
 7 SYSTEMPATH\CodeIgniter.php(507): CodeIgniter\CodeIgniter->runController(Object(App\Controllers\Login))
 8 SYSTEMPATH\CodeIgniter.php(354): CodeIgniter\CodeIgniter->handleRequest(null, Object(Config\Cache), false)
 9 SYSTEMPATH\Boot.php(334): CodeIgniter\CodeIgniter->run()
10 SYSTEMPATH\Boot.php(67): CodeIgniter\Boot::runCodeIgniter(Object(CodeIgniter\CodeIgniter))
11 FCPATH\index.php(56): CodeIgniter\Boot::bootWeb(Object(Config\Paths))
DEBUG - 2025-07-23 11:58:00 --> Session: Class initialized using 'CodeIgniter\Session\Handlers\FileHandler' driver.
CRITICAL - 2025-07-23 11:58:00 --> ErrorException: Undefined variable $customer_id
[Method: GET, Route: inventorylist]
in APPPATH\Views\templates\sidebar.php on line 147.
 1 APPPATH\Views\templates\sidebar.php(147): CodeIgniter\Debug\Exceptions->errorHandler(2, 'Undefined variable $customer_id', 'C:\\xampp\\htdocs\\pinestore\\app\\Views\\templates\\sidebar.php', 147)
 2 SYSTEMPATH\View\View.php(224): include('C:\\xampp\\htdocs\\pinestore\\app\\Views\\templates\\sidebar.php')
 3 SYSTEMPATH\View\View.php(227): CodeIgniter\View\View->CodeIgniter\View\{closure}()
 4 SYSTEMPATH\Common.php(1173): CodeIgniter\View\View->render('templates/sidebar', [], true)
 5 APPPATH\Controllers\Login.php(120): view('templates/sidebar')
 6 SYSTEMPATH\CodeIgniter.php(933): App\Controllers\Login->customerInventory()
 7 SYSTEMPATH\CodeIgniter.php(507): CodeIgniter\CodeIgniter->runController(Object(App\Controllers\Login))
 8 SYSTEMPATH\CodeIgniter.php(354): CodeIgniter\CodeIgniter->handleRequest(null, Object(Config\Cache), false)
 9 SYSTEMPATH\Boot.php(334): CodeIgniter\CodeIgniter->run()
10 SYSTEMPATH\Boot.php(67): CodeIgniter\Boot::runCodeIgniter(Object(CodeIgniter\CodeIgniter))
11 FCPATH\index.php(56): CodeIgniter\Boot::bootWeb(Object(Config\Paths))
DEBUG - 2025-07-23 11:58:19 --> Session: Class initialized using 'CodeIgniter\Session\Handlers\FileHandler' driver.
DEBUG - 2025-07-23 11:58:19 --> Session: Class initialized using 'CodeIgniter\Session\Handlers\FileHandler' driver.
DEBUG - 2025-07-23 11:58:21 --> Session: Class initialized using 'CodeIgniter\Session\Handlers\FileHandler' driver.
DEBUG - 2025-07-23 11:58:22 --> Session: Class initialized using 'CodeIgniter\Session\Handlers\FileHandler' driver.
DEBUG - 2025-07-23 11:58:23 --> Session: Class initialized using 'CodeIgniter\Session\Handlers\FileHandler' driver.
DEBUG - 2025-07-23 12:14:51 --> Session: Class initialized using 'CodeIgniter\Session\Handlers\FileHandler' driver.
DEBUG - 2025-07-23 12:14:51 --> Session: Class initialized using 'CodeIgniter\Session\Handlers\FileHandler' driver.
DEBUG - 2025-07-23 12:15:21 --> Session: Class initialized using 'CodeIgniter\Session\Handlers\FileHandler' driver.
DEBUG - 2025-07-23 12:15:22 --> Session: Class initialized using 'CodeIgniter\Session\Handlers\FileHandler' driver.
DEBUG - 2025-07-23 12:15:51 --> Session: Class initialized using 'CodeIgniter\Session\Handlers\FileHandler' driver.
DEBUG - 2025-07-23 12:15:51 --> Session: Class initialized using 'CodeIgniter\Session\Handlers\FileHandler' driver.
DEBUG - 2025-07-23 12:19:07 --> Session: Class initialized using 'CodeIgniter\Session\Handlers\FileHandler' driver.
DEBUG - 2025-07-23 12:19:08 --> Session: Class initialized using 'CodeIgniter\Session\Handlers\FileHandler' driver.
DEBUG - 2025-07-23 12:19:10 --> Session: Class initialized using 'CodeIgniter\Session\Handlers\FileHandler' driver.
DEBUG - 2025-07-23 12:19:10 --> Session: Class initialized using 'CodeIgniter\Session\Handlers\FileHandler' driver.
DEBUG - 2025-07-23 12:19:11 --> Session: Class initialized using 'CodeIgniter\Session\Handlers\FileHandler' driver.
DEBUG - 2025-07-23 12:19:11 --> Session: Class initialized using 'CodeIgniter\Session\Handlers\FileHandler' driver.
DEBUG - 2025-07-23 12:19:11 --> Session: Class initialized using 'CodeIgniter\Session\Handlers\FileHandler' driver.
DEBUG - 2025-07-23 12:19:12 --> Session: Class initialized using 'CodeIgniter\Session\Handlers\FileHandler' driver.
DEBUG - 2025-07-23 12:19:12 --> Session: Class initialized using 'CodeIgniter\Session\Handlers\FileHandler' driver.
DEBUG - 2025-07-23 12:22:42 --> Session: Class initialized using 'CodeIgniter\Session\Handlers\FileHandler' driver.
DEBUG - 2025-07-23 12:22:42 --> Session: Class initialized using 'CodeIgniter\Session\Handlers\FileHandler' driver.
DEBUG - 2025-07-23 12:22:45 --> Session: Class initialized using 'CodeIgniter\Session\Handlers\FileHandler' driver.
DEBUG - 2025-07-23 12:22:45 --> Session: Class initialized using 'CodeIgniter\Session\Handlers\FileHandler' driver.
DEBUG - 2025-07-23 12:22:46 --> Session: Class initialized using 'CodeIgniter\Session\Handlers\FileHandler' driver.
DEBUG - 2025-07-23 12:22:47 --> Session: Class initialized using 'CodeIgniter\Session\Handlers\FileHandler' driver.
DEBUG - 2025-07-23 12:22:47 --> Session: Class initialized using 'CodeIgniter\Session\Handlers\FileHandler' driver.
DEBUG - 2025-07-23 12:22:47 --> Session: Class initialized using 'CodeIgniter\Session\Handlers\FileHandler' driver.
DEBUG - 2025-07-23 12:22:50 --> Session: Class initialized using 'CodeIgniter\Session\Handlers\FileHandler' driver.
DEBUG - 2025-07-23 12:22:50 --> Session: Class initialized using 'CodeIgniter\Session\Handlers\FileHandler' driver.
DEBUG - 2025-07-23 12:24:22 --> Session: Class initialized using 'CodeIgniter\Session\Handlers\FileHandler' driver.
DEBUG - 2025-07-23 12:24:23 --> Session: Class initialized using 'CodeIgniter\Session\Handlers\FileHandler' driver.
DEBUG - 2025-07-23 12:24:23 --> Session: Class initialized using 'CodeIgniter\Session\Handlers\FileHandler' driver.
DEBUG - 2025-07-23 12:24:24 --> Session: Class initialized using 'CodeIgniter\Session\Handlers\FileHandler' driver.
DEBUG - 2025-07-23 12:24:29 --> Session: Class initialized using 'CodeIgniter\Session\Handlers\FileHandler' driver.
DEBUG - 2025-07-23 12:24:29 --> Session: Class initialized using 'CodeIgniter\Session\Handlers\FileHandler' driver.
DEBUG - 2025-07-23 12:28:49 --> Session: Class initialized using 'CodeIgniter\Session\Handlers\FileHandler' driver.
DEBUG - 2025-07-23 12:28:49 --> Session: Class initialized using 'CodeIgniter\Session\Handlers\FileHandler' driver.
DEBUG - 2025-07-23 12:28:49 --> Session: Class initialized using 'CodeIgniter\Session\Handlers\FileHandler' driver.
DEBUG - 2025-07-23 12:28:58 --> Session: Class initialized using 'CodeIgniter\Session\Handlers\FileHandler' driver.
DEBUG - 2025-07-23 12:28:58 --> Session: Class initialized using 'CodeIgniter\Session\Handlers\FileHandler' driver.
DEBUG - 2025-07-23 12:29:01 --> Session: Class initialized using 'CodeIgniter\Session\Handlers\FileHandler' driver.
DEBUG - 2025-07-23 12:29:01 --> Session: Class initialized using 'CodeIgniter\Session\Handlers\FileHandler' driver.
DEBUG - 2025-07-23 12:29:20 --> Session: Class initialized using 'CodeIgniter\Session\Handlers\FileHandler' driver.
DEBUG - 2025-07-23 12:29:20 --> Session: Class initialized using 'CodeIgniter\Session\Handlers\FileHandler' driver.
DEBUG - 2025-07-23 12:29:23 --> Session: Class initialized using 'CodeIgniter\Session\Handlers\FileHandler' driver.
DEBUG - 2025-07-23 12:29:23 --> Session: Class initialized using 'CodeIgniter\Session\Handlers\FileHandler' driver.
DEBUG - 2025-07-23 12:29:26 --> Session: Class initialized using 'CodeIgniter\Session\Handlers\FileHandler' driver.
DEBUG - 2025-07-23 12:29:27 --> Session: Class initialized using 'CodeIgniter\Session\Handlers\FileHandler' driver.
DEBUG - 2025-07-23 12:31:42 --> Session: Class initialized using 'CodeIgniter\Session\Handlers\FileHandler' driver.
DEBUG - 2025-07-23 12:31:42 --> Session: Class initialized using 'CodeIgniter\Session\Handlers\FileHandler' driver.
DEBUG - 2025-07-23 12:31:47 --> Session: Class initialized using 'CodeIgniter\Session\Handlers\FileHandler' driver.
DEBUG - 2025-07-23 12:31:48 --> Session: Class initialized using 'CodeIgniter\Session\Handlers\FileHandler' driver.
DEBUG - 2025-07-23 12:31:48 --> Session: Class initialized using 'CodeIgniter\Session\Handlers\FileHandler' driver.
DEBUG - 2025-07-23 12:31:49 --> Session: Class initialized using 'CodeIgniter\Session\Handlers\FileHandler' driver.
DEBUG - 2025-07-23 12:31:54 --> Session: Class initialized using 'CodeIgniter\Session\Handlers\FileHandler' driver.
DEBUG - 2025-07-23 12:31:54 --> Session: Class initialized using 'CodeIgniter\Session\Handlers\FileHandler' driver.
DEBUG - 2025-07-23 12:31:59 --> Session: Class initialized using 'CodeIgniter\Session\Handlers\FileHandler' driver.
DEBUG - 2025-07-23 12:31:59 --> Session: Class initialized using 'CodeIgniter\Session\Handlers\FileHandler' driver.
DEBUG - 2025-07-23 12:32:09 --> Session: Class initialized using 'CodeIgniter\Session\Handlers\FileHandler' driver.
DEBUG - 2025-07-23 12:32:09 --> Session: Class initialized using 'CodeIgniter\Session\Handlers\FileHandler' driver.
DEBUG - 2025-07-23 12:32:10 --> Session: Class initialized using 'CodeIgniter\Session\Handlers\FileHandler' driver.
DEBUG - 2025-07-23 13:08:19 --> Session: Class initialized using 'CodeIgniter\Session\Handlers\FileHandler' driver.
DEBUG - 2025-07-23 13:08:20 --> Session: Class initialized using 'CodeIgniter\Session\Handlers\FileHandler' driver.
DEBUG - 2025-07-23 13:08:20 --> Session: Class initialized using 'CodeIgniter\Session\Handlers\FileHandler' driver.
DEBUG - 2025-07-23 13:08:21 --> Session: Class initialized using 'CodeIgniter\Session\Handlers\FileHandler' driver.
DEBUG - 2025-07-23 13:09:14 --> Session: Class initialized using 'CodeIgniter\Session\Handlers\FileHandler' driver.
DEBUG - 2025-07-23 13:09:14 --> Session: Class initialized using 'CodeIgniter\Session\Handlers\FileHandler' driver.
DEBUG - 2025-07-23 13:09:22 --> Session: Class initialized using 'CodeIgniter\Session\Handlers\FileHandler' driver.
DEBUG - 2025-07-23 13:09:22 --> Session: Class initialized using 'CodeIgniter\Session\Handlers\FileHandler' driver.
DEBUG - 2025-07-23 13:09:49 --> Session: Class initialized using 'CodeIgniter\Session\Handlers\FileHandler' driver.
DEBUG - 2025-07-23 13:09:55 --> Session: Class initialized using 'CodeIgniter\Session\Handlers\FileHandler' driver.
DEBUG - 2025-07-23 13:09:55 --> Session: Class initialized using 'CodeIgniter\Session\Handlers\FileHandler' driver.
CRITICAL - 2025-07-23 13:09:55 --> ErrorException: Undefined variable $customer
[Method: GET, Route: customers]
in APPPATH\Views\Home\customers.php on line 143.
 1 APPPATH\Views\Home\customers.php(143): CodeIgniter\Debug\Exceptions->errorHandler(2, 'Undefined variable $customer', 'C:\\xampp\\htdocs\\pinestore\\app\\Views\\Home\\customers.php', 143)
 2 SYSTEMPATH\View\View.php(224): include('C:\\xampp\\htdocs\\pinestore\\app\\Views\\Home\\customers.php')
 3 SYSTEMPATH\View\View.php(227): CodeIgniter\View\View->CodeIgniter\View\{closure}()
 4 SYSTEMPATH\Common.php(1173): CodeIgniter\View\View->render('Home/customers', [], true)
 5 APPPATH\Controllers\Home.php(519): view('Home/customers')
 6 SYSTEMPATH\CodeIgniter.php(933): App\Controllers\Home->customers()
 7 SYSTEMPATH\CodeIgniter.php(507): CodeIgniter\CodeIgniter->runController(Object(App\Controllers\Home))
 8 SYSTEMPATH\CodeIgniter.php(354): CodeIgniter\CodeIgniter->handleRequest(null, Object(Config\Cache), false)
 9 SYSTEMPATH\Boot.php(334): CodeIgniter\CodeIgniter->run()
10 SYSTEMPATH\Boot.php(67): CodeIgniter\Boot::runCodeIgniter(Object(CodeIgniter\CodeIgniter))
11 FCPATH\index.php(56): CodeIgniter\Boot::bootWeb(Object(Config\Paths))
DEBUG - 2025-07-23 13:10:31 --> Session: Class initialized using 'CodeIgniter\Session\Handlers\FileHandler' driver.
CRITICAL - 2025-07-23 13:10:31 --> ErrorException: Undefined variable $customer
[Method: GET, Route: customers]
in APPPATH\Views\Home\customers.php on line 143.
 1 APPPATH\Views\Home\customers.php(143): CodeIgniter\Debug\Exceptions->errorHandler(2, 'Undefined variable $customer', 'C:\\xampp\\htdocs\\pinestore\\app\\Views\\Home\\customers.php', 143)
 2 SYSTEMPATH\View\View.php(224): include('C:\\xampp\\htdocs\\pinestore\\app\\Views\\Home\\customers.php')
 3 SYSTEMPATH\View\View.php(227): CodeIgniter\View\View->CodeIgniter\View\{closure}()
 4 SYSTEMPATH\Common.php(1173): CodeIgniter\View\View->render('Home/customers', [], true)
 5 APPPATH\Controllers\Home.php(519): view('Home/customers')
 6 SYSTEMPATH\CodeIgniter.php(933): App\Controllers\Home->customers()
 7 SYSTEMPATH\CodeIgniter.php(507): CodeIgniter\CodeIgniter->runController(Object(App\Controllers\Home))
 8 SYSTEMPATH\CodeIgniter.php(354): CodeIgniter\CodeIgniter->handleRequest(null, Object(Config\Cache), false)
 9 SYSTEMPATH\Boot.php(334): CodeIgniter\CodeIgniter->run()
10 SYSTEMPATH\Boot.php(67): CodeIgniter\Boot::runCodeIgniter(Object(CodeIgniter\CodeIgniter))
11 FCPATH\index.php(56): CodeIgniter\Boot::bootWeb(Object(Config\Paths))
DEBUG - 2025-07-23 13:10:36 --> Session: Class initialized using 'CodeIgniter\Session\Handlers\FileHandler' driver.
CRITICAL - 2025-07-23 13:10:36 --> ErrorException: Undefined variable $inventories
[Method: GET, Route: customers]
in APPPATH\Views\Home\customers.php on line 156.
 1 APPPATH\Views\Home\customers.php(156): CodeIgniter\Debug\Exceptions->errorHandler(2, 'Undefined variable $inventories', 'C:\\xampp\\htdocs\\pinestore\\app\\Views\\Home\\customers.php', 156)
 2 SYSTEMPATH\View\View.php(224): include('C:\\xampp\\htdocs\\pinestore\\app\\Views\\Home\\customers.php')
 3 SYSTEMPATH\View\View.php(227): CodeIgniter\View\View->CodeIgniter\View\{closure}()
 4 SYSTEMPATH\Common.php(1173): CodeIgniter\View\View->render('Home/customers', [], true)
 5 APPPATH\Controllers\Home.php(519): view('Home/customers')
 6 SYSTEMPATH\CodeIgniter.php(933): App\Controllers\Home->customers()
 7 SYSTEMPATH\CodeIgniter.php(507): CodeIgniter\CodeIgniter->runController(Object(App\Controllers\Home))
 8 SYSTEMPATH\CodeIgniter.php(354): CodeIgniter\CodeIgniter->handleRequest(null, Object(Config\Cache), false)
 9 SYSTEMPATH\Boot.php(334): CodeIgniter\CodeIgniter->run()
10 SYSTEMPATH\Boot.php(67): CodeIgniter\Boot::runCodeIgniter(Object(CodeIgniter\CodeIgniter))
11 FCPATH\index.php(56): CodeIgniter\Boot::bootWeb(Object(Config\Paths))
DEBUG - 2025-07-23 13:16:52 --> Session: Class initialized using 'CodeIgniter\Session\Handlers\FileHandler' driver.
CRITICAL - 2025-07-23 13:16:52 --> ErrorException: Undefined variable $customer
[Method: GET, Route: customers]
in APPPATH\Views\Home\customers.php on line 143.
 1 APPPATH\Views\Home\customers.php(143): CodeIgniter\Debug\Exceptions->errorHandler(2, 'Undefined variable $customer', 'C:\\xampp\\htdocs\\pinestore\\app\\Views\\Home\\customers.php', 143)
 2 SYSTEMPATH\View\View.php(224): include('C:\\xampp\\htdocs\\pinestore\\app\\Views\\Home\\customers.php')
 3 SYSTEMPATH\View\View.php(227): CodeIgniter\View\View->CodeIgniter\View\{closure}()
 4 SYSTEMPATH\Common.php(1173): CodeIgniter\View\View->render('Home/customers', [], true)
 5 APPPATH\Controllers\Home.php(519): view('Home/customers')
 6 SYSTEMPATH\CodeIgniter.php(933): App\Controllers\Home->customers()
 7 SYSTEMPATH\CodeIgniter.php(507): CodeIgniter\CodeIgniter->runController(Object(App\Controllers\Home))
 8 SYSTEMPATH\CodeIgniter.php(354): CodeIgniter\CodeIgniter->handleRequest(null, Object(Config\Cache), false)
 9 SYSTEMPATH\Boot.php(334): CodeIgniter\CodeIgniter->run()
10 SYSTEMPATH\Boot.php(67): CodeIgniter\Boot::runCodeIgniter(Object(CodeIgniter\CodeIgniter))
11 FCPATH\index.php(56): CodeIgniter\Boot::bootWeb(Object(Config\Paths))
DEBUG - 2025-07-23 13:17:46 --> Session: Class initialized using 'CodeIgniter\Session\Handlers\FileHandler' driver.
CRITICAL - 2025-07-23 13:17:46 --> ErrorException: Undefined variable $customer
[Method: GET, Route: customers]
in APPPATH\Views\Home\customers.php on line 143.
 1 APPPATH\Views\Home\customers.php(143): CodeIgniter\Debug\Exceptions->errorHandler(2, 'Undefined variable $customer', 'C:\\xampp\\htdocs\\pinestore\\app\\Views\\Home\\customers.php', 143)
 2 SYSTEMPATH\View\View.php(224): include('C:\\xampp\\htdocs\\pinestore\\app\\Views\\Home\\customers.php')
 3 SYSTEMPATH\View\View.php(227): CodeIgniter\View\View->CodeIgniter\View\{closure}()
 4 SYSTEMPATH\Common.php(1173): CodeIgniter\View\View->render('Home/customers', [], true)
 5 APPPATH\Controllers\Home.php(519): view('Home/customers')
 6 SYSTEMPATH\CodeIgniter.php(933): App\Controllers\Home->customers()
 7 SYSTEMPATH\CodeIgniter.php(507): CodeIgniter\CodeIgniter->runController(Object(App\Controllers\Home))
 8 SYSTEMPATH\CodeIgniter.php(354): CodeIgniter\CodeIgniter->handleRequest(null, Object(Config\Cache), false)
 9 SYSTEMPATH\Boot.php(334): CodeIgniter\CodeIgniter->run()
10 SYSTEMPATH\Boot.php(67): CodeIgniter\Boot::runCodeIgniter(Object(CodeIgniter\CodeIgniter))
11 FCPATH\index.php(56): CodeIgniter\Boot::bootWeb(Object(Config\Paths))
DEBUG - 2025-07-23 13:18:14 --> Session: Class initialized using 'CodeIgniter\Session\Handlers\FileHandler' driver.
CRITICAL - 2025-07-23 13:18:14 --> ErrorException: Undefined variable $customer
[Method: GET, Route: customers]
in APPPATH\Views\Home\customers.php on line 143.
 1 APPPATH\Views\Home\customers.php(143): CodeIgniter\Debug\Exceptions->errorHandler(2, 'Undefined variable $customer', 'C:\\xampp\\htdocs\\pinestore\\app\\Views\\Home\\customers.php', 143)
 2 SYSTEMPATH\View\View.php(224): include('C:\\xampp\\htdocs\\pinestore\\app\\Views\\Home\\customers.php')
 3 SYSTEMPATH\View\View.php(227): CodeIgniter\View\View->CodeIgniter\View\{closure}()
 4 SYSTEMPATH\Common.php(1173): CodeIgniter\View\View->render('Home/customers', [], true)
 5 APPPATH\Controllers\Home.php(519): view('Home/customers')
 6 SYSTEMPATH\CodeIgniter.php(933): App\Controllers\Home->customers()
 7 SYSTEMPATH\CodeIgniter.php(507): CodeIgniter\CodeIgniter->runController(Object(App\Controllers\Home))
 8 SYSTEMPATH\CodeIgniter.php(354): CodeIgniter\CodeIgniter->handleRequest(null, Object(Config\Cache), false)
 9 SYSTEMPATH\Boot.php(334): CodeIgniter\CodeIgniter->run()
10 SYSTEMPATH\Boot.php(67): CodeIgniter\Boot::runCodeIgniter(Object(CodeIgniter\CodeIgniter))
11 FCPATH\index.php(56): CodeIgniter\Boot::bootWeb(Object(Config\Paths))
DEBUG - 2025-07-23 13:18:18 --> Session: Class initialized using 'CodeIgniter\Session\Handlers\FileHandler' driver.
DEBUG - 2025-07-23 13:18:19 --> Session: Class initialized using 'CodeIgniter\Session\Handlers\FileHandler' driver.
CRITICAL - 2025-07-23 13:18:19 --> ErrorException: Undefined variable $customer
[Method: GET, Route: customers]
in APPPATH\Views\Home\customers.php on line 143.
 1 APPPATH\Views\Home\customers.php(143): CodeIgniter\Debug\Exceptions->errorHandler(2, 'Undefined variable $customer', 'C:\\xampp\\htdocs\\pinestore\\app\\Views\\Home\\customers.php', 143)
 2 SYSTEMPATH\View\View.php(224): include('C:\\xampp\\htdocs\\pinestore\\app\\Views\\Home\\customers.php')
 3 SYSTEMPATH\View\View.php(227): CodeIgniter\View\View->CodeIgniter\View\{closure}()
 4 SYSTEMPATH\Common.php(1173): CodeIgniter\View\View->render('Home/customers', [], true)
 5 APPPATH\Controllers\Home.php(519): view('Home/customers')
 6 SYSTEMPATH\CodeIgniter.php(933): App\Controllers\Home->customers()
 7 SYSTEMPATH\CodeIgniter.php(507): CodeIgniter\CodeIgniter->runController(Object(App\Controllers\Home))
 8 SYSTEMPATH\CodeIgniter.php(354): CodeIgniter\CodeIgniter->handleRequest(null, Object(Config\Cache), false)
 9 SYSTEMPATH\Boot.php(334): CodeIgniter\CodeIgniter->run()
10 SYSTEMPATH\Boot.php(67): CodeIgniter\Boot::runCodeIgniter(Object(CodeIgniter\CodeIgniter))
11 FCPATH\index.php(56): CodeIgniter\Boot::bootWeb(Object(Config\Paths))
DEBUG - 2025-07-23 13:18:48 --> Session: Class initialized using 'CodeIgniter\Session\Handlers\FileHandler' driver.
DEBUG - 2025-07-23 13:18:48 --> Session: Class initialized using 'CodeIgniter\Session\Handlers\FileHandler' driver.
DEBUG - 2025-07-23 13:18:53 --> Session: Class initialized using 'CodeIgniter\Session\Handlers\FileHandler' driver.
DEBUG - 2025-07-23 13:18:53 --> Session: Class initialized using 'CodeIgniter\Session\Handlers\FileHandler' driver.
DEBUG - 2025-07-23 13:18:55 --> Session: Class initialized using 'CodeIgniter\Session\Handlers\FileHandler' driver.
DEBUG - 2025-07-23 13:18:55 --> Session: Class initialized using 'CodeIgniter\Session\Handlers\FileHandler' driver.
DEBUG - 2025-07-23 13:19:06 --> Session: Class initialized using 'CodeIgniter\Session\Handlers\FileHandler' driver.
DEBUG - 2025-07-23 13:19:06 --> Session: Class initialized using 'CodeIgniter\Session\Handlers\FileHandler' driver.
DEBUG - 2025-07-23 13:19:08 --> Session: Class initialized using 'CodeIgniter\Session\Handlers\FileHandler' driver.
DEBUG - 2025-07-23 13:19:09 --> Session: Class initialized using 'CodeIgniter\Session\Handlers\FileHandler' driver.
DEBUG - 2025-07-23 13:19:13 --> Session: Class initialized using 'CodeIgniter\Session\Handlers\FileHandler' driver.
DEBUG - 2025-07-23 13:19:13 --> Session: Class initialized using 'CodeIgniter\Session\Handlers\FileHandler' driver.
DEBUG - 2025-07-23 13:19:14 --> Session: Class initialized using 'CodeIgniter\Session\Handlers\FileHandler' driver.
DEBUG - 2025-07-23 13:19:14 --> Session: Class initialized using 'CodeIgniter\Session\Handlers\FileHandler' driver.
DEBUG - 2025-07-23 13:19:23 --> Session: Class initialized using 'CodeIgniter\Session\Handlers\FileHandler' driver.
DEBUG - 2025-07-23 13:19:23 --> Session: Class initialized using 'CodeIgniter\Session\Handlers\FileHandler' driver.
DEBUG - 2025-07-23 13:19:24 --> Session: Class initialized using 'CodeIgniter\Session\Handlers\FileHandler' driver.
DEBUG - 2025-07-23 13:19:24 --> Session: Class initialized using 'CodeIgniter\Session\Handlers\FileHandler' driver.
DEBUG - 2025-07-23 13:19:25 --> Session: Class initialized using 'CodeIgniter\Session\Handlers\FileHandler' driver.
DEBUG - 2025-07-23 13:19:26 --> Session: Class initialized using 'CodeIgniter\Session\Handlers\FileHandler' driver.
DEBUG - 2025-07-23 13:19:29 --> Session: Class initialized using 'CodeIgniter\Session\Handlers\FileHandler' driver.
DEBUG - 2025-07-23 13:19:29 --> Session: Class initialized using 'CodeIgniter\Session\Handlers\FileHandler' driver.
DEBUG - 2025-07-23 13:19:37 --> Session: Class initialized using 'CodeIgniter\Session\Handlers\FileHandler' driver.
DEBUG - 2025-07-23 13:19:38 --> Session: Class initialized using 'CodeIgniter\Session\Handlers\FileHandler' driver.
DEBUG - 2025-07-23 13:22:16 --> Session: Class initialized using 'CodeIgniter\Session\Handlers\FileHandler' driver.
DEBUG - 2025-07-23 13:22:17 --> Session: Class initialized using 'CodeIgniter\Session\Handlers\FileHandler' driver.
DEBUG - 2025-07-23 13:23:30 --> Session: Class initialized using 'CodeIgniter\Session\Handlers\FileHandler' driver.
DEBUG - 2025-07-23 13:23:30 --> Session: Class initialized using 'CodeIgniter\Session\Handlers\FileHandler' driver.
DEBUG - 2025-07-23 13:23:40 --> Session: Class initialized using 'CodeIgniter\Session\Handlers\FileHandler' driver.
DEBUG - 2025-07-23 13:23:40 --> Session: Class initialized using 'CodeIgniter\Session\Handlers\FileHandler' driver.
DEBUG - 2025-07-23 13:24:16 --> Session: Class initialized using 'CodeIgniter\Session\Handlers\FileHandler' driver.
DEBUG - 2025-07-23 13:24:16 --> Session: Class initialized using 'CodeIgniter\Session\Handlers\FileHandler' driver.
DEBUG - 2025-07-23 13:24:22 --> Session: Class initialized using 'CodeIgniter\Session\Handlers\FileHandler' driver.
DEBUG - 2025-07-23 13:24:22 --> Session: Class initialized using 'CodeIgniter\Session\Handlers\FileHandler' driver.
DEBUG - 2025-07-23 13:24:24 --> Session: Class initialized using 'CodeIgniter\Session\Handlers\FileHandler' driver.
DEBUG - 2025-07-23 13:24:25 --> Session: Class initialized using 'CodeIgniter\Session\Handlers\FileHandler' driver.
DEBUG - 2025-07-23 13:24:26 --> Session: Class initialized using 'CodeIgniter\Session\Handlers\FileHandler' driver.
DEBUG - 2025-07-23 13:24:26 --> Session: Class initialized using 'CodeIgniter\Session\Handlers\FileHandler' driver.
DEBUG - 2025-07-23 13:24:29 --> Session: Class initialized using 'CodeIgniter\Session\Handlers\FileHandler' driver.
DEBUG - 2025-07-23 13:24:30 --> Session: Class initialized using 'CodeIgniter\Session\Handlers\FileHandler' driver.
DEBUG - 2025-07-23 13:24:45 --> Session: Class initialized using 'CodeIgniter\Session\Handlers\FileHandler' driver.
DEBUG - 2025-07-23 13:24:45 --> Session: Class initialized using 'CodeIgniter\Session\Handlers\FileHandler' driver.
DEBUG - 2025-07-23 13:24:46 --> Session: Class initialized using 'CodeIgniter\Session\Handlers\FileHandler' driver.
DEBUG - 2025-07-23 13:24:46 --> Session: Class initialized using 'CodeIgniter\Session\Handlers\FileHandler' driver.
DEBUG - 2025-07-23 13:24:51 --> Session: Class initialized using 'CodeIgniter\Session\Handlers\FileHandler' driver.
DEBUG - 2025-07-23 13:24:51 --> Session: Class initialized using 'CodeIgniter\Session\Handlers\FileHandler' driver.
DEBUG - 2025-07-23 13:24:59 --> Session: Class initialized using 'CodeIgniter\Session\Handlers\FileHandler' driver.
DEBUG - 2025-07-23 13:25:00 --> Session: Class initialized using 'CodeIgniter\Session\Handlers\FileHandler' driver.
DEBUG - 2025-07-23 13:25:04 --> Session: Class initialized using 'CodeIgniter\Session\Handlers\FileHandler' driver.
DEBUG - 2025-07-23 13:25:04 --> Session: Class initialized using 'CodeIgniter\Session\Handlers\FileHandler' driver.
DEBUG - 2025-07-23 13:25:07 --> Session: Class initialized using 'CodeIgniter\Session\Handlers\FileHandler' driver.
DEBUG - 2025-07-23 13:25:08 --> Session: Class initialized using 'CodeIgniter\Session\Handlers\FileHandler' driver.
DEBUG - 2025-07-23 13:25:20 --> Session: Class initialized using 'CodeIgniter\Session\Handlers\FileHandler' driver.
DEBUG - 2025-07-23 13:25:20 --> Session: Class initialized using 'CodeIgniter\Session\Handlers\FileHandler' driver.
DEBUG - 2025-07-23 13:25:24 --> Session: Class initialized using 'CodeIgniter\Session\Handlers\FileHandler' driver.
DEBUG - 2025-07-23 13:25:25 --> Session: Class initialized using 'CodeIgniter\Session\Handlers\FileHandler' driver.
DEBUG - 2025-07-23 13:25:27 --> Session: Class initialized using 'CodeIgniter\Session\Handlers\FileHandler' driver.
DEBUG - 2025-07-23 13:25:27 --> Session: Class initialized using 'CodeIgniter\Session\Handlers\FileHandler' driver.
DEBUG - 2025-07-23 13:25:42 --> Session: Class initialized using 'CodeIgniter\Session\Handlers\FileHandler' driver.
DEBUG - 2025-07-23 13:25:42 --> Session: Class initialized using 'CodeIgniter\Session\Handlers\FileHandler' driver.
DEBUG - 2025-07-23 13:25:54 --> Session: Class initialized using 'CodeIgniter\Session\Handlers\FileHandler' driver.
DEBUG - 2025-07-23 13:25:55 --> Session: Class initialized using 'CodeIgniter\Session\Handlers\FileHandler' driver.
DEBUG - 2025-07-23 13:26:03 --> Session: Class initialized using 'CodeIgniter\Session\Handlers\FileHandler' driver.
DEBUG - 2025-07-23 13:26:03 --> Session: Class initialized using 'CodeIgniter\Session\Handlers\FileHandler' driver.
DEBUG - 2025-07-23 13:26:11 --> Session: Class initialized using 'CodeIgniter\Session\Handlers\FileHandler' driver.
DEBUG - 2025-07-23 13:26:11 --> Session: Class initialized using 'CodeIgniter\Session\Handlers\FileHandler' driver.
DEBUG - 2025-07-23 13:26:32 --> Session: Class initialized using 'CodeIgniter\Session\Handlers\FileHandler' driver.
DEBUG - 2025-07-23 13:26:32 --> Session: Class initialized using 'CodeIgniter\Session\Handlers\FileHandler' driver.
DEBUG - 2025-07-23 13:26:37 --> Session: Class initialized using 'CodeIgniter\Session\Handlers\FileHandler' driver.
DEBUG - 2025-07-23 13:26:37 --> Session: Class initialized using 'CodeIgniter\Session\Handlers\FileHandler' driver.
DEBUG - 2025-07-23 13:26:42 --> Session: Class initialized using 'CodeIgniter\Session\Handlers\FileHandler' driver.
DEBUG - 2025-07-23 13:26:42 --> Session: Class initialized using 'CodeIgniter\Session\Handlers\FileHandler' driver.
DEBUG - 2025-07-23 13:26:48 --> Session: Class initialized using 'CodeIgniter\Session\Handlers\FileHandler' driver.
DEBUG - 2025-07-23 13:26:48 --> Session: Class initialized using 'CodeIgniter\Session\Handlers\FileHandler' driver.
DEBUG - 2025-07-23 13:26:49 --> Session: Class initialized using 'CodeIgniter\Session\Handlers\FileHandler' driver.
DEBUG - 2025-07-23 13:26:53 --> Session: Class initialized using 'CodeIgniter\Session\Handlers\FileHandler' driver.
DEBUG - 2025-07-23 13:26:54 --> Session: Class initialized using 'CodeIgniter\Session\Handlers\FileHandler' driver.
DEBUG - 2025-07-23 13:26:58 --> Session: Class initialized using 'CodeIgniter\Session\Handlers\FileHandler' driver.
DEBUG - 2025-07-23 13:26:58 --> Session: Class initialized using 'CodeIgniter\Session\Handlers\FileHandler' driver.
DEBUG - 2025-07-23 13:27:13 --> Session: Class initialized using 'CodeIgniter\Session\Handlers\FileHandler' driver.
DEBUG - 2025-07-23 13:27:13 --> Session: Class initialized using 'CodeIgniter\Session\Handlers\FileHandler' driver.
DEBUG - 2025-07-23 13:27:19 --> Session: Class initialized using 'CodeIgniter\Session\Handlers\FileHandler' driver.
DEBUG - 2025-07-23 13:27:19 --> Session: Class initialized using 'CodeIgniter\Session\Handlers\FileHandler' driver.
DEBUG - 2025-07-23 13:27:21 --> Session: Class initialized using 'CodeIgniter\Session\Handlers\FileHandler' driver.
DEBUG - 2025-07-23 13:27:21 --> Session: Class initialized using 'CodeIgniter\Session\Handlers\FileHandler' driver.
DEBUG - 2025-07-23 13:27:23 --> Session: Class initialized using 'CodeIgniter\Session\Handlers\FileHandler' driver.
DEBUG - 2025-07-23 13:27:23 --> Session: Class initialized using 'CodeIgniter\Session\Handlers\FileHandler' driver.
DEBUG - 2025-07-23 13:27:29 --> Session: Class initialized using 'CodeIgniter\Session\Handlers\FileHandler' driver.
DEBUG - 2025-07-23 13:27:29 --> Session: Class initialized using 'CodeIgniter\Session\Handlers\FileHandler' driver.
DEBUG - 2025-07-23 13:27:52 --> Session: Class initialized using 'CodeIgniter\Session\Handlers\FileHandler' driver.
DEBUG - 2025-07-23 13:27:53 --> Session: Class initialized using 'CodeIgniter\Session\Handlers\FileHandler' driver.
DEBUG - 2025-07-23 13:27:54 --> Session: Class initialized using 'CodeIgniter\Session\Handlers\FileHandler' driver.
DEBUG - 2025-07-23 13:27:54 --> Session: Class initialized using 'CodeIgniter\Session\Handlers\FileHandler' driver.
DEBUG - 2025-07-23 13:28:01 --> Session: Class initialized using 'CodeIgniter\Session\Handlers\FileHandler' driver.
DEBUG - 2025-07-23 13:28:01 --> Session: Class initialized using 'CodeIgniter\Session\Handlers\FileHandler' driver.
DEBUG - 2025-07-23 13:28:16 --> Session: Class initialized using 'CodeIgniter\Session\Handlers\FileHandler' driver.
DEBUG - 2025-07-23 13:28:17 --> Session: Class initialized using 'CodeIgniter\Session\Handlers\FileHandler' driver.
DEBUG - 2025-07-23 13:28:18 --> Session: Class initialized using 'CodeIgniter\Session\Handlers\FileHandler' driver.
DEBUG - 2025-07-23 13:28:19 --> Session: Class initialized using 'CodeIgniter\Session\Handlers\FileHandler' driver.
DEBUG - 2025-07-23 13:28:21 --> Session: Class initialized using 'CodeIgniter\Session\Handlers\FileHandler' driver.
DEBUG - 2025-07-23 13:28:21 --> Session: Class initialized using 'CodeIgniter\Session\Handlers\FileHandler' driver.
DEBUG - 2025-07-23 13:28:23 --> Session: Class initialized using 'CodeIgniter\Session\Handlers\FileHandler' driver.
DEBUG - 2025-07-23 13:28:23 --> Session: Class initialized using 'CodeIgniter\Session\Handlers\FileHandler' driver.
DEBUG - 2025-07-23 13:28:24 --> Session: Class initialized using 'CodeIgniter\Session\Handlers\FileHandler' driver.
DEBUG - 2025-07-23 13:28:24 --> Session: Class initialized using 'CodeIgniter\Session\Handlers\FileHandler' driver.
DEBUG - 2025-07-23 13:28:27 --> Session: Class initialized using 'CodeIgniter\Session\Handlers\FileHandler' driver.
DEBUG - 2025-07-23 13:28:28 --> Session: Class initialized using 'CodeIgniter\Session\Handlers\FileHandler' driver.
DEBUG - 2025-07-23 13:28:39 --> Session: Class initialized using 'CodeIgniter\Session\Handlers\FileHandler' driver.
DEBUG - 2025-07-23 13:28:39 --> Session: Class initialized using 'CodeIgniter\Session\Handlers\FileHandler' driver.
DEBUG - 2025-07-23 13:29:05 --> Session: Class initialized using 'CodeIgniter\Session\Handlers\FileHandler' driver.
DEBUG - 2025-07-23 13:29:05 --> Session: Class initialized using 'CodeIgniter\Session\Handlers\FileHandler' driver.
DEBUG - 2025-07-23 13:29:18 --> Session: Class initialized using 'CodeIgniter\Session\Handlers\FileHandler' driver.
DEBUG - 2025-07-23 13:29:19 --> Session: Class initialized using 'CodeIgniter\Session\Handlers\FileHandler' driver.
DEBUG - 2025-07-23 13:30:01 --> Session: Class initialized using 'CodeIgniter\Session\Handlers\FileHandler' driver.
DEBUG - 2025-07-23 13:30:01 --> Session: Class initialized using 'CodeIgniter\Session\Handlers\FileHandler' driver.
DEBUG - 2025-07-23 13:30:05 --> Session: Class initialized using 'CodeIgniter\Session\Handlers\FileHandler' driver.
DEBUG - 2025-07-23 13:30:05 --> Session: Class initialized using 'CodeIgniter\Session\Handlers\FileHandler' driver.
DEBUG - 2025-07-23 13:30:06 --> Session: Class initialized using 'CodeIgniter\Session\Handlers\FileHandler' driver.
DEBUG - 2025-07-23 13:30:07 --> Session: Class initialized using 'CodeIgniter\Session\Handlers\FileHandler' driver.
DEBUG - 2025-07-23 13:30:20 --> Session: Class initialized using 'CodeIgniter\Session\Handlers\FileHandler' driver.
DEBUG - 2025-07-23 13:30:21 --> Session: Class initialized using 'CodeIgniter\Session\Handlers\FileHandler' driver.
DEBUG - 2025-07-23 13:30:22 --> Session: Class initialized using 'CodeIgniter\Session\Handlers\FileHandler' driver.
DEBUG - 2025-07-23 13:30:22 --> Session: Class initialized using 'CodeIgniter\Session\Handlers\FileHandler' driver.
DEBUG - 2025-07-23 13:30:28 --> Session: Class initialized using 'CodeIgniter\Session\Handlers\FileHandler' driver.
DEBUG - 2025-07-23 13:30:28 --> Session: Class initialized using 'CodeIgniter\Session\Handlers\FileHandler' driver.
DEBUG - 2025-07-23 13:31:08 --> Session: Class initialized using 'CodeIgniter\Session\Handlers\FileHandler' driver.
DEBUG - 2025-07-23 13:31:08 --> Session: Class initialized using 'CodeIgniter\Session\Handlers\FileHandler' driver.
DEBUG - 2025-07-23 13:31:10 --> Session: Class initialized using 'CodeIgniter\Session\Handlers\FileHandler' driver.
DEBUG - 2025-07-23 13:31:10 --> Session: Class initialized using 'CodeIgniter\Session\Handlers\FileHandler' driver.
DEBUG - 2025-07-23 13:33:09 --> Session: Class initialized using 'CodeIgniter\Session\Handlers\FileHandler' driver.
DEBUG - 2025-07-23 13:33:09 --> Session: Class initialized using 'CodeIgniter\Session\Handlers\FileHandler' driver.
DEBUG - 2025-07-23 13:33:11 --> Session: Class initialized using 'CodeIgniter\Session\Handlers\FileHandler' driver.
DEBUG - 2025-07-23 13:33:12 --> Session: Class initialized using 'CodeIgniter\Session\Handlers\FileHandler' driver.
DEBUG - 2025-07-23 13:33:14 --> Session: Class initialized using 'CodeIgniter\Session\Handlers\FileHandler' driver.
DEBUG - 2025-07-23 13:33:15 --> Session: Class initialized using 'CodeIgniter\Session\Handlers\FileHandler' driver.
DEBUG - 2025-07-23 13:33:15 --> Session: Class initialized using 'CodeIgniter\Session\Handlers\FileHandler' driver.
DEBUG - 2025-07-23 13:33:16 --> Session: Class initialized using 'CodeIgniter\Session\Handlers\FileHandler' driver.
DEBUG - 2025-07-23 13:33:34 --> Session: Class initialized using 'CodeIgniter\Session\Handlers\FileHandler' driver.
DEBUG - 2025-07-23 13:33:34 --> Session: Class initialized using 'CodeIgniter\Session\Handlers\FileHandler' driver.
DEBUG - 2025-07-23 13:33:35 --> Session: Class initialized using 'CodeIgniter\Session\Handlers\FileHandler' driver.
DEBUG - 2025-07-23 13:33:36 --> Session: Class initialized using 'CodeIgniter\Session\Handlers\FileHandler' driver.
DEBUG - 2025-07-23 13:33:37 --> Session: Class initialized using 'CodeIgniter\Session\Handlers\FileHandler' driver.
DEBUG - 2025-07-23 13:33:37 --> Session: Class initialized using 'CodeIgniter\Session\Handlers\FileHandler' driver.
DEBUG - 2025-07-23 13:33:45 --> Session: Class initialized using 'CodeIgniter\Session\Handlers\FileHandler' driver.
DEBUG - 2025-07-23 13:33:45 --> Session: Class initialized using 'CodeIgniter\Session\Handlers\FileHandler' driver.
DEBUG - 2025-07-23 13:35:09 --> Session: Class initialized using 'CodeIgniter\Session\Handlers\FileHandler' driver.
DEBUG - 2025-07-23 13:35:10 --> Session: Class initialized using 'CodeIgniter\Session\Handlers\FileHandler' driver.
DEBUG - 2025-07-23 13:35:13 --> Session: Class initialized using 'CodeIgniter\Session\Handlers\FileHandler' driver.
DEBUG - 2025-07-23 13:35:13 --> Session: Class initialized using 'CodeIgniter\Session\Handlers\FileHandler' driver.
DEBUG - 2025-07-23 13:35:14 --> Session: Class initialized using 'CodeIgniter\Session\Handlers\FileHandler' driver.
DEBUG - 2025-07-23 13:35:15 --> Session: Class initialized using 'CodeIgniter\Session\Handlers\FileHandler' driver.
DEBUG - 2025-07-23 13:35:26 --> Session: Class initialized using 'CodeIgniter\Session\Handlers\FileHandler' driver.
DEBUG - 2025-07-23 13:35:27 --> Session: Class initialized using 'CodeIgniter\Session\Handlers\FileHandler' driver.
DEBUG - 2025-07-23 13:35:28 --> Session: Class initialized using 'CodeIgniter\Session\Handlers\FileHandler' driver.
DEBUG - 2025-07-23 13:35:28 --> Session: Class initialized using 'CodeIgniter\Session\Handlers\FileHandler' driver.
DEBUG - 2025-07-23 13:35:30 --> Session: Class initialized using 'CodeIgniter\Session\Handlers\FileHandler' driver.
DEBUG - 2025-07-23 13:35:31 --> Session: Class initialized using 'CodeIgniter\Session\Handlers\FileHandler' driver.
DEBUG - 2025-07-23 13:35:32 --> Session: Class initialized using 'CodeIgniter\Session\Handlers\FileHandler' driver.
DEBUG - 2025-07-23 13:35:32 --> Session: Class initialized using 'CodeIgniter\Session\Handlers\FileHandler' driver.
DEBUG - 2025-07-23 13:35:41 --> Session: Class initialized using 'CodeIgniter\Session\Handlers\FileHandler' driver.
DEBUG - 2025-07-23 13:35:42 --> Session: Class initialized using 'CodeIgniter\Session\Handlers\FileHandler' driver.
DEBUG - 2025-07-23 13:35:43 --> Session: Class initialized using 'CodeIgniter\Session\Handlers\FileHandler' driver.
DEBUG - 2025-07-23 13:35:43 --> Session: Class initialized using 'CodeIgniter\Session\Handlers\FileHandler' driver.
DEBUG - 2025-07-23 13:36:08 --> Session: Class initialized using 'CodeIgniter\Session\Handlers\FileHandler' driver.
DEBUG - 2025-07-23 13:36:09 --> Session: Class initialized using 'CodeIgniter\Session\Handlers\FileHandler' driver.
DEBUG - 2025-07-23 13:36:11 --> Session: Class initialized using 'CodeIgniter\Session\Handlers\FileHandler' driver.
DEBUG - 2025-07-23 13:36:11 --> Session: Class initialized using 'CodeIgniter\Session\Handlers\FileHandler' driver.
DEBUG - 2025-07-23 13:36:12 --> Session: Class initialized using 'CodeIgniter\Session\Handlers\FileHandler' driver.
DEBUG - 2025-07-23 13:36:13 --> Session: Class initialized using 'CodeIgniter\Session\Handlers\FileHandler' driver.
DEBUG - 2025-07-23 13:36:15 --> Session: Class initialized using 'CodeIgniter\Session\Handlers\FileHandler' driver.
DEBUG - 2025-07-23 13:36:15 --> Session: Class initialized using 'CodeIgniter\Session\Handlers\FileHandler' driver.
DEBUG - 2025-07-23 13:37:04 --> Session: Class initialized using 'CodeIgniter\Session\Handlers\FileHandler' driver.
DEBUG - 2025-07-23 13:37:04 --> Session: Class initialized using 'CodeIgniter\Session\Handlers\FileHandler' driver.
DEBUG - 2025-07-23 13:37:04 --> Session: Class initialized using 'CodeIgniter\Session\Handlers\FileHandler' driver.
DEBUG - 2025-07-23 13:37:08 --> Session: Class initialized using 'CodeIgniter\Session\Handlers\FileHandler' driver.
DEBUG - 2025-07-23 13:37:08 --> Session: Class initialized using 'CodeIgniter\Session\Handlers\FileHandler' driver.
DEBUG - 2025-07-23 13:37:16 --> Session: Class initialized using 'CodeIgniter\Session\Handlers\FileHandler' driver.
DEBUG - 2025-07-23 13:37:16 --> Session: Class initialized using 'CodeIgniter\Session\Handlers\FileHandler' driver.
DEBUG - 2025-07-23 13:37:21 --> Session: Class initialized using 'CodeIgniter\Session\Handlers\FileHandler' driver.
DEBUG - 2025-07-23 13:37:22 --> Session: Class initialized using 'CodeIgniter\Session\Handlers\FileHandler' driver.
DEBUG - 2025-07-23 13:37:22 --> Session: Class initialized using 'CodeIgniter\Session\Handlers\FileHandler' driver.
DEBUG - 2025-07-23 13:37:34 --> Session: Class initialized using 'CodeIgniter\Session\Handlers\FileHandler' driver.
DEBUG - 2025-07-23 13:37:35 --> Session: Class initialized using 'CodeIgniter\Session\Handlers\FileHandler' driver.
DEBUG - 2025-07-23 13:37:35 --> Session: Class initialized using 'CodeIgniter\Session\Handlers\FileHandler' driver.
DEBUG - 2025-07-23 13:38:30 --> Session: Class initialized using 'CodeIgniter\Session\Handlers\FileHandler' driver.
DEBUG - 2025-07-23 13:38:30 --> Session: Class initialized using 'CodeIgniter\Session\Handlers\FileHandler' driver.
DEBUG - 2025-07-23 13:38:32 --> Session: Class initialized using 'CodeIgniter\Session\Handlers\FileHandler' driver.
DEBUG - 2025-07-23 13:38:32 --> Session: Class initialized using 'CodeIgniter\Session\Handlers\FileHandler' driver.
DEBUG - 2025-07-23 13:42:42 --> Session: Class initialized using 'CodeIgniter\Session\Handlers\FileHandler' driver.
DEBUG - 2025-07-23 13:42:43 --> Session: Class initialized using 'CodeIgniter\Session\Handlers\FileHandler' driver.
DEBUG - 2025-07-23 13:42:44 --> Session: Class initialized using 'CodeIgniter\Session\Handlers\FileHandler' driver.
DEBUG - 2025-07-23 13:42:44 --> Session: Class initialized using 'CodeIgniter\Session\Handlers\FileHandler' driver.
DEBUG - 2025-07-23 13:43:58 --> Session: Class initialized using 'CodeIgniter\Session\Handlers\FileHandler' driver.
DEBUG - 2025-07-23 13:43:58 --> Session: Class initialized using 'CodeIgniter\Session\Handlers\FileHandler' driver.
DEBUG - 2025-07-23 13:43:59 --> Session: Class initialized using 'CodeIgniter\Session\Handlers\FileHandler' driver.
DEBUG - 2025-07-23 13:47:35 --> Session: Class initialized using 'CodeIgniter\Session\Handlers\FileHandler' driver.
DEBUG - 2025-07-23 13:47:35 --> Session: Class initialized using 'CodeIgniter\Session\Handlers\FileHandler' driver.
DEBUG - 2025-07-23 13:47:46 --> Session: Class initialized using 'CodeIgniter\Session\Handlers\FileHandler' driver.
DEBUG - 2025-07-23 13:47:47 --> Session: Class initialized using 'CodeIgniter\Session\Handlers\FileHandler' driver.
DEBUG - 2025-07-23 13:48:15 --> Session: Class initialized using 'CodeIgniter\Session\Handlers\FileHandler' driver.
DEBUG - 2025-07-23 13:48:15 --> Session: Class initialized using 'CodeIgniter\Session\Handlers\FileHandler' driver.
DEBUG - 2025-07-23 13:52:13 --> Session: Class initialized using 'CodeIgniter\Session\Handlers\FileHandler' driver.
DEBUG - 2025-07-23 13:52:13 --> Session: Class initialized using 'CodeIgniter\Session\Handlers\FileHandler' driver.
DEBUG - 2025-07-23 13:52:19 --> Session: Class initialized using 'CodeIgniter\Session\Handlers\FileHandler' driver.
DEBUG - 2025-07-23 13:52:20 --> Session: Class initialized using 'CodeIgniter\Session\Handlers\FileHandler' driver.
DEBUG - 2025-07-23 13:53:01 --> Session: Class initialized using 'CodeIgniter\Session\Handlers\FileHandler' driver.
DEBUG - 2025-07-23 13:53:02 --> Session: Class initialized using 'CodeIgniter\Session\Handlers\FileHandler' driver.
DEBUG - 2025-07-23 13:53:07 --> Session: Class initialized using 'CodeIgniter\Session\Handlers\FileHandler' driver.
DEBUG - 2025-07-23 13:53:07 --> Session: Class initialized using 'CodeIgniter\Session\Handlers\FileHandler' driver.
DEBUG - 2025-07-23 13:56:11 --> Session: Class initialized using 'CodeIgniter\Session\Handlers\FileHandler' driver.
DEBUG - 2025-07-23 13:56:12 --> Session: Class initialized using 'CodeIgniter\Session\Handlers\FileHandler' driver.
DEBUG - 2025-07-23 13:56:15 --> Session: Class initialized using 'CodeIgniter\Session\Handlers\FileHandler' driver.
DEBUG - 2025-07-23 13:56:15 --> Session: Class initialized using 'CodeIgniter\Session\Handlers\FileHandler' driver.
DEBUG - 2025-07-23 13:56:24 --> Session: Class initialized using 'CodeIgniter\Session\Handlers\FileHandler' driver.
DEBUG - 2025-07-23 13:56:25 --> Session: Class initialized using 'CodeIgniter\Session\Handlers\FileHandler' driver.
DEBUG - 2025-07-23 13:56:29 --> Session: Class initialized using 'CodeIgniter\Session\Handlers\FileHandler' driver.
DEBUG - 2025-07-23 13:56:29 --> Session: Class initialized using 'CodeIgniter\Session\Handlers\FileHandler' driver.
DEBUG - 2025-07-23 13:56:56 --> Session: Class initialized using 'CodeIgniter\Session\Handlers\FileHandler' driver.
DEBUG - 2025-07-23 13:56:56 --> Session: Class initialized using 'CodeIgniter\Session\Handlers\FileHandler' driver.
DEBUG - 2025-07-23 13:57:59 --> Session: Class initialized using 'CodeIgniter\Session\Handlers\FileHandler' driver.
DEBUG - 2025-07-23 13:58:00 --> Session: Class initialized using 'CodeIgniter\Session\Handlers\FileHandler' driver.
DEBUG - 2025-07-23 13:58:04 --> Session: Class initialized using 'CodeIgniter\Session\Handlers\FileHandler' driver.
DEBUG - 2025-07-23 13:58:05 --> Session: Class initialized using 'CodeIgniter\Session\Handlers\FileHandler' driver.
DEBUG - 2025-07-23 14:00:19 --> Session: Class initialized using 'CodeIgniter\Session\Handlers\FileHandler' driver.
DEBUG - 2025-07-23 14:00:20 --> Session: Class initialized using 'CodeIgniter\Session\Handlers\FileHandler' driver.
DEBUG - 2025-07-23 14:00:20 --> Session: Class initialized using 'CodeIgniter\Session\Handlers\FileHandler' driver.
DEBUG - 2025-07-23 14:00:21 --> Session: Class initialized using 'CodeIgniter\Session\Handlers\FileHandler' driver.
DEBUG - 2025-07-23 14:00:23 --> Session: Class initialized using 'CodeIgniter\Session\Handlers\FileHandler' driver.
DEBUG - 2025-07-23 14:00:23 --> Session: Class initialized using 'CodeIgniter\Session\Handlers\FileHandler' driver.
DEBUG - 2025-07-23 14:00:40 --> Session: Class initialized using 'CodeIgniter\Session\Handlers\FileHandler' driver.
DEBUG - 2025-07-23 14:00:41 --> Session: Class initialized using 'CodeIgniter\Session\Handlers\FileHandler' driver.
DEBUG - 2025-07-23 14:02:38 --> Session: Class initialized using 'CodeIgniter\Session\Handlers\FileHandler' driver.
DEBUG - 2025-07-23 14:02:38 --> Session: Class initialized using 'CodeIgniter\Session\Handlers\FileHandler' driver.
DEBUG - 2025-07-23 14:02:38 --> Session: Class initialized using 'CodeIgniter\Session\Handlers\FileHandler' driver.
DEBUG - 2025-07-23 14:02:38 --> Session: Class initialized using 'CodeIgniter\Session\Handlers\FileHandler' driver.
DEBUG - 2025-07-23 14:02:38 --> Session: Class initialized using 'CodeIgniter\Session\Handlers\FileHandler' driver.
DEBUG - 2025-07-23 14:02:38 --> Session: Class initialized using 'CodeIgniter\Session\Handlers\FileHandler' driver.
DEBUG - 2025-07-23 14:02:39 --> Session: Class initialized using 'CodeIgniter\Session\Handlers\FileHandler' driver.
ERROR - 2025-07-23 14:02:41 --> mysqli_sql_exception: Column 'upload_inventory_id' cannot be null in C:\xampp\htdocs\pinestore\system\Database\MySQLi\Connection.php:327
Stack trace:
#0 C:\xampp\htdocs\pinestore\system\Database\MySQLi\Connection.php(327): mysqli->query('INSERT INTO `cu...', 0)
#1 C:\xampp\htdocs\pinestore\system\Database\BaseConnection.php(738): CodeIgniter\Database\MySQLi\Connection->execute('INSERT INTO `cu...')
#2 C:\xampp\htdocs\pinestore\system\Database\BaseConnection.php(652): CodeIgniter\Database\BaseConnection->simpleQuery('INSERT INTO `cu...')
#3 C:\xampp\htdocs\pinestore\system\Database\BaseBuilder.php(2345): CodeIgniter\Database\BaseConnection->query('INSERT INTO `cu...', Array, false)
#4 C:\xampp\htdocs\pinestore\system\Model.php(394): CodeIgniter\Database\BaseBuilder->insert()
#5 C:\xampp\htdocs\pinestore\system\BaseModel.php(839): CodeIgniter\Model->doInsert(Array)
#6 C:\xampp\htdocs\pinestore\system\Model.php(800): CodeIgniter\BaseModel->insert(Array, true)
#7 C:\xampp\htdocs\pinestore\app\Controllers\Home.php(332): CodeIgniter\Model->insert(Array)
#8 C:\xampp\htdocs\pinestore\system\CodeIgniter.php(933): App\Controllers\Home->addInventory()
#9 C:\xampp\htdocs\pinestore\system\CodeIgniter.php(507): CodeIgniter\CodeIgniter->runController(Object(App\Controllers\Home))
#10 C:\xampp\htdocs\pinestore\system\CodeIgniter.php(354): CodeIgniter\CodeIgniter->handleRequest(NULL, Object(Config\Cache), false)
#11 C:\xampp\htdocs\pinestore\system\Boot.php(334): CodeIgniter\CodeIgniter->run()
#12 C:\xampp\htdocs\pinestore\system\Boot.php(67): CodeIgniter\Boot::runCodeIgniter(Object(CodeIgniter\CodeIgniter))
#13 C:\xampp\htdocs\pinestore\index.php(56): CodeIgniter\Boot::bootWeb(Object(Config\Paths))
#14 {main}
CRITICAL - 2025-07-23 14:02:41 --> CodeIgniter\Database\Exceptions\DatabaseException: Column 'upload_inventory_id' cannot be null
[Method: POST, Route: inventory/add]
in SYSTEMPATH\Database\BaseConnection.php on line 692.
 1 SYSTEMPATH\Database\BaseBuilder.php(2345): CodeIgniter\Database\BaseConnection->query('INSERT INTO `customer_inventory` (`upload_inventory_id`, `item_name`, `quantity`) VALUES (:upload_inventory_id:, :item_name:, :quantity:)', [...], false)
 2 SYSTEMPATH\Model.php(394): CodeIgniter\Database\BaseBuilder->insert()
 3 SYSTEMPATH\BaseModel.php(839): CodeIgniter\Model->doInsert([...])
 4 SYSTEMPATH\Model.php(800): CodeIgniter\BaseModel->insert([...], true)
 5 APPPATH\Controllers\Home.php(332): CodeIgniter\Model->insert([...])
 6 SYSTEMPATH\CodeIgniter.php(933): App\Controllers\Home->addInventory()
 7 SYSTEMPATH\CodeIgniter.php(507): CodeIgniter\CodeIgniter->runController(Object(App\Controllers\Home))
 8 SYSTEMPATH\CodeIgniter.php(354): CodeIgniter\CodeIgniter->handleRequest(null, Object(Config\Cache), false)
 9 SYSTEMPATH\Boot.php(334): CodeIgniter\CodeIgniter->run()
10 SYSTEMPATH\Boot.php(67): CodeIgniter\Boot::runCodeIgniter(Object(CodeIgniter\CodeIgniter))
11 FCPATH\index.php(56): CodeIgniter\Boot::bootWeb(Object(Config\Paths))
CRITICAL - 2025-07-23 14:02:41 --> [Caused by] CodeIgniter\Database\Exceptions\DatabaseException: Column 'upload_inventory_id' cannot be null
in SYSTEMPATH\Database\MySQLi\Connection.php on line 332.
 1 SYSTEMPATH\Database\BaseConnection.php(738): CodeIgniter\Database\MySQLi\Connection->execute('INSERT INTO `customer_inventory` (`upload_inventory_id`, `item_name`, `quantity`) VALUES (NULL, NULL, 10)')
 2 SYSTEMPATH\Database\BaseConnection.php(652): CodeIgniter\Database\BaseConnection->simpleQuery('INSERT INTO `customer_inventory` (`upload_inventory_id`, `item_name`, `quantity`) VALUES (NULL, NULL, 10)')
 3 SYSTEMPATH\Database\BaseBuilder.php(2345): CodeIgniter\Database\BaseConnection->query('INSERT INTO `customer_inventory` (`upload_inventory_id`, `item_name`, `quantity`) VALUES (:upload_inventory_id:, :item_name:, :quantity:)', [...], false)
 4 SYSTEMPATH\Model.php(394): CodeIgniter\Database\BaseBuilder->insert()
 5 SYSTEMPATH\BaseModel.php(839): CodeIgniter\Model->doInsert([...])
 6 SYSTEMPATH\Model.php(800): CodeIgniter\BaseModel->insert([...], true)
 7 APPPATH\Controllers\Home.php(332): CodeIgniter\Model->insert([...])
 8 SYSTEMPATH\CodeIgniter.php(933): App\Controllers\Home->addInventory()
 9 SYSTEMPATH\CodeIgniter.php(507): CodeIgniter\CodeIgniter->runController(Object(App\Controllers\Home))
10 SYSTEMPATH\CodeIgniter.php(354): CodeIgniter\CodeIgniter->handleRequest(null, Object(Config\Cache), false)
11 SYSTEMPATH\Boot.php(334): CodeIgniter\CodeIgniter->run()
12 SYSTEMPATH\Boot.php(67): CodeIgniter\Boot::runCodeIgniter(Object(CodeIgniter\CodeIgniter))
13 FCPATH\index.php(56): CodeIgniter\Boot::bootWeb(Object(Config\Paths))
CRITICAL - 2025-07-23 14:02:41 --> [Caused by] mysqli_sql_exception: Column 'upload_inventory_id' cannot be null
in SYSTEMPATH\Database\MySQLi\Connection.php on line 327.
 1 SYSTEMPATH\Database\MySQLi\Connection.php(327): mysqli->query('INSERT INTO `customer_inventory` (`upload_inventory_id`, `item_name`, `quantity`) VALUES (NULL, NULL, 10)', 0)
 2 SYSTEMPATH\Database\BaseConnection.php(738): CodeIgniter\Database\MySQLi\Connection->execute('INSERT INTO `customer_inventory` (`upload_inventory_id`, `item_name`, `quantity`) VALUES (NULL, NULL, 10)')
 3 SYSTEMPATH\Database\BaseConnection.php(652): CodeIgniter\Database\BaseConnection->simpleQuery('INSERT INTO `customer_inventory` (`upload_inventory_id`, `item_name`, `quantity`) VALUES (NULL, NULL, 10)')
 4 SYSTEMPATH\Database\BaseBuilder.php(2345): CodeIgniter\Database\BaseConnection->query('INSERT INTO `customer_inventory` (`upload_inventory_id`, `item_name`, `quantity`) VALUES (:upload_inventory_id:, :item_name:, :quantity:)', [...], false)
 5 SYSTEMPATH\Model.php(394): CodeIgniter\Database\BaseBuilder->insert()
 6 SYSTEMPATH\BaseModel.php(839): CodeIgniter\Model->doInsert([...])
 7 SYSTEMPATH\Model.php(800): CodeIgniter\BaseModel->insert([...], true)
 8 APPPATH\Controllers\Home.php(332): CodeIgniter\Model->insert([...])
 9 SYSTEMPATH\CodeIgniter.php(933): App\Controllers\Home->addInventory()
10 SYSTEMPATH\CodeIgniter.php(507): CodeIgniter\CodeIgniter->runController(Object(App\Controllers\Home))
11 SYSTEMPATH\CodeIgniter.php(354): CodeIgniter\CodeIgniter->handleRequest(null, Object(Config\Cache), false)
12 SYSTEMPATH\Boot.php(334): CodeIgniter\CodeIgniter->run()
13 SYSTEMPATH\Boot.php(67): CodeIgniter\Boot::runCodeIgniter(Object(CodeIgniter\CodeIgniter))
14 FCPATH\index.php(56): CodeIgniter\Boot::bootWeb(Object(Config\Paths))
ERROR - 2025-07-23 14:03:01 --> mysqli_sql_exception: Column 'upload_inventory_id' cannot be null in C:\xampp\htdocs\pinestore\system\Database\MySQLi\Connection.php:327
Stack trace:
#0 C:\xampp\htdocs\pinestore\system\Database\MySQLi\Connection.php(327): mysqli->query('INSERT INTO `cu...', 0)
#1 C:\xampp\htdocs\pinestore\system\Database\BaseConnection.php(738): CodeIgniter\Database\MySQLi\Connection->execute('INSERT INTO `cu...')
#2 C:\xampp\htdocs\pinestore\system\Database\BaseConnection.php(652): CodeIgniter\Database\BaseConnection->simpleQuery('INSERT INTO `cu...')
#3 C:\xampp\htdocs\pinestore\system\Database\BaseBuilder.php(2345): CodeIgniter\Database\BaseConnection->query('INSERT INTO `cu...', Array, false)
#4 C:\xampp\htdocs\pinestore\system\Model.php(394): CodeIgniter\Database\BaseBuilder->insert()
#5 C:\xampp\htdocs\pinestore\system\BaseModel.php(839): CodeIgniter\Model->doInsert(Array)
#6 C:\xampp\htdocs\pinestore\system\Model.php(800): CodeIgniter\BaseModel->insert(Array, true)
#7 C:\xampp\htdocs\pinestore\app\Controllers\Home.php(332): CodeIgniter\Model->insert(Array)
#8 C:\xampp\htdocs\pinestore\system\CodeIgniter.php(933): App\Controllers\Home->addInventory()
#9 C:\xampp\htdocs\pinestore\system\CodeIgniter.php(507): CodeIgniter\CodeIgniter->runController(Object(App\Controllers\Home))
#10 C:\xampp\htdocs\pinestore\system\CodeIgniter.php(354): CodeIgniter\CodeIgniter->handleRequest(NULL, Object(Config\Cache), false)
#11 C:\xampp\htdocs\pinestore\system\Boot.php(334): CodeIgniter\CodeIgniter->run()
#12 C:\xampp\htdocs\pinestore\system\Boot.php(67): CodeIgniter\Boot::runCodeIgniter(Object(CodeIgniter\CodeIgniter))
#13 C:\xampp\htdocs\pinestore\index.php(56): CodeIgniter\Boot::bootWeb(Object(Config\Paths))
#14 {main}
CRITICAL - 2025-07-23 14:03:01 --> CodeIgniter\Database\Exceptions\DatabaseException: Column 'upload_inventory_id' cannot be null
[Method: POST, Route: inventory/add]
in SYSTEMPATH\Database\BaseConnection.php on line 692.
 1 SYSTEMPATH\Database\BaseBuilder.php(2345): CodeIgniter\Database\BaseConnection->query('INSERT INTO `customer_inventory` (`upload_inventory_id`, `item_name`, `quantity`) VALUES (:upload_inventory_id:, :item_name:, :quantity:)', [...], false)
 2 SYSTEMPATH\Model.php(394): CodeIgniter\Database\BaseBuilder->insert()
 3 SYSTEMPATH\BaseModel.php(839): CodeIgniter\Model->doInsert([...])
 4 SYSTEMPATH\Model.php(800): CodeIgniter\BaseModel->insert([...], true)
 5 APPPATH\Controllers\Home.php(332): CodeIgniter\Model->insert([...])
 6 SYSTEMPATH\CodeIgniter.php(933): App\Controllers\Home->addInventory()
 7 SYSTEMPATH\CodeIgniter.php(507): CodeIgniter\CodeIgniter->runController(Object(App\Controllers\Home))
 8 SYSTEMPATH\CodeIgniter.php(354): CodeIgniter\CodeIgniter->handleRequest(null, Object(Config\Cache), false)
 9 SYSTEMPATH\Boot.php(334): CodeIgniter\CodeIgniter->run()
10 SYSTEMPATH\Boot.php(67): CodeIgniter\Boot::runCodeIgniter(Object(CodeIgniter\CodeIgniter))
11 FCPATH\index.php(56): CodeIgniter\Boot::bootWeb(Object(Config\Paths))
CRITICAL - 2025-07-23 14:03:01 --> [Caused by] CodeIgniter\Database\Exceptions\DatabaseException: Column 'upload_inventory_id' cannot be null
in SYSTEMPATH\Database\MySQLi\Connection.php on line 332.
 1 SYSTEMPATH\Database\BaseConnection.php(738): CodeIgniter\Database\MySQLi\Connection->execute('INSERT INTO `customer_inventory` (`upload_inventory_id`, `item_name`, `quantity`) VALUES (NULL, NULL, 10)')
 2 SYSTEMPATH\Database\BaseConnection.php(652): CodeIgniter\Database\BaseConnection->simpleQuery('INSERT INTO `customer_inventory` (`upload_inventory_id`, `item_name`, `quantity`) VALUES (NULL, NULL, 10)')
 3 SYSTEMPATH\Database\BaseBuilder.php(2345): CodeIgniter\Database\BaseConnection->query('INSERT INTO `customer_inventory` (`upload_inventory_id`, `item_name`, `quantity`) VALUES (:upload_inventory_id:, :item_name:, :quantity:)', [...], false)
 4 SYSTEMPATH\Model.php(394): CodeIgniter\Database\BaseBuilder->insert()
 5 SYSTEMPATH\BaseModel.php(839): CodeIgniter\Model->doInsert([...])
 6 SYSTEMPATH\Model.php(800): CodeIgniter\BaseModel->insert([...], true)
 7 APPPATH\Controllers\Home.php(332): CodeIgniter\Model->insert([...])
 8 SYSTEMPATH\CodeIgniter.php(933): App\Controllers\Home->addInventory()
 9 SYSTEMPATH\CodeIgniter.php(507): CodeIgniter\CodeIgniter->runController(Object(App\Controllers\Home))
10 SYSTEMPATH\CodeIgniter.php(354): CodeIgniter\CodeIgniter->handleRequest(null, Object(Config\Cache), false)
11 SYSTEMPATH\Boot.php(334): CodeIgniter\CodeIgniter->run()
12 SYSTEMPATH\Boot.php(67): CodeIgniter\Boot::runCodeIgniter(Object(CodeIgniter\CodeIgniter))
13 FCPATH\index.php(56): CodeIgniter\Boot::bootWeb(Object(Config\Paths))
CRITICAL - 2025-07-23 14:03:01 --> [Caused by] mysqli_sql_exception: Column 'upload_inventory_id' cannot be null
in SYSTEMPATH\Database\MySQLi\Connection.php on line 327.
 1 SYSTEMPATH\Database\MySQLi\Connection.php(327): mysqli->query('INSERT INTO `customer_inventory` (`upload_inventory_id`, `item_name`, `quantity`) VALUES (NULL, NULL, 10)', 0)
 2 SYSTEMPATH\Database\BaseConnection.php(738): CodeIgniter\Database\MySQLi\Connection->execute('INSERT INTO `customer_inventory` (`upload_inventory_id`, `item_name`, `quantity`) VALUES (NULL, NULL, 10)')
 3 SYSTEMPATH\Database\BaseConnection.php(652): CodeIgniter\Database\BaseConnection->simpleQuery('INSERT INTO `customer_inventory` (`upload_inventory_id`, `item_name`, `quantity`) VALUES (NULL, NULL, 10)')
 4 SYSTEMPATH\Database\BaseBuilder.php(2345): CodeIgniter\Database\BaseConnection->query('INSERT INTO `customer_inventory` (`upload_inventory_id`, `item_name`, `quantity`) VALUES (:upload_inventory_id:, :item_name:, :quantity:)', [...], false)
 5 SYSTEMPATH\Model.php(394): CodeIgniter\Database\BaseBuilder->insert()
 6 SYSTEMPATH\BaseModel.php(839): CodeIgniter\Model->doInsert([...])
 7 SYSTEMPATH\Model.php(800): CodeIgniter\BaseModel->insert([...], true)
 8 APPPATH\Controllers\Home.php(332): CodeIgniter\Model->insert([...])
 9 SYSTEMPATH\CodeIgniter.php(933): App\Controllers\Home->addInventory()
10 SYSTEMPATH\CodeIgniter.php(507): CodeIgniter\CodeIgniter->runController(Object(App\Controllers\Home))
11 SYSTEMPATH\CodeIgniter.php(354): CodeIgniter\CodeIgniter->handleRequest(null, Object(Config\Cache), false)
12 SYSTEMPATH\Boot.php(334): CodeIgniter\CodeIgniter->run()
13 SYSTEMPATH\Boot.php(67): CodeIgniter\Boot::runCodeIgniter(Object(CodeIgniter\CodeIgniter))
14 FCPATH\index.php(56): CodeIgniter\Boot::bootWeb(Object(Config\Paths))
